2024-09-17 16:13:45,681 - code_review.logger - INFO - Cloning repository to: code_review/cloned_repos/lyrikplasm_backend
2024-09-17 16:13:45,681 - code_review.logger - INFO - Cloning repository to: code_review/cloned_repos/lyrikplasm_backend
2024-09-17 16:13:45,681 - code_review.logger - INFO - Cloning repository to: code_review/cloned_repos/lyrikplasm_backend
2024-09-17 16:13:47,049 - code_review.logger - INFO - Cloning repository to: code_review/cloned_repos/wordy
2024-09-17 16:13:47,049 - code_review.logger - INFO - Cloning repository to: code_review/cloned_repos/wordy
2024-09-17 16:13:47,049 - code_review.logger - INFO - Cloning repository to: code_review/cloned_repos/wordy
2024-09-17 16:13:48,081 - code_review.logger - INFO - Cloning repository to: code_review/cloned_repos/yantra-frontend
2024-09-17 16:13:48,081 - code_review.logger - INFO - Cloning repository to: code_review/cloned_repos/yantra-frontend
2024-09-17 16:13:48,081 - code_review.logger - INFO - Cloning repository to: code_review/cloned_repos/yantra-frontend
2024-09-17 16:13:54,189 - code_review.logger - INFO - Skipping file with unknown language: code_review/cloned_repos/lyrikplasm_backend/.gitignore
2024-09-17 16:13:54,189 - code_review.logger - INFO - Skipping file with unknown language: code_review/cloned_repos/lyrikplasm_backend/.gitignore
2024-09-17 16:13:54,189 - code_review.logger - INFO - Skipping file with unknown language: code_review/cloned_repos/lyrikplasm_backend/.gitignore
2024-09-17 16:13:54,284 - code_review.logger - INFO - Skipping file with unknown language: code_review/cloned_repos/lyrikplasm_backend/utils/email_templates/forgotPassword.handlebars
2024-09-17 16:13:54,284 - code_review.logger - INFO - Skipping file with unknown language: code_review/cloned_repos/lyrikplasm_backend/utils/email_templates/forgotPassword.handlebars
2024-09-17 16:13:54,284 - code_review.logger - INFO - Skipping file with unknown language: code_review/cloned_repos/lyrikplasm_backend/utils/email_templates/forgotPassword.handlebars
2024-09-17 16:13:54,288 - code_review.logger - INFO - Skipping file with unknown language: code_review/cloned_repos/lyrikplasm_backend/chunk_data/.._code_review_cloned_repos_lyrikplasm_backend_utils_joiValidators_songValidator.js_chunks.txt
2024-09-17 16:13:54,288 - code_review.logger - INFO - Skipping file with unknown language: code_review/cloned_repos/lyrikplasm_backend/chunk_data/.._code_review_cloned_repos_lyrikplasm_backend_utils_joiValidators_songValidator.js_chunks.txt
2024-09-17 16:13:54,288 - code_review.logger - INFO - Skipping file with unknown language: code_review/cloned_repos/lyrikplasm_backend/chunk_data/.._code_review_cloned_repos_lyrikplasm_backend_utils_joiValidators_songValidator.js_chunks.txt
2024-09-17 16:13:54,288 - code_review.logger - INFO - Skipping file with unknown language: code_review/cloned_repos/lyrikplasm_backend/chunk_data/.._code_review_cloned_repos_lyrikplasm_backend_utils_joiValidators_userValidator.js_chunks.txt
2024-09-17 16:13:54,288 - code_review.logger - INFO - Skipping file with unknown language: code_review/cloned_repos/lyrikplasm_backend/chunk_data/.._code_review_cloned_repos_lyrikplasm_backend_utils_joiValidators_userValidator.js_chunks.txt
2024-09-17 16:13:54,288 - code_review.logger - INFO - Skipping file with unknown language: code_review/cloned_repos/lyrikplasm_backend/chunk_data/.._code_review_cloned_repos_lyrikplasm_backend_utils_joiValidators_userValidator.js_chunks.txt
2024-09-17 16:13:54,288 - code_review.logger - INFO - Skipping file with unknown language: code_review/cloned_repos/lyrikplasm_backend/chunk_data/.._code_review_cloned_repos_lyrikplasm_backend_routers_userRouter.js_chunks.txt
2024-09-17 16:13:54,288 - code_review.logger - INFO - Skipping file with unknown language: code_review/cloned_repos/lyrikplasm_backend/chunk_data/.._code_review_cloned_repos_lyrikplasm_backend_routers_userRouter.js_chunks.txt
2024-09-17 16:13:54,288 - code_review.logger - INFO - Skipping file with unknown language: code_review/cloned_repos/lyrikplasm_backend/chunk_data/.._code_review_cloned_repos_lyrikplasm_backend_routers_userRouter.js_chunks.txt
2024-09-17 16:13:54,288 - code_review.logger - INFO - Skipping file with unknown language: code_review/cloned_repos/lyrikplasm_backend/chunk_data/.._code_review_cloned_repos_lyrikplasm_backend_managers_catchAsync.js_chunks.txt
2024-09-17 16:13:54,288 - code_review.logger - INFO - Skipping file with unknown language: code_review/cloned_repos/lyrikplasm_backend/chunk_data/.._code_review_cloned_repos_lyrikplasm_backend_managers_catchAsync.js_chunks.txt
2024-09-17 16:13:54,288 - code_review.logger - INFO - Skipping file with unknown language: code_review/cloned_repos/lyrikplasm_backend/chunk_data/.._code_review_cloned_repos_lyrikplasm_backend_managers_catchAsync.js_chunks.txt
2024-09-17 16:13:54,288 - code_review.logger - INFO - Skipping file with unknown language: code_review/cloned_repos/lyrikplasm_backend/chunk_data/.._code_review_cloned_repos_lyrikplasm_backend_utils_parserers_reviewUploadParserer.js_chunks.txt
2024-09-17 16:13:54,288 - code_review.logger - INFO - Skipping file with unknown language: code_review/cloned_repos/lyrikplasm_backend/chunk_data/.._code_review_cloned_repos_lyrikplasm_backend_utils_parserers_reviewUploadParserer.js_chunks.txt
2024-09-17 16:13:54,288 - code_review.logger - INFO - Skipping file with unknown language: code_review/cloned_repos/lyrikplasm_backend/chunk_data/.._code_review_cloned_repos_lyrikplasm_backend_utils_parserers_reviewUploadParserer.js_chunks.txt
2024-09-17 16:13:54,288 - code_review.logger - INFO - Skipping file with unknown language: code_review/cloned_repos/lyrikplasm_backend/chunk_data/.._code_review_cloned_repos_lyrikplasm_backend_utils_multerConfigs_multerFilter.js_chunks.txt
2024-09-17 16:13:54,288 - code_review.logger - INFO - Skipping file with unknown language: code_review/cloned_repos/lyrikplasm_backend/chunk_data/.._code_review_cloned_repos_lyrikplasm_backend_utils_multerConfigs_multerFilter.js_chunks.txt
2024-09-17 16:13:54,288 - code_review.logger - INFO - Skipping file with unknown language: code_review/cloned_repos/lyrikplasm_backend/chunk_data/.._code_review_cloned_repos_lyrikplasm_backend_utils_multerConfigs_multerFilter.js_chunks.txt
2024-09-17 16:13:54,288 - code_review.logger - INFO - Skipping file with unknown language: code_review/cloned_repos/lyrikplasm_backend/chunk_data/.._code_review_cloned_repos_lyrikplasm_backend_constants.js_chunks.txt
2024-09-17 16:13:54,288 - code_review.logger - INFO - Skipping file with unknown language: code_review/cloned_repos/lyrikplasm_backend/chunk_data/.._code_review_cloned_repos_lyrikplasm_backend_constants.js_chunks.txt
2024-09-17 16:13:54,288 - code_review.logger - INFO - Skipping file with unknown language: code_review/cloned_repos/lyrikplasm_backend/chunk_data/.._code_review_cloned_repos_lyrikplasm_backend_constants.js_chunks.txt
2024-09-17 16:13:54,288 - code_review.logger - INFO - Skipping file with unknown language: code_review/cloned_repos/lyrikplasm_backend/chunk_data/.._code_review_cloned_repos_lyrikplasm_backend_utils_uploadPic.js_chunks.txt
2024-09-17 16:13:54,288 - code_review.logger - INFO - Skipping file with unknown language: code_review/cloned_repos/lyrikplasm_backend/chunk_data/.._code_review_cloned_repos_lyrikplasm_backend_utils_uploadPic.js_chunks.txt
2024-09-17 16:13:54,288 - code_review.logger - INFO - Skipping file with unknown language: code_review/cloned_repos/lyrikplasm_backend/chunk_data/.._code_review_cloned_repos_lyrikplasm_backend_utils_uploadPic.js_chunks.txt
2024-09-17 16:13:54,288 - code_review.logger - INFO - Skipping file with unknown language: code_review/cloned_repos/lyrikplasm_backend/chunk_data/.._code_review_cloned_repos_lyrikplasm_backend_utils_paymentsHandler.js_chunks.txt
2024-09-17 16:13:54,288 - code_review.logger - INFO - Skipping file with unknown language: code_review/cloned_repos/lyrikplasm_backend/chunk_data/.._code_review_cloned_repos_lyrikplasm_backend_utils_paymentsHandler.js_chunks.txt
2024-09-17 16:13:54,288 - code_review.logger - INFO - Skipping file with unknown language: code_review/cloned_repos/lyrikplasm_backend/chunk_data/.._code_review_cloned_repos_lyrikplasm_backend_utils_paymentsHandler.js_chunks.txt
2024-09-17 16:13:54,288 - code_review.logger - INFO - Skipping file with unknown language: code_review/cloned_repos/lyrikplasm_backend/chunk_data/.._code_review_cloned_repos_lyrikplasm_backend_managers_DB.js_chunks.txt
2024-09-17 16:13:54,288 - code_review.logger - INFO - Skipping file with unknown language: code_review/cloned_repos/lyrikplasm_backend/chunk_data/.._code_review_cloned_repos_lyrikplasm_backend_managers_DB.js_chunks.txt
2024-09-17 16:13:54,288 - code_review.logger - INFO - Skipping file with unknown language: code_review/cloned_repos/lyrikplasm_backend/chunk_data/.._code_review_cloned_repos_lyrikplasm_backend_managers_DB.js_chunks.txt
2024-09-17 16:13:54,288 - code_review.logger - INFO - Skipping file with unknown language: code_review/cloned_repos/lyrikplasm_backend/chunk_data/.._code_review_cloned_repos_lyrikplasm_backend_package-lock.json_chunks.txt
2024-09-17 16:13:54,288 - code_review.logger - INFO - Skipping file with unknown language: code_review/cloned_repos/lyrikplasm_backend/chunk_data/.._code_review_cloned_repos_lyrikplasm_backend_package-lock.json_chunks.txt
2024-09-17 16:13:54,288 - code_review.logger - INFO - Skipping file with unknown language: code_review/cloned_repos/lyrikplasm_backend/chunk_data/.._code_review_cloned_repos_lyrikplasm_backend_package-lock.json_chunks.txt
2024-09-17 16:13:54,289 - code_review.logger - INFO - Skipping file with unknown language: code_review/cloned_repos/lyrikplasm_backend/chunk_data/.._code_review_cloned_repos_lyrikplasm_backend_utils_joiValidators_reviewValidator.js_chunks.txt
2024-09-17 16:13:54,289 - code_review.logger - INFO - Skipping file with unknown language: code_review/cloned_repos/lyrikplasm_backend/chunk_data/.._code_review_cloned_repos_lyrikplasm_backend_utils_joiValidators_reviewValidator.js_chunks.txt
2024-09-17 16:13:54,289 - code_review.logger - INFO - Skipping file with unknown language: code_review/cloned_repos/lyrikplasm_backend/chunk_data/.._code_review_cloned_repos_lyrikplasm_backend_utils_joiValidators_reviewValidator.js_chunks.txt
2024-09-17 16:13:54,289 - code_review.logger - INFO - Skipping file with unknown language: code_review/cloned_repos/lyrikplasm_backend/chunk_data/.._code_review_cloned_repos_lyrikplasm_backend_package.json_chunks.txt
2024-09-17 16:13:54,289 - code_review.logger - INFO - Skipping file with unknown language: code_review/cloned_repos/lyrikplasm_backend/chunk_data/.._code_review_cloned_repos_lyrikplasm_backend_package.json_chunks.txt
2024-09-17 16:13:54,289 - code_review.logger - INFO - Skipping file with unknown language: code_review/cloned_repos/lyrikplasm_backend/chunk_data/.._code_review_cloned_repos_lyrikplasm_backend_package.json_chunks.txt
2024-09-17 16:13:54,289 - code_review.logger - INFO - Skipping file with unknown language: code_review/cloned_repos/lyrikplasm_backend/chunk_data/.._code_review_cloned_repos_lyrikplasm_backend_app.js_chunks.txt
2024-09-17 16:13:54,289 - code_review.logger - INFO - Skipping file with unknown language: code_review/cloned_repos/lyrikplasm_backend/chunk_data/.._code_review_cloned_repos_lyrikplasm_backend_app.js_chunks.txt
2024-09-17 16:13:54,289 - code_review.logger - INFO - Skipping file with unknown language: code_review/cloned_repos/lyrikplasm_backend/chunk_data/.._code_review_cloned_repos_lyrikplasm_backend_app.js_chunks.txt
2024-09-17 16:13:54,289 - code_review.logger - INFO - Skipping file with unknown language: code_review/cloned_repos/lyrikplasm_backend/chunk_data/.._code_review_cloned_repos_lyrikplasm_backend_utils_resizePic.js_chunks.txt
2024-09-17 16:13:54,289 - code_review.logger - INFO - Skipping file with unknown language: code_review/cloned_repos/lyrikplasm_backend/chunk_data/.._code_review_cloned_repos_lyrikplasm_backend_utils_resizePic.js_chunks.txt
2024-09-17 16:13:54,289 - code_review.logger - INFO - Skipping file with unknown language: code_review/cloned_repos/lyrikplasm_backend/chunk_data/.._code_review_cloned_repos_lyrikplasm_backend_utils_resizePic.js_chunks.txt
2024-09-17 16:13:54,289 - code_review.logger - INFO - Skipping file with unknown language: code_review/cloned_repos/lyrikplasm_backend/chunk_data/.._code_review_cloned_repos_lyrikplasm_backend_managers_AppError.js_chunks.txt
2024-09-17 16:13:54,289 - code_review.logger - INFO - Skipping file with unknown language: code_review/cloned_repos/lyrikplasm_backend/chunk_data/.._code_review_cloned_repos_lyrikplasm_backend_managers_AppError.js_chunks.txt
2024-09-17 16:13:54,289 - code_review.logger - INFO - Skipping file with unknown language: code_review/cloned_repos/lyrikplasm_backend/chunk_data/.._code_review_cloned_repos_lyrikplasm_backend_managers_AppError.js_chunks.txt
2024-09-17 16:13:54,289 - code_review.logger - INFO - Skipping file with unknown language: code_review/cloned_repos/lyrikplasm_backend/chunk_data/.._code_review_cloned_repos_lyrikplasm_backend_utils_HandlerFactory.js_chunks.txt
2024-09-17 16:13:54,289 - code_review.logger - INFO - Skipping file with unknown language: code_review/cloned_repos/lyrikplasm_backend/chunk_data/.._code_review_cloned_repos_lyrikplasm_backend_utils_HandlerFactory.js_chunks.txt
2024-09-17 16:13:54,289 - code_review.logger - INFO - Skipping file with unknown language: code_review/cloned_repos/lyrikplasm_backend/chunk_data/.._code_review_cloned_repos_lyrikplasm_backend_utils_HandlerFactory.js_chunks.txt
2024-09-17 16:13:54,289 - code_review.logger - INFO - Skipping file with unknown language: code_review/cloned_repos/lyrikplasm_backend/chunk_data/.._code_review_cloned_repos_lyrikplasm_backend_utils_APIFeatures.js_chunks.txt
2024-09-17 16:13:54,289 - code_review.logger - INFO - Skipping file with unknown language: code_review/cloned_repos/lyrikplasm_backend/chunk_data/.._code_review_cloned_repos_lyrikplasm_backend_utils_APIFeatures.js_chunks.txt
2024-09-17 16:13:54,289 - code_review.logger - INFO - Skipping file with unknown language: code_review/cloned_repos/lyrikplasm_backend/chunk_data/.._code_review_cloned_repos_lyrikplasm_backend_utils_APIFeatures.js_chunks.txt
2024-09-17 16:13:54,289 - code_review.logger - INFO - Skipping file with unknown language: code_review/cloned_repos/lyrikplasm_backend/chunk_data/.._code_review_cloned_repos_lyrikplasm_backend_routers_reviewRouter.js_chunks.txt
2024-09-17 16:13:54,289 - code_review.logger - INFO - Skipping file with unknown language: code_review/cloned_repos/lyrikplasm_backend/chunk_data/.._code_review_cloned_repos_lyrikplasm_backend_routers_reviewRouter.js_chunks.txt
2024-09-17 16:13:54,289 - code_review.logger - INFO - Skipping file with unknown language: code_review/cloned_repos/lyrikplasm_backend/chunk_data/.._code_review_cloned_repos_lyrikplasm_backend_routers_reviewRouter.js_chunks.txt
2024-09-17 16:13:54,289 - code_review.logger - INFO - Skipping file with unknown language: code_review/cloned_repos/lyrikplasm_backend/chunk_data/.._code_review_cloned_repos_lyrikplasm_backend_routers_songRouter.js_chunks.txt
2024-09-17 16:13:54,289 - code_review.logger - INFO - Skipping file with unknown language: code_review/cloned_repos/lyrikplasm_backend/chunk_data/.._code_review_cloned_repos_lyrikplasm_backend_routers_songRouter.js_chunks.txt
2024-09-17 16:13:54,289 - code_review.logger - INFO - Skipping file with unknown language: code_review/cloned_repos/lyrikplasm_backend/chunk_data/.._code_review_cloned_repos_lyrikplasm_backend_routers_songRouter.js_chunks.txt
2024-09-17 16:13:54,289 - code_review.logger - INFO - Skipping file with unknown language: code_review/cloned_repos/lyrikplasm_backend/chunk_data/.._code_review_cloned_repos_lyrikplasm_backend_utils_Email.js_chunks.txt
2024-09-17 16:13:54,289 - code_review.logger - INFO - Skipping file with unknown language: code_review/cloned_repos/lyrikplasm_backend/chunk_data/.._code_review_cloned_repos_lyrikplasm_backend_utils_Email.js_chunks.txt
2024-09-17 16:13:54,289 - code_review.logger - INFO - Skipping file with unknown language: code_review/cloned_repos/lyrikplasm_backend/chunk_data/.._code_review_cloned_repos_lyrikplasm_backend_utils_Email.js_chunks.txt
2024-09-17 16:13:54,289 - code_review.logger - INFO - Skipping file with unknown language: code_review/cloned_repos/lyrikplasm_backend/chunk_data/.._code_review_cloned_repos_lyrikplasm_backend_managers_baseErrorManager.js_chunks.txt
2024-09-17 16:13:54,289 - code_review.logger - INFO - Skipping file with unknown language: code_review/cloned_repos/lyrikplasm_backend/chunk_data/.._code_review_cloned_repos_lyrikplasm_backend_managers_baseErrorManager.js_chunks.txt
2024-09-17 16:13:54,289 - code_review.logger - INFO - Skipping file with unknown language: code_review/cloned_repos/lyrikplasm_backend/chunk_data/.._code_review_cloned_repos_lyrikplasm_backend_managers_baseErrorManager.js_chunks.txt
2024-09-17 16:13:54,289 - code_review.logger - INFO - Skipping file with unknown language: code_review/cloned_repos/lyrikplasm_backend/chunk_data/.._code_review_cloned_repos_lyrikplasm_backend_utils_multerConfigs_multerDiskStorage.js_chunks.txt
2024-09-17 16:13:54,289 - code_review.logger - INFO - Skipping file with unknown language: code_review/cloned_repos/lyrikplasm_backend/chunk_data/.._code_review_cloned_repos_lyrikplasm_backend_utils_multerConfigs_multerDiskStorage.js_chunks.txt
2024-09-17 16:13:54,289 - code_review.logger - INFO - Skipping file with unknown language: code_review/cloned_repos/lyrikplasm_backend/chunk_data/.._code_review_cloned_repos_lyrikplasm_backend_utils_multerConfigs_multerDiskStorage.js_chunks.txt
2024-09-17 16:13:54,289 - code_review.logger - INFO - Skipping file with unknown language: code_review/cloned_repos/lyrikplasm_backend/chunk_data/.._code_review_cloned_repos_lyrikplasm_backend_managers_envHandler.js_chunks.txt
2024-09-17 16:13:54,289 - code_review.logger - INFO - Skipping file with unknown language: code_review/cloned_repos/lyrikplasm_backend/chunk_data/.._code_review_cloned_repos_lyrikplasm_backend_managers_envHandler.js_chunks.txt
2024-09-17 16:13:54,289 - code_review.logger - INFO - Skipping file with unknown language: code_review/cloned_repos/lyrikplasm_backend/chunk_data/.._code_review_cloned_repos_lyrikplasm_backend_managers_envHandler.js_chunks.txt
2024-09-17 16:13:54,289 - code_review.logger - INFO - Skipping file with unknown language: code_review/cloned_repos/lyrikplasm_backend/chunk_data/.._code_review_cloned_repos_lyrikplasm_backend_utils_parserers_songUploadParserer.js_chunks.txt
2024-09-17 16:13:54,289 - code_review.logger - INFO - Skipping file with unknown language: code_review/cloned_repos/lyrikplasm_backend/chunk_data/.._code_review_cloned_repos_lyrikplasm_backend_utils_parserers_songUploadParserer.js_chunks.txt
2024-09-17 16:13:54,289 - code_review.logger - INFO - Skipping file with unknown language: code_review/cloned_repos/lyrikplasm_backend/chunk_data/.._code_review_cloned_repos_lyrikplasm_backend_utils_parserers_songUploadParserer.js_chunks.txt
2024-09-17 16:13:54,292 - code_review.logger - INFO - Skipping file with unknown language: code_review/cloned_repos/lyrikplasm_backend/static/email_template_background.jpg
2024-09-17 16:13:54,292 - code_review.logger - INFO - Skipping file with unknown language: code_review/cloned_repos/lyrikplasm_backend/static/email_template_background.jpg
2024-09-17 16:13:54,292 - code_review.logger - INFO - Skipping file with unknown language: code_review/cloned_repos/lyrikplasm_backend/static/email_template_background.jpg
2024-09-17 16:13:54,296 - code_review.logger - INFO - Skipping file with unknown language: code_review/cloned_repos/wordy/Dockerfile
2024-09-17 16:13:54,296 - code_review.logger - INFO - Skipping file with unknown language: code_review/cloned_repos/wordy/Dockerfile
2024-09-17 16:13:54,296 - code_review.logger - INFO - Skipping file with unknown language: code_review/cloned_repos/wordy/Dockerfile
2024-09-17 16:13:54,297 - code_review.logger - INFO - Skipping file with unknown language: code_review/cloned_repos/wordy/.gitignore
2024-09-17 16:13:54,297 - code_review.logger - INFO - Skipping file with unknown language: code_review/cloned_repos/wordy/.gitignore
2024-09-17 16:13:54,297 - code_review.logger - INFO - Skipping file with unknown language: code_review/cloned_repos/wordy/.gitignore
2024-09-17 16:13:54,460 - code_review.logger - INFO - Skipping file with unknown language: code_review/cloned_repos/wordy/.prettierrc
2024-09-17 16:13:54,460 - code_review.logger - INFO - Skipping file with unknown language: code_review/cloned_repos/wordy/.prettierrc
2024-09-17 16:13:54,460 - code_review.logger - INFO - Skipping file with unknown language: code_review/cloned_repos/wordy/.prettierrc
2024-09-17 16:13:54,460 - code_review.logger - INFO - Skipping file with unknown language: code_review/cloned_repos/wordy/docker-compose.yml
2024-09-17 16:13:54,460 - code_review.logger - INFO - Skipping file with unknown language: code_review/cloned_repos/wordy/docker-compose.yml
2024-09-17 16:13:54,460 - code_review.logger - INFO - Skipping file with unknown language: code_review/cloned_repos/wordy/docker-compose.yml
2024-09-17 16:13:54,461 - code_review.logger - INFO - Skipping file with unknown language: code_review/cloned_repos/wordy/chunk_data/.._code_review_cloned_repos_wordy_tsconfig.json_chunks.txt
2024-09-17 16:13:54,461 - code_review.logger - INFO - Skipping file with unknown language: code_review/cloned_repos/wordy/chunk_data/.._code_review_cloned_repos_wordy_tsconfig.json_chunks.txt
2024-09-17 16:13:54,461 - code_review.logger - INFO - Skipping file with unknown language: code_review/cloned_repos/wordy/chunk_data/.._code_review_cloned_repos_wordy_tsconfig.json_chunks.txt
2024-09-17 16:13:54,461 - code_review.logger - INFO - Skipping file with unknown language: code_review/cloned_repos/wordy/chunk_data/.._code_review_cloned_repos_wordy_next.config.js_chunks.txt
2024-09-17 16:13:54,461 - code_review.logger - INFO - Skipping file with unknown language: code_review/cloned_repos/wordy/chunk_data/.._code_review_cloned_repos_wordy_next.config.js_chunks.txt
2024-09-17 16:13:54,461 - code_review.logger - INFO - Skipping file with unknown language: code_review/cloned_repos/wordy/chunk_data/.._code_review_cloned_repos_wordy_next.config.js_chunks.txt
2024-09-17 16:13:54,461 - code_review.logger - INFO - Skipping file with unknown language: code_review/cloned_repos/wordy/chunk_data/.._code_review_cloned_repos_wordy_.eslintrc.json_chunks.txt
2024-09-17 16:13:54,461 - code_review.logger - INFO - Skipping file with unknown language: code_review/cloned_repos/wordy/chunk_data/.._code_review_cloned_repos_wordy_.eslintrc.json_chunks.txt
2024-09-17 16:13:54,461 - code_review.logger - INFO - Skipping file with unknown language: code_review/cloned_repos/wordy/chunk_data/.._code_review_cloned_repos_wordy_.eslintrc.json_chunks.txt
2024-09-17 16:13:54,461 - code_review.logger - INFO - Skipping file with unknown language: code_review/cloned_repos/wordy/chunk_data/.._code_review_cloned_repos_wordy_package-lock.json_chunks.txt
2024-09-17 16:13:54,461 - code_review.logger - INFO - Skipping file with unknown language: code_review/cloned_repos/wordy/chunk_data/.._code_review_cloned_repos_wordy_package-lock.json_chunks.txt
2024-09-17 16:13:54,461 - code_review.logger - INFO - Skipping file with unknown language: code_review/cloned_repos/wordy/chunk_data/.._code_review_cloned_repos_wordy_package-lock.json_chunks.txt
2024-09-17 16:13:54,461 - code_review.logger - INFO - Skipping file with unknown language: code_review/cloned_repos/wordy/chunk_data/.._code_review_cloned_repos_wordy_README.md_chunks.txt
2024-09-17 16:13:54,461 - code_review.logger - INFO - Skipping file with unknown language: code_review/cloned_repos/wordy/chunk_data/.._code_review_cloned_repos_wordy_README.md_chunks.txt
2024-09-17 16:13:54,461 - code_review.logger - INFO - Skipping file with unknown language: code_review/cloned_repos/wordy/chunk_data/.._code_review_cloned_repos_wordy_README.md_chunks.txt
2024-09-17 16:13:54,461 - code_review.logger - INFO - Skipping file with unknown language: code_review/cloned_repos/wordy/chunk_data/.._code_review_cloned_repos_wordy_package.json_chunks.txt
2024-09-17 16:13:54,461 - code_review.logger - INFO - Skipping file with unknown language: code_review/cloned_repos/wordy/chunk_data/.._code_review_cloned_repos_wordy_package.json_chunks.txt
2024-09-17 16:13:54,461 - code_review.logger - INFO - Skipping file with unknown language: code_review/cloned_repos/wordy/chunk_data/.._code_review_cloned_repos_wordy_package.json_chunks.txt
2024-09-17 16:13:54,461 - code_review.logger - INFO - Skipping file with unknown language: code_review/cloned_repos/wordy/public/favicon.ico
2024-09-17 16:13:54,461 - code_review.logger - INFO - Skipping file with unknown language: code_review/cloned_repos/wordy/public/favicon.ico
2024-09-17 16:13:54,461 - code_review.logger - INFO - Skipping file with unknown language: code_review/cloned_repos/wordy/public/favicon.ico
2024-09-17 16:13:54,461 - code_review.logger - INFO - Skipping file with unknown language: code_review/cloned_repos/wordy/public/thirteen.svg
2024-09-17 16:13:54,461 - code_review.logger - INFO - Skipping file with unknown language: code_review/cloned_repos/wordy/public/thirteen.svg
2024-09-17 16:13:54,461 - code_review.logger - INFO - Skipping file with unknown language: code_review/cloned_repos/wordy/public/thirteen.svg
2024-09-17 16:13:54,461 - code_review.logger - INFO - Skipping file with unknown language: code_review/cloned_repos/wordy/public/vercel.svg
2024-09-17 16:13:54,461 - code_review.logger - INFO - Skipping file with unknown language: code_review/cloned_repos/wordy/public/vercel.svg
2024-09-17 16:13:54,461 - code_review.logger - INFO - Skipping file with unknown language: code_review/cloned_repos/wordy/public/vercel.svg
2024-09-17 16:13:54,461 - code_review.logger - INFO - Skipping file with unknown language: code_review/cloned_repos/wordy/public/next.svg
2024-09-17 16:13:54,461 - code_review.logger - INFO - Skipping file with unknown language: code_review/cloned_repos/wordy/public/next.svg
2024-09-17 16:13:54,461 - code_review.logger - INFO - Skipping file with unknown language: code_review/cloned_repos/wordy/public/next.svg
2024-09-17 16:13:54,467 - code_review.logger - INFO - Skipping file with unknown language: code_review/cloned_repos/wordy/src/components/navbar.tsx
2024-09-17 16:13:54,467 - code_review.logger - INFO - Skipping file with unknown language: code_review/cloned_repos/wordy/src/components/navbar.tsx
2024-09-17 16:13:54,467 - code_review.logger - INFO - Skipping file with unknown language: code_review/cloned_repos/wordy/src/components/navbar.tsx
2024-09-17 16:13:54,467 - code_review.logger - INFO - Skipping file with unknown language: code_review/cloned_repos/wordy/src/components/flashcard.tsx
2024-09-17 16:13:54,467 - code_review.logger - INFO - Skipping file with unknown language: code_review/cloned_repos/wordy/src/components/flashcard.tsx
2024-09-17 16:13:54,467 - code_review.logger - INFO - Skipping file with unknown language: code_review/cloned_repos/wordy/src/components/flashcard.tsx
2024-09-17 16:13:54,467 - code_review.logger - INFO - Skipping file with unknown language: code_review/cloned_repos/wordy/src/components/add_word.tsx
2024-09-17 16:13:54,467 - code_review.logger - INFO - Skipping file with unknown language: code_review/cloned_repos/wordy/src/components/add_word.tsx
2024-09-17 16:13:54,467 - code_review.logger - INFO - Skipping file with unknown language: code_review/cloned_repos/wordy/src/components/add_word.tsx
2024-09-17 16:13:54,467 - code_review.logger - INFO - Skipping file with unknown language: code_review/cloned_repos/wordy/src/components/word.tsx
2024-09-17 16:13:54,467 - code_review.logger - INFO - Skipping file with unknown language: code_review/cloned_repos/wordy/src/components/word.tsx
2024-09-17 16:13:54,467 - code_review.logger - INFO - Skipping file with unknown language: code_review/cloned_repos/wordy/src/components/word.tsx
2024-09-17 16:13:54,467 - code_review.logger - INFO - Skipping file with unknown language: code_review/cloned_repos/wordy/src/components/quiz_results.tsx
2024-09-17 16:13:54,467 - code_review.logger - INFO - Skipping file with unknown language: code_review/cloned_repos/wordy/src/components/quiz_results.tsx
2024-09-17 16:13:54,467 - code_review.logger - INFO - Skipping file with unknown language: code_review/cloned_repos/wordy/src/components/quiz_results.tsx
2024-09-17 16:13:54,467 - code_review.logger - INFO - Skipping file with unknown language: code_review/cloned_repos/wordy/src/components/quiz.tsx
2024-09-17 16:13:54,467 - code_review.logger - INFO - Skipping file with unknown language: code_review/cloned_repos/wordy/src/components/quiz.tsx
2024-09-17 16:13:54,467 - code_review.logger - INFO - Skipping file with unknown language: code_review/cloned_repos/wordy/src/components/quiz.tsx
2024-09-17 16:13:54,467 - code_review.logger - INFO - Skipping file with unknown language: code_review/cloned_repos/wordy/src/components/add_words_bulk.tsx
2024-09-17 16:13:54,467 - code_review.logger - INFO - Skipping file with unknown language: code_review/cloned_repos/wordy/src/components/add_words_bulk.tsx
2024-09-17 16:13:54,467 - code_review.logger - INFO - Skipping file with unknown language: code_review/cloned_repos/wordy/src/components/add_words_bulk.tsx
2024-09-17 16:13:54,467 - code_review.logger - INFO - Skipping file with unknown language: code_review/cloned_repos/wordy/src/pages/index.tsx
2024-09-17 16:13:54,467 - code_review.logger - INFO - Skipping file with unknown language: code_review/cloned_repos/wordy/src/pages/index.tsx
2024-09-17 16:13:54,467 - code_review.logger - INFO - Skipping file with unknown language: code_review/cloned_repos/wordy/src/pages/index.tsx
2024-09-17 16:13:54,467 - code_review.logger - INFO - Skipping file with unknown language: code_review/cloned_repos/wordy/src/pages/flashcards.tsx
2024-09-17 16:13:54,467 - code_review.logger - INFO - Skipping file with unknown language: code_review/cloned_repos/wordy/src/pages/flashcards.tsx
2024-09-17 16:13:54,467 - code_review.logger - INFO - Skipping file with unknown language: code_review/cloned_repos/wordy/src/pages/flashcards.tsx
2024-09-17 16:13:54,467 - code_review.logger - INFO - Skipping file with unknown language: code_review/cloned_repos/wordy/src/pages/scores.tsx
2024-09-17 16:13:54,467 - code_review.logger - INFO - Skipping file with unknown language: code_review/cloned_repos/wordy/src/pages/scores.tsx
2024-09-17 16:13:54,467 - code_review.logger - INFO - Skipping file with unknown language: code_review/cloned_repos/wordy/src/pages/scores.tsx
2024-09-17 16:13:54,467 - code_review.logger - INFO - Skipping file with unknown language: code_review/cloned_repos/wordy/src/pages/_document.tsx
2024-09-17 16:13:54,467 - code_review.logger - INFO - Skipping file with unknown language: code_review/cloned_repos/wordy/src/pages/_document.tsx
2024-09-17 16:13:54,467 - code_review.logger - INFO - Skipping file with unknown language: code_review/cloned_repos/wordy/src/pages/_document.tsx
2024-09-17 16:13:54,467 - code_review.logger - INFO - Skipping file with unknown language: code_review/cloned_repos/wordy/src/pages/words.tsx
2024-09-17 16:13:54,467 - code_review.logger - INFO - Skipping file with unknown language: code_review/cloned_repos/wordy/src/pages/words.tsx
2024-09-17 16:13:54,467 - code_review.logger - INFO - Skipping file with unknown language: code_review/cloned_repos/wordy/src/pages/words.tsx
2024-09-17 16:13:54,467 - code_review.logger - INFO - Skipping file with unknown language: code_review/cloned_repos/wordy/src/pages/quiz.tsx
2024-09-17 16:13:54,467 - code_review.logger - INFO - Skipping file with unknown language: code_review/cloned_repos/wordy/src/pages/quiz.tsx
2024-09-17 16:13:54,467 - code_review.logger - INFO - Skipping file with unknown language: code_review/cloned_repos/wordy/src/pages/quiz.tsx
2024-09-17 16:13:54,467 - code_review.logger - INFO - Skipping file with unknown language: code_review/cloned_repos/wordy/src/pages/_app.tsx
2024-09-17 16:13:54,467 - code_review.logger - INFO - Skipping file with unknown language: code_review/cloned_repos/wordy/src/pages/_app.tsx
2024-09-17 16:13:54,467 - code_review.logger - INFO - Skipping file with unknown language: code_review/cloned_repos/wordy/src/pages/_app.tsx
2024-09-17 16:13:54,475 - code_review.logger - INFO - Skipping file with unknown language: code_review/cloned_repos/yantra-frontend/.gitignore
2024-09-17 16:13:54,475 - code_review.logger - INFO - Skipping file with unknown language: code_review/cloned_repos/yantra-frontend/.gitignore
2024-09-17 16:13:54,475 - code_review.logger - INFO - Skipping file with unknown language: code_review/cloned_repos/yantra-frontend/.gitignore
2024-09-17 16:13:54,596 - code_review.logger - INFO - Skipping file with unknown language: code_review/cloned_repos/yantra-frontend/chunk_data/.._code_review_cloned_repos_yantra-frontend_.eslintrc.json_chunks.txt
2024-09-17 16:13:54,596 - code_review.logger - INFO - Skipping file with unknown language: code_review/cloned_repos/yantra-frontend/chunk_data/.._code_review_cloned_repos_yantra-frontend_.eslintrc.json_chunks.txt
2024-09-17 16:13:54,596 - code_review.logger - INFO - Skipping file with unknown language: code_review/cloned_repos/yantra-frontend/chunk_data/.._code_review_cloned_repos_yantra-frontend_.eslintrc.json_chunks.txt
2024-09-17 16:13:54,596 - code_review.logger - INFO - Skipping file with unknown language: code_review/cloned_repos/yantra-frontend/chunk_data/.._code_review_cloned_repos_yantra-frontend_package.json_chunks.txt
2024-09-17 16:13:54,596 - code_review.logger - INFO - Skipping file with unknown language: code_review/cloned_repos/yantra-frontend/chunk_data/.._code_review_cloned_repos_yantra-frontend_package.json_chunks.txt
2024-09-17 16:13:54,596 - code_review.logger - INFO - Skipping file with unknown language: code_review/cloned_repos/yantra-frontend/chunk_data/.._code_review_cloned_repos_yantra-frontend_package.json_chunks.txt
2024-09-17 16:13:54,596 - code_review.logger - INFO - Skipping file with unknown language: code_review/cloned_repos/yantra-frontend/chunk_data/.._code_review_cloned_repos_yantra-frontend_tsconfig.json_chunks.txt
2024-09-17 16:13:54,596 - code_review.logger - INFO - Skipping file with unknown language: code_review/cloned_repos/yantra-frontend/chunk_data/.._code_review_cloned_repos_yantra-frontend_tsconfig.json_chunks.txt
2024-09-17 16:13:54,596 - code_review.logger - INFO - Skipping file with unknown language: code_review/cloned_repos/yantra-frontend/chunk_data/.._code_review_cloned_repos_yantra-frontend_tsconfig.json_chunks.txt
2024-09-17 16:13:54,596 - code_review.logger - INFO - Skipping file with unknown language: code_review/cloned_repos/yantra-frontend/chunk_data/.._code_review_cloned_repos_yantra-frontend_package-lock.json_chunks.txt
2024-09-17 16:13:54,596 - code_review.logger - INFO - Skipping file with unknown language: code_review/cloned_repos/yantra-frontend/chunk_data/.._code_review_cloned_repos_yantra-frontend_package-lock.json_chunks.txt
2024-09-17 16:13:54,596 - code_review.logger - INFO - Skipping file with unknown language: code_review/cloned_repos/yantra-frontend/chunk_data/.._code_review_cloned_repos_yantra-frontend_package-lock.json_chunks.txt
2024-09-17 16:13:54,596 - code_review.logger - INFO - Skipping file with unknown language: code_review/cloned_repos/yantra-frontend/chunk_data/.._code_review_cloned_repos_yantra-frontend_README.md_chunks.txt
2024-09-17 16:13:54,596 - code_review.logger - INFO - Skipping file with unknown language: code_review/cloned_repos/yantra-frontend/chunk_data/.._code_review_cloned_repos_yantra-frontend_README.md_chunks.txt
2024-09-17 16:13:54,596 - code_review.logger - INFO - Skipping file with unknown language: code_review/cloned_repos/yantra-frontend/chunk_data/.._code_review_cloned_repos_yantra-frontend_README.md_chunks.txt
2024-09-17 16:13:54,596 - code_review.logger - INFO - Skipping file with unknown language: code_review/cloned_repos/yantra-frontend/chunk_data/.._code_review_cloned_repos_yantra-frontend_postcss.config.js_chunks.txt
2024-09-17 16:13:54,596 - code_review.logger - INFO - Skipping file with unknown language: code_review/cloned_repos/yantra-frontend/chunk_data/.._code_review_cloned_repos_yantra-frontend_postcss.config.js_chunks.txt
2024-09-17 16:13:54,596 - code_review.logger - INFO - Skipping file with unknown language: code_review/cloned_repos/yantra-frontend/chunk_data/.._code_review_cloned_repos_yantra-frontend_postcss.config.js_chunks.txt
2024-09-17 16:13:54,596 - code_review.logger - INFO - Skipping file with unknown language: code_review/cloned_repos/yantra-frontend/chunk_data/.._code_review_cloned_repos_yantra-frontend_tailwind.config.js_chunks.txt
2024-09-17 16:13:54,596 - code_review.logger - INFO - Skipping file with unknown language: code_review/cloned_repos/yantra-frontend/chunk_data/.._code_review_cloned_repos_yantra-frontend_tailwind.config.js_chunks.txt
2024-09-17 16:13:54,596 - code_review.logger - INFO - Skipping file with unknown language: code_review/cloned_repos/yantra-frontend/chunk_data/.._code_review_cloned_repos_yantra-frontend_tailwind.config.js_chunks.txt
2024-09-17 16:13:54,596 - code_review.logger - INFO - Skipping file with unknown language: code_review/cloned_repos/yantra-frontend/chunk_data/.._code_review_cloned_repos_yantra-frontend_next.config.js_chunks.txt
2024-09-17 16:13:54,596 - code_review.logger - INFO - Skipping file with unknown language: code_review/cloned_repos/yantra-frontend/chunk_data/.._code_review_cloned_repos_yantra-frontend_next.config.js_chunks.txt
2024-09-17 16:13:54,596 - code_review.logger - INFO - Skipping file with unknown language: code_review/cloned_repos/yantra-frontend/chunk_data/.._code_review_cloned_repos_yantra-frontend_next.config.js_chunks.txt
2024-09-17 16:13:54,596 - code_review.logger - INFO - Skipping file with unknown language: code_review/cloned_repos/yantra-frontend/public/threePeople.png
2024-09-17 16:13:54,596 - code_review.logger - INFO - Skipping file with unknown language: code_review/cloned_repos/yantra-frontend/public/threePeople.png
2024-09-17 16:13:54,596 - code_review.logger - INFO - Skipping file with unknown language: code_review/cloned_repos/yantra-frontend/public/threePeople.png
2024-09-17 16:13:54,596 - code_review.logger - INFO - Skipping file with unknown language: code_review/cloned_repos/yantra-frontend/public/favicon.ico
2024-09-17 16:13:54,596 - code_review.logger - INFO - Skipping file with unknown language: code_review/cloned_repos/yantra-frontend/public/favicon.ico
2024-09-17 16:13:54,596 - code_review.logger - INFO - Skipping file with unknown language: code_review/cloned_repos/yantra-frontend/public/favicon.ico
2024-09-17 16:13:54,596 - code_review.logger - INFO - Skipping file with unknown language: code_review/cloned_repos/yantra-frontend/public/samplePhoto.avif
2024-09-17 16:13:54,596 - code_review.logger - INFO - Skipping file with unknown language: code_review/cloned_repos/yantra-frontend/public/samplePhoto.avif
2024-09-17 16:13:54,596 - code_review.logger - INFO - Skipping file with unknown language: code_review/cloned_repos/yantra-frontend/public/samplePhoto.avif
2024-09-17 16:13:54,596 - code_review.logger - INFO - Skipping file with unknown language: code_review/cloned_repos/yantra-frontend/public/singlePerson.svg
2024-09-17 16:13:54,596 - code_review.logger - INFO - Skipping file with unknown language: code_review/cloned_repos/yantra-frontend/public/singlePerson.svg
2024-09-17 16:13:54,596 - code_review.logger - INFO - Skipping file with unknown language: code_review/cloned_repos/yantra-frontend/public/singlePerson.svg
2024-09-17 16:13:54,596 - code_review.logger - INFO - Skipping file with unknown language: code_review/cloned_repos/yantra-frontend/public/SharingPeople.svg
2024-09-17 16:13:54,596 - code_review.logger - INFO - Skipping file with unknown language: code_review/cloned_repos/yantra-frontend/public/SharingPeople.svg
2024-09-17 16:13:54,596 - code_review.logger - INFO - Skipping file with unknown language: code_review/cloned_repos/yantra-frontend/public/SharingPeople.svg
2024-09-17 16:13:54,596 - code_review.logger - INFO - Skipping file with unknown language: code_review/cloned_repos/yantra-frontend/public/thirteen.svg
2024-09-17 16:13:54,596 - code_review.logger - INFO - Skipping file with unknown language: code_review/cloned_repos/yantra-frontend/public/thirteen.svg
2024-09-17 16:13:54,596 - code_review.logger - INFO - Skipping file with unknown language: code_review/cloned_repos/yantra-frontend/public/thirteen.svg
2024-09-17 16:13:54,596 - code_review.logger - INFO - Skipping file with unknown language: code_review/cloned_repos/yantra-frontend/public/peopleBox.png
2024-09-17 16:13:54,596 - code_review.logger - INFO - Skipping file with unknown language: code_review/cloned_repos/yantra-frontend/public/peopleBox.png
2024-09-17 16:13:54,596 - code_review.logger - INFO - Skipping file with unknown language: code_review/cloned_repos/yantra-frontend/public/peopleBox.png
2024-09-17 16:13:54,596 - code_review.logger - INFO - Skipping file with unknown language: code_review/cloned_repos/yantra-frontend/public/threePeople.svg
2024-09-17 16:13:54,596 - code_review.logger - INFO - Skipping file with unknown language: code_review/cloned_repos/yantra-frontend/public/threePeople.svg
2024-09-17 16:13:54,596 - code_review.logger - INFO - Skipping file with unknown language: code_review/cloned_repos/yantra-frontend/public/threePeople.svg
2024-09-17 16:13:54,596 - code_review.logger - INFO - Skipping file with unknown language: code_review/cloned_repos/yantra-frontend/public/Logo.png
2024-09-17 16:13:54,596 - code_review.logger - INFO - Skipping file with unknown language: code_review/cloned_repos/yantra-frontend/public/Logo.png
2024-09-17 16:13:54,596 - code_review.logger - INFO - Skipping file with unknown language: code_review/cloned_repos/yantra-frontend/public/Logo.png
2024-09-17 16:13:54,596 - code_review.logger - INFO - Skipping file with unknown language: code_review/cloned_repos/yantra-frontend/public/vercel.svg
2024-09-17 16:13:54,596 - code_review.logger - INFO - Skipping file with unknown language: code_review/cloned_repos/yantra-frontend/public/vercel.svg
2024-09-17 16:13:54,596 - code_review.logger - INFO - Skipping file with unknown language: code_review/cloned_repos/yantra-frontend/public/vercel.svg
2024-09-17 16:13:54,596 - code_review.logger - INFO - Skipping file with unknown language: code_review/cloned_repos/yantra-frontend/public/next.svg
2024-09-17 16:13:54,596 - code_review.logger - INFO - Skipping file with unknown language: code_review/cloned_repos/yantra-frontend/public/next.svg
2024-09-17 16:13:54,596 - code_review.logger - INFO - Skipping file with unknown language: code_review/cloned_repos/yantra-frontend/public/next.svg
2024-09-17 16:13:54,596 - code_review.logger - INFO - Skipping file with unknown language: code_review/cloned_repos/yantra-frontend/public/SmallLogoBlack.svg
2024-09-17 16:13:54,596 - code_review.logger - INFO - Skipping file with unknown language: code_review/cloned_repos/yantra-frontend/public/SmallLogoBlack.svg
2024-09-17 16:13:54,596 - code_review.logger - INFO - Skipping file with unknown language: code_review/cloned_repos/yantra-frontend/public/SmallLogoBlack.svg
2024-09-17 16:13:54,596 - code_review.logger - INFO - Skipping file with unknown language: code_review/cloned_repos/yantra-frontend/public/LogoBlack.svg
2024-09-17 16:13:54,596 - code_review.logger - INFO - Skipping file with unknown language: code_review/cloned_repos/yantra-frontend/public/LogoBlack.svg
2024-09-17 16:13:54,596 - code_review.logger - INFO - Skipping file with unknown language: code_review/cloned_repos/yantra-frontend/public/LogoBlack.svg
2024-09-17 16:13:54,596 - code_review.logger - INFO - Skipping file with unknown language: code_review/cloned_repos/yantra-frontend/public/singlePersonFlipped.svg
2024-09-17 16:13:54,596 - code_review.logger - INFO - Skipping file with unknown language: code_review/cloned_repos/yantra-frontend/public/singlePersonFlipped.svg
2024-09-17 16:13:54,596 - code_review.logger - INFO - Skipping file with unknown language: code_review/cloned_repos/yantra-frontend/public/singlePersonFlipped.svg
2024-09-17 16:13:54,596 - code_review.logger - INFO - Skipping file with unknown language: code_review/cloned_repos/yantra-frontend/public/Logo.svg
2024-09-17 16:13:54,596 - code_review.logger - INFO - Skipping file with unknown language: code_review/cloned_repos/yantra-frontend/public/Logo.svg
2024-09-17 16:13:54,596 - code_review.logger - INFO - Skipping file with unknown language: code_review/cloned_repos/yantra-frontend/public/Logo.svg
2024-09-17 16:13:54,597 - code_review.logger - INFO - Skipping file with unknown language: code_review/cloned_repos/yantra-frontend/public/svg-icons/LeftPencilStroke.png
2024-09-17 16:13:54,597 - code_review.logger - INFO - Skipping file with unknown language: code_review/cloned_repos/yantra-frontend/public/svg-icons/LeftPencilStroke.png
2024-09-17 16:13:54,597 - code_review.logger - INFO - Skipping file with unknown language: code_review/cloned_repos/yantra-frontend/public/svg-icons/LeftPencilStroke.png
2024-09-17 16:13:54,597 - code_review.logger - INFO - Skipping file with unknown language: code_review/cloned_repos/yantra-frontend/public/svg-icons/sad face.svg
2024-09-17 16:13:54,597 - code_review.logger - INFO - Skipping file with unknown language: code_review/cloned_repos/yantra-frontend/public/svg-icons/sad face.svg
2024-09-17 16:13:54,597 - code_review.logger - INFO - Skipping file with unknown language: code_review/cloned_repos/yantra-frontend/public/svg-icons/sad face.svg
2024-09-17 16:13:54,597 - code_review.logger - INFO - Skipping file with unknown language: code_review/cloned_repos/yantra-frontend/public/svg-icons/content face.svg
2024-09-17 16:13:54,597 - code_review.logger - INFO - Skipping file with unknown language: code_review/cloned_repos/yantra-frontend/public/svg-icons/content face.svg
2024-09-17 16:13:54,597 - code_review.logger - INFO - Skipping file with unknown language: code_review/cloned_repos/yantra-frontend/public/svg-icons/content face.svg
2024-09-17 16:13:54,597 - code_review.logger - INFO - Skipping file with unknown language: code_review/cloned_repos/yantra-frontend/public/svg-icons/angry face.svg
2024-09-17 16:13:54,597 - code_review.logger - INFO - Skipping file with unknown language: code_review/cloned_repos/yantra-frontend/public/svg-icons/angry face.svg
2024-09-17 16:13:54,597 - code_review.logger - INFO - Skipping file with unknown language: code_review/cloned_repos/yantra-frontend/public/svg-icons/angry face.svg
2024-09-17 16:13:54,597 - code_review.logger - INFO - Skipping file with unknown language: code_review/cloned_repos/yantra-frontend/public/svg-icons/happy face.svg
2024-09-17 16:13:54,597 - code_review.logger - INFO - Skipping file with unknown language: code_review/cloned_repos/yantra-frontend/public/svg-icons/happy face.svg
2024-09-17 16:13:54,597 - code_review.logger - INFO - Skipping file with unknown language: code_review/cloned_repos/yantra-frontend/public/svg-icons/happy face.svg
2024-09-17 16:13:54,597 - code_review.logger - INFO - Skipping file with unknown language: code_review/cloned_repos/yantra-frontend/public/svg-icons/RightPencilStroke.png
2024-09-17 16:13:54,597 - code_review.logger - INFO - Skipping file with unknown language: code_review/cloned_repos/yantra-frontend/public/svg-icons/RightPencilStroke.png
2024-09-17 16:13:54,597 - code_review.logger - INFO - Skipping file with unknown language: code_review/cloned_repos/yantra-frontend/public/svg-icons/RightPencilStroke.png
2024-09-17 16:13:54,597 - code_review.logger - INFO - Skipping file with unknown language: code_review/cloned_repos/yantra-frontend/public/svg-icons/meh face.svg
2024-09-17 16:13:54,597 - code_review.logger - INFO - Skipping file with unknown language: code_review/cloned_repos/yantra-frontend/public/svg-icons/meh face.svg
2024-09-17 16:13:54,597 - code_review.logger - INFO - Skipping file with unknown language: code_review/cloned_repos/yantra-frontend/public/svg-icons/meh face.svg
2024-09-17 16:13:54,598 - code_review.logger - INFO - Skipping file with unknown language: code_review/cloned_repos/yantra-frontend/src/wrappers/main.tsx
2024-09-17 16:13:54,598 - code_review.logger - INFO - Skipping file with unknown language: code_review/cloned_repos/yantra-frontend/src/wrappers/main.tsx
2024-09-17 16:13:54,598 - code_review.logger - INFO - Skipping file with unknown language: code_review/cloned_repos/yantra-frontend/src/wrappers/main.tsx
2024-09-17 16:13:54,598 - code_review.logger - INFO - Skipping file with unknown language: code_review/cloned_repos/yantra-frontend/src/sections/Groups/newGroup.tsx
2024-09-17 16:13:54,598 - code_review.logger - INFO - Skipping file with unknown language: code_review/cloned_repos/yantra-frontend/src/sections/Groups/newGroup.tsx
2024-09-17 16:13:54,598 - code_review.logger - INFO - Skipping file with unknown language: code_review/cloned_repos/yantra-frontend/src/sections/Groups/newGroup.tsx
2024-09-17 16:13:54,598 - code_review.logger - INFO - Skipping file with unknown language: code_review/cloned_repos/yantra-frontend/src/sections/Events/new_event.tsx
2024-09-17 16:13:54,598 - code_review.logger - INFO - Skipping file with unknown language: code_review/cloned_repos/yantra-frontend/src/sections/Events/new_event.tsx
2024-09-17 16:13:54,598 - code_review.logger - INFO - Skipping file with unknown language: code_review/cloned_repos/yantra-frontend/src/sections/Events/new_event.tsx
2024-09-17 16:13:54,598 - code_review.logger - INFO - Skipping file with unknown language: code_review/cloned_repos/yantra-frontend/src/sections/Events/edit_event.tsx
2024-09-17 16:13:54,598 - code_review.logger - INFO - Skipping file with unknown language: code_review/cloned_repos/yantra-frontend/src/sections/Events/edit_event.tsx
2024-09-17 16:13:54,598 - code_review.logger - INFO - Skipping file with unknown language: code_review/cloned_repos/yantra-frontend/src/sections/Events/edit_event.tsx
2024-09-17 16:13:54,606 - code_review.logger - INFO - Skipping file with unknown language: code_review/cloned_repos/yantra-frontend/src/config/cookies.tsx
2024-09-17 16:13:54,606 - code_review.logger - INFO - Skipping file with unknown language: code_review/cloned_repos/yantra-frontend/src/config/cookies.tsx
2024-09-17 16:13:54,606 - code_review.logger - INFO - Skipping file with unknown language: code_review/cloned_repos/yantra-frontend/src/config/cookies.tsx
2024-09-17 16:13:54,618 - code_review.logger - INFO - Skipping file with unknown language: code_review/cloned_repos/yantra-frontend/src/utils/render_content_with_links.tsx
2024-09-17 16:13:54,618 - code_review.logger - INFO - Skipping file with unknown language: code_review/cloned_repos/yantra-frontend/src/utils/render_content_with_links.tsx
2024-09-17 16:13:54,618 - code_review.logger - INFO - Skipping file with unknown language: code_review/cloned_repos/yantra-frontend/src/utils/render_content_with_links.tsx
2024-09-17 16:13:54,619 - code_review.logger - INFO - Skipping file with unknown language: code_review/cloned_repos/yantra-frontend/src/utils/funcs/get_icon.tsx
2024-09-17 16:13:54,619 - code_review.logger - INFO - Skipping file with unknown language: code_review/cloned_repos/yantra-frontend/src/utils/funcs/get_icon.tsx
2024-09-17 16:13:54,619 - code_review.logger - INFO - Skipping file with unknown language: code_review/cloned_repos/yantra-frontend/src/utils/funcs/get_icon.tsx
2024-09-17 16:13:54,624 - code_review.logger - INFO - Skipping file with unknown language: code_review/cloned_repos/yantra-frontend/src/components/fillers/feed.tsx
2024-09-17 16:13:54,624 - code_review.logger - INFO - Skipping file with unknown language: code_review/cloned_repos/yantra-frontend/src/components/fillers/feed.tsx
2024-09-17 16:13:54,624 - code_review.logger - INFO - Skipping file with unknown language: code_review/cloned_repos/yantra-frontend/src/components/fillers/feed.tsx
2024-09-17 16:13:54,624 - code_review.logger - INFO - Skipping file with unknown language: code_review/cloned_repos/yantra-frontend/src/components/fillers/mascot.tsx
2024-09-17 16:13:54,624 - code_review.logger - INFO - Skipping file with unknown language: code_review/cloned_repos/yantra-frontend/src/components/fillers/mascot.tsx
2024-09-17 16:13:54,624 - code_review.logger - INFO - Skipping file with unknown language: code_review/cloned_repos/yantra-frontend/src/components/fillers/mascot.tsx
2024-09-17 16:13:54,624 - code_review.logger - INFO - Skipping file with unknown language: code_review/cloned_repos/yantra-frontend/src/components/Navbar/index.tsx
2024-09-17 16:13:54,624 - code_review.logger - INFO - Skipping file with unknown language: code_review/cloned_repos/yantra-frontend/src/components/Navbar/index.tsx
2024-09-17 16:13:54,624 - code_review.logger - INFO - Skipping file with unknown language: code_review/cloned_repos/yantra-frontend/src/components/Navbar/index.tsx
2024-09-17 16:13:54,624 - code_review.logger - INFO - Skipping file with unknown language: code_review/cloned_repos/yantra-frontend/src/components/Navbar/profile_dropdown.tsx
2024-09-17 16:13:54,624 - code_review.logger - INFO - Skipping file with unknown language: code_review/cloned_repos/yantra-frontend/src/components/Navbar/profile_dropdown.tsx
2024-09-17 16:13:54,624 - code_review.logger - INFO - Skipping file with unknown language: code_review/cloned_repos/yantra-frontend/src/components/Navbar/profile_dropdown.tsx
2024-09-17 16:13:54,624 - code_review.logger - INFO - Skipping file with unknown language: code_review/cloned_repos/yantra-frontend/src/components/form/time.tsx
2024-09-17 16:13:54,624 - code_review.logger - INFO - Skipping file with unknown language: code_review/cloned_repos/yantra-frontend/src/components/form/time.tsx
2024-09-17 16:13:54,624 - code_review.logger - INFO - Skipping file with unknown language: code_review/cloned_repos/yantra-frontend/src/components/form/time.tsx
2024-09-17 16:13:54,624 - code_review.logger - INFO - Skipping file with unknown language: code_review/cloned_repos/yantra-frontend/src/components/form/tags.tsx
2024-09-17 16:13:54,624 - code_review.logger - INFO - Skipping file with unknown language: code_review/cloned_repos/yantra-frontend/src/components/form/tags.tsx
2024-09-17 16:13:54,624 - code_review.logger - INFO - Skipping file with unknown language: code_review/cloned_repos/yantra-frontend/src/components/form/tags.tsx
2024-09-17 16:13:54,624 - code_review.logger - INFO - Skipping file with unknown language: code_review/cloned_repos/yantra-frontend/src/components/form/checkbox.tsx
2024-09-17 16:13:54,624 - code_review.logger - INFO - Skipping file with unknown language: code_review/cloned_repos/yantra-frontend/src/components/form/checkbox.tsx
2024-09-17 16:13:54,624 - code_review.logger - INFO - Skipping file with unknown language: code_review/cloned_repos/yantra-frontend/src/components/form/checkbox.tsx
2024-09-17 16:13:54,624 - code_review.logger - INFO - Skipping file with unknown language: code_review/cloned_repos/yantra-frontend/src/components/form/links.tsx
2024-09-17 16:13:54,624 - code_review.logger - INFO - Skipping file with unknown language: code_review/cloned_repos/yantra-frontend/src/components/form/links.tsx
2024-09-17 16:13:54,624 - code_review.logger - INFO - Skipping file with unknown language: code_review/cloned_repos/yantra-frontend/src/components/form/links.tsx
2024-09-17 16:13:54,624 - code_review.logger - INFO - Skipping file with unknown language: code_review/cloned_repos/yantra-frontend/src/components/form/select.tsx
2024-09-17 16:13:54,624 - code_review.logger - INFO - Skipping file with unknown language: code_review/cloned_repos/yantra-frontend/src/components/form/select.tsx
2024-09-17 16:13:54,624 - code_review.logger - INFO - Skipping file with unknown language: code_review/cloned_repos/yantra-frontend/src/components/form/select.tsx
2024-09-17 16:13:54,624 - code_review.logger - INFO - Skipping file with unknown language: code_review/cloned_repos/yantra-frontend/src/components/form/textarea.tsx
2024-09-17 16:13:54,624 - code_review.logger - INFO - Skipping file with unknown language: code_review/cloned_repos/yantra-frontend/src/components/form/textarea.tsx
2024-09-17 16:13:54,624 - code_review.logger - INFO - Skipping file with unknown language: code_review/cloned_repos/yantra-frontend/src/components/form/textarea.tsx
2024-09-17 16:13:54,624 - code_review.logger - INFO - Skipping file with unknown language: code_review/cloned_repos/yantra-frontend/src/components/form/input.tsx
2024-09-17 16:13:54,624 - code_review.logger - INFO - Skipping file with unknown language: code_review/cloned_repos/yantra-frontend/src/components/form/input.tsx
2024-09-17 16:13:54,624 - code_review.logger - INFO - Skipping file with unknown language: code_review/cloned_repos/yantra-frontend/src/components/form/input.tsx
2024-09-17 16:13:54,624 - code_review.logger - INFO - Skipping file with unknown language: code_review/cloned_repos/yantra-frontend/src/components/buttons/primary_btn.tsx
2024-09-17 16:13:54,624 - code_review.logger - INFO - Skipping file with unknown language: code_review/cloned_repos/yantra-frontend/src/components/buttons/primary_btn.tsx
2024-09-17 16:13:54,624 - code_review.logger - INFO - Skipping file with unknown language: code_review/cloned_repos/yantra-frontend/src/components/buttons/primary_btn.tsx
2024-09-17 16:13:54,624 - code_review.logger - INFO - Skipping file with unknown language: code_review/cloned_repos/yantra-frontend/src/components/buttons/join_btn.tsx
2024-09-17 16:13:54,624 - code_review.logger - INFO - Skipping file with unknown language: code_review/cloned_repos/yantra-frontend/src/components/buttons/join_btn.tsx
2024-09-17 16:13:54,624 - code_review.logger - INFO - Skipping file with unknown language: code_review/cloned_repos/yantra-frontend/src/components/buttons/join_btn.tsx
2024-09-17 16:13:54,624 - code_review.logger - INFO - Skipping file with unknown language: code_review/cloned_repos/yantra-frontend/src/components/buttons/build_btn.tsx
2024-09-17 16:13:54,624 - code_review.logger - INFO - Skipping file with unknown language: code_review/cloned_repos/yantra-frontend/src/components/buttons/build_btn.tsx
2024-09-17 16:13:54,624 - code_review.logger - INFO - Skipping file with unknown language: code_review/cloned_repos/yantra-frontend/src/components/buttons/build_btn.tsx
2024-09-17 16:13:54,624 - code_review.logger - INFO - Skipping file with unknown language: code_review/cloned_repos/yantra-frontend/src/components/buttons/registration_btn.tsx
2024-09-17 16:13:54,624 - code_review.logger - INFO - Skipping file with unknown language: code_review/cloned_repos/yantra-frontend/src/components/buttons/registration_btn.tsx
2024-09-17 16:13:54,624 - code_review.logger - INFO - Skipping file with unknown language: code_review/cloned_repos/yantra-frontend/src/components/buttons/registration_btn.tsx
2024-09-17 16:13:54,624 - code_review.logger - INFO - Skipping file with unknown language: code_review/cloned_repos/yantra-frontend/src/components/buttons/danger_btn.tsx
2024-09-17 16:13:54,624 - code_review.logger - INFO - Skipping file with unknown language: code_review/cloned_repos/yantra-frontend/src/components/buttons/danger_btn.tsx
2024-09-17 16:13:54,624 - code_review.logger - INFO - Skipping file with unknown language: code_review/cloned_repos/yantra-frontend/src/components/buttons/danger_btn.tsx
2024-09-17 16:13:54,624 - code_review.logger - INFO - Skipping file with unknown language: code_review/cloned_repos/yantra-frontend/src/components/empty_fillers/search.tsx
2024-09-17 16:13:54,624 - code_review.logger - INFO - Skipping file with unknown language: code_review/cloned_repos/yantra-frontend/src/components/empty_fillers/search.tsx
2024-09-17 16:13:54,624 - code_review.logger - INFO - Skipping file with unknown language: code_review/cloned_repos/yantra-frontend/src/components/empty_fillers/search.tsx
2024-09-17 16:13:54,624 - code_review.logger - INFO - Skipping file with unknown language: code_review/cloned_repos/yantra-frontend/src/components/uncommon/meet.tsx
2024-09-17 16:13:54,624 - code_review.logger - INFO - Skipping file with unknown language: code_review/cloned_repos/yantra-frontend/src/components/uncommon/meet.tsx
2024-09-17 16:13:54,624 - code_review.logger - INFO - Skipping file with unknown language: code_review/cloned_repos/yantra-frontend/src/components/uncommon/meet.tsx
2024-09-17 16:13:54,624 - code_review.logger - INFO - Skipping file with unknown language: code_review/cloned_repos/yantra-frontend/src/components/uncommon/Journal/page_box.tsx
2024-09-17 16:13:54,624 - code_review.logger - INFO - Skipping file with unknown language: code_review/cloned_repos/yantra-frontend/src/components/uncommon/Journal/page_box.tsx
2024-09-17 16:13:54,624 - code_review.logger - INFO - Skipping file with unknown language: code_review/cloned_repos/yantra-frontend/src/components/uncommon/Journal/page_box.tsx
2024-09-17 16:13:54,624 - code_review.logger - INFO - Skipping file with unknown language: code_review/cloned_repos/yantra-frontend/src/components/uncommon/Journal/page.tsx
2024-09-17 16:13:54,624 - code_review.logger - INFO - Skipping file with unknown language: code_review/cloned_repos/yantra-frontend/src/components/uncommon/Journal/page.tsx
2024-09-17 16:13:54,624 - code_review.logger - INFO - Skipping file with unknown language: code_review/cloned_repos/yantra-frontend/src/components/uncommon/Journal/page.tsx
2024-09-17 16:13:54,624 - code_review.logger - INFO - Skipping file with unknown language: code_review/cloned_repos/yantra-frontend/src/components/uncommon/Post/new_post.tsx
2024-09-17 16:13:54,624 - code_review.logger - INFO - Skipping file with unknown language: code_review/cloned_repos/yantra-frontend/src/components/uncommon/Post/new_post.tsx
2024-09-17 16:13:54,624 - code_review.logger - INFO - Skipping file with unknown language: code_review/cloned_repos/yantra-frontend/src/components/uncommon/Post/new_post.tsx
2024-09-17 16:13:54,625 - code_review.logger - INFO - Skipping file with unknown language: code_review/cloned_repos/yantra-frontend/src/components/uncommon/Post/index.tsx
2024-09-17 16:13:54,625 - code_review.logger - INFO - Skipping file with unknown language: code_review/cloned_repos/yantra-frontend/src/components/uncommon/Post/index.tsx
2024-09-17 16:13:54,625 - code_review.logger - INFO - Skipping file with unknown language: code_review/cloned_repos/yantra-frontend/src/components/uncommon/Post/index.tsx
2024-09-17 16:13:54,625 - code_review.logger - INFO - Skipping file with unknown language: code_review/cloned_repos/yantra-frontend/src/components/uncommon/Post/new_post_images.tsx
2024-09-17 16:13:54,625 - code_review.logger - INFO - Skipping file with unknown language: code_review/cloned_repos/yantra-frontend/src/components/uncommon/Post/new_post_images.tsx
2024-09-17 16:13:54,625 - code_review.logger - INFO - Skipping file with unknown language: code_review/cloned_repos/yantra-frontend/src/components/uncommon/Post/new_post_images.tsx
2024-09-17 16:13:54,625 - code_review.logger - INFO - Skipping file with unknown language: code_review/cloned_repos/yantra-frontend/src/components/uncommon/Polls/new_poll.tsx
2024-09-17 16:13:54,625 - code_review.logger - INFO - Skipping file with unknown language: code_review/cloned_repos/yantra-frontend/src/components/uncommon/Polls/new_poll.tsx
2024-09-17 16:13:54,625 - code_review.logger - INFO - Skipping file with unknown language: code_review/cloned_repos/yantra-frontend/src/components/uncommon/Polls/new_poll.tsx
2024-09-17 16:13:54,625 - code_review.logger - INFO - Skipping file with unknown language: code_review/cloned_repos/yantra-frontend/src/components/uncommon/EventCard/index.tsx
2024-09-17 16:13:54,625 - code_review.logger - INFO - Skipping file with unknown language: code_review/cloned_repos/yantra-frontend/src/components/uncommon/EventCard/index.tsx
2024-09-17 16:13:54,625 - code_review.logger - INFO - Skipping file with unknown language: code_review/cloned_repos/yantra-frontend/src/components/uncommon/EventCard/index.tsx
2024-09-17 16:13:54,625 - code_review.logger - INFO - Skipping file with unknown language: code_review/cloned_repos/yantra-frontend/src/components/uncommon/Announcements/new_announcement.tsx
2024-09-17 16:13:54,625 - code_review.logger - INFO - Skipping file with unknown language: code_review/cloned_repos/yantra-frontend/src/components/uncommon/Announcements/new_announcement.tsx
2024-09-17 16:13:54,625 - code_review.logger - INFO - Skipping file with unknown language: code_review/cloned_repos/yantra-frontend/src/components/uncommon/Announcements/new_announcement.tsx
2024-09-17 16:13:54,625 - code_review.logger - INFO - Skipping file with unknown language: code_review/cloned_repos/yantra-frontend/src/components/uncommon/ResourceFile/index.tsx
2024-09-17 16:13:54,625 - code_review.logger - INFO - Skipping file with unknown language: code_review/cloned_repos/yantra-frontend/src/components/uncommon/ResourceFile/index.tsx
2024-09-17 16:13:54,625 - code_review.logger - INFO - Skipping file with unknown language: code_review/cloned_repos/yantra-frontend/src/components/uncommon/ResourceFile/index.tsx
2024-09-17 16:13:54,625 - code_review.logger - INFO - Skipping file with unknown language: code_review/cloned_repos/yantra-frontend/src/components/uncommon/EmojiScale/index.tsx
2024-09-17 16:13:54,625 - code_review.logger - INFO - Skipping file with unknown language: code_review/cloned_repos/yantra-frontend/src/components/uncommon/EmojiScale/index.tsx
2024-09-17 16:13:54,625 - code_review.logger - INFO - Skipping file with unknown language: code_review/cloned_repos/yantra-frontend/src/components/uncommon/EmojiScale/index.tsx
2024-09-17 16:13:54,625 - code_review.logger - INFO - Skipping file with unknown language: code_review/cloned_repos/yantra-frontend/src/components/charts/lineGraph.tsx
2024-09-17 16:13:54,625 - code_review.logger - INFO - Skipping file with unknown language: code_review/cloned_repos/yantra-frontend/src/components/charts/lineGraph.tsx
2024-09-17 16:13:54,625 - code_review.logger - INFO - Skipping file with unknown language: code_review/cloned_repos/yantra-frontend/src/components/charts/lineGraph.tsx
2024-09-17 16:13:54,625 - code_review.logger - INFO - Skipping file with unknown language: code_review/cloned_repos/yantra-frontend/src/components/charts/polarGraph.tsx
2024-09-17 16:13:54,625 - code_review.logger - INFO - Skipping file with unknown language: code_review/cloned_repos/yantra-frontend/src/components/charts/polarGraph.tsx
2024-09-17 16:13:54,625 - code_review.logger - INFO - Skipping file with unknown language: code_review/cloned_repos/yantra-frontend/src/components/charts/polarGraph.tsx
2024-09-17 16:13:54,625 - code_review.logger - INFO - Skipping file with unknown language: code_review/cloned_repos/yantra-frontend/src/components/utils/tag_suggestions.tsx
2024-09-17 16:13:54,625 - code_review.logger - INFO - Skipping file with unknown language: code_review/cloned_repos/yantra-frontend/src/components/utils/tag_suggestions.tsx
2024-09-17 16:13:54,625 - code_review.logger - INFO - Skipping file with unknown language: code_review/cloned_repos/yantra-frontend/src/components/utils/tag_suggestions.tsx
2024-09-17 16:13:54,625 - code_review.logger - INFO - Skipping file with unknown language: code_review/cloned_repos/yantra-frontend/src/components/utils/new_cover.tsx
2024-09-17 16:13:54,625 - code_review.logger - INFO - Skipping file with unknown language: code_review/cloned_repos/yantra-frontend/src/components/utils/new_cover.tsx
2024-09-17 16:13:54,625 - code_review.logger - INFO - Skipping file with unknown language: code_review/cloned_repos/yantra-frontend/src/components/utils/new_cover.tsx
2024-09-17 16:13:54,625 - code_review.logger - INFO - Skipping file with unknown language: code_review/cloned_repos/yantra-frontend/src/components/utils/edit_tags.tsx
2024-09-17 16:13:54,625 - code_review.logger - INFO - Skipping file with unknown language: code_review/cloned_repos/yantra-frontend/src/components/utils/edit_tags.tsx
2024-09-17 16:13:54,625 - code_review.logger - INFO - Skipping file with unknown language: code_review/cloned_repos/yantra-frontend/src/components/utils/edit_tags.tsx
2024-09-17 16:13:54,625 - code_review.logger - INFO - Skipping file with unknown language: code_review/cloned_repos/yantra-frontend/src/components/utils/edit_links.tsx
2024-09-17 16:13:54,625 - code_review.logger - INFO - Skipping file with unknown language: code_review/cloned_repos/yantra-frontend/src/components/utils/edit_links.tsx
2024-09-17 16:13:54,625 - code_review.logger - INFO - Skipping file with unknown language: code_review/cloned_repos/yantra-frontend/src/components/utils/edit_links.tsx
2024-09-17 16:13:54,625 - code_review.logger - INFO - Skipping file with unknown language: code_review/cloned_repos/yantra-frontend/src/components/common/loader.tsx
2024-09-17 16:13:54,625 - code_review.logger - INFO - Skipping file with unknown language: code_review/cloned_repos/yantra-frontend/src/components/common/loader.tsx
2024-09-17 16:13:54,625 - code_review.logger - INFO - Skipping file with unknown language: code_review/cloned_repos/yantra-frontend/src/components/common/loader.tsx
2024-09-17 16:13:54,625 - code_review.logger - INFO - Skipping file with unknown language: code_review/cloned_repos/yantra-frontend/src/components/common/strong_pass_info.tsx
2024-09-17 16:13:54,625 - code_review.logger - INFO - Skipping file with unknown language: code_review/cloned_repos/yantra-frontend/src/components/common/strong_pass_info.tsx
2024-09-17 16:13:54,625 - code_review.logger - INFO - Skipping file with unknown language: code_review/cloned_repos/yantra-frontend/src/components/common/strong_pass_info.tsx
2024-09-17 16:13:54,625 - code_review.logger - INFO - Skipping file with unknown language: code_review/cloned_repos/yantra-frontend/src/components/common/confirm_delete.tsx
2024-09-17 16:13:54,625 - code_review.logger - INFO - Skipping file with unknown language: code_review/cloned_repos/yantra-frontend/src/components/common/confirm_delete.tsx
2024-09-17 16:13:54,625 - code_review.logger - INFO - Skipping file with unknown language: code_review/cloned_repos/yantra-frontend/src/components/common/confirm_delete.tsx
2024-09-17 16:13:54,625 - code_review.logger - INFO - Skipping file with unknown language: code_review/cloned_repos/yantra-frontend/src/components/common/user_hover_card.tsx
2024-09-17 16:13:54,625 - code_review.logger - INFO - Skipping file with unknown language: code_review/cloned_repos/yantra-frontend/src/components/common/user_hover_card.tsx
2024-09-17 16:13:54,625 - code_review.logger - INFO - Skipping file with unknown language: code_review/cloned_repos/yantra-frontend/src/components/common/user_hover_card.tsx
2024-09-17 16:13:54,625 - code_review.logger - INFO - Skipping file with unknown language: code_review/cloned_repos/yantra-frontend/src/components/common/follow_btn.tsx
2024-09-17 16:13:54,625 - code_review.logger - INFO - Skipping file with unknown language: code_review/cloned_repos/yantra-frontend/src/components/common/follow_btn.tsx
2024-09-17 16:13:54,625 - code_review.logger - INFO - Skipping file with unknown language: code_review/cloned_repos/yantra-frontend/src/components/common/follow_btn.tsx
2024-09-17 16:13:54,625 - code_review.logger - INFO - Skipping file with unknown language: code_review/cloned_repos/yantra-frontend/src/components/common/Background/index.tsx
2024-09-17 16:13:54,625 - code_review.logger - INFO - Skipping file with unknown language: code_review/cloned_repos/yantra-frontend/src/components/common/Background/index.tsx
2024-09-17 16:13:54,625 - code_review.logger - INFO - Skipping file with unknown language: code_review/cloned_repos/yantra-frontend/src/components/common/Background/index.tsx
2024-09-17 16:13:54,625 - code_review.logger - INFO - Skipping file with unknown language: code_review/cloned_repos/yantra-frontend/src/components/common/Resource/ResourceBucket.tsx
2024-09-17 16:13:54,625 - code_review.logger - INFO - Skipping file with unknown language: code_review/cloned_repos/yantra-frontend/src/components/common/Resource/ResourceBucket.tsx
2024-09-17 16:13:54,625 - code_review.logger - INFO - Skipping file with unknown language: code_review/cloned_repos/yantra-frontend/src/components/common/Resource/ResourceBucket.tsx
2024-09-17 16:13:54,626 - code_review.logger - INFO - Skipping file with unknown language: code_review/cloned_repos/yantra-frontend/src/components/common/Resource/NewResourceFile.tsx
2024-09-17 16:13:54,626 - code_review.logger - INFO - Skipping file with unknown language: code_review/cloned_repos/yantra-frontend/src/components/common/Resource/NewResourceFile.tsx
2024-09-17 16:13:54,626 - code_review.logger - INFO - Skipping file with unknown language: code_review/cloned_repos/yantra-frontend/src/components/common/Resource/NewResourceFile.tsx
2024-09-17 16:13:54,626 - code_review.logger - INFO - Skipping file with unknown language: code_review/cloned_repos/yantra-frontend/src/components/common/Resource/NewResource.tsx
2024-09-17 16:13:54,626 - code_review.logger - INFO - Skipping file with unknown language: code_review/cloned_repos/yantra-frontend/src/components/common/Resource/NewResource.tsx
2024-09-17 16:13:54,626 - code_review.logger - INFO - Skipping file with unknown language: code_review/cloned_repos/yantra-frontend/src/components/common/Resource/NewResource.tsx
2024-09-17 16:13:54,626 - code_review.logger - INFO - Skipping file with unknown language: code_review/cloned_repos/yantra-frontend/src/components/common/Resource/ResoureFileView.tsx
2024-09-17 16:13:54,626 - code_review.logger - INFO - Skipping file with unknown language: code_review/cloned_repos/yantra-frontend/src/components/common/Resource/ResoureFileView.tsx
2024-09-17 16:13:54,626 - code_review.logger - INFO - Skipping file with unknown language: code_review/cloned_repos/yantra-frontend/src/components/common/Resource/ResoureFileView.tsx
2024-09-17 16:13:54,626 - code_review.logger - INFO - Skipping file with unknown language: code_review/cloned_repos/yantra-frontend/src/components/common/Resource/ResourceView.tsx
2024-09-17 16:13:54,626 - code_review.logger - INFO - Skipping file with unknown language: code_review/cloned_repos/yantra-frontend/src/components/common/Resource/ResourceView.tsx
2024-09-17 16:13:54,626 - code_review.logger - INFO - Skipping file with unknown language: code_review/cloned_repos/yantra-frontend/src/components/common/Resource/ResourceView.tsx
2024-09-17 16:13:54,626 - code_review.logger - INFO - Skipping file with unknown language: code_review/cloned_repos/yantra-frontend/src/components/feed/announcement_card.tsx
2024-09-17 16:13:54,626 - code_review.logger - INFO - Skipping file with unknown language: code_review/cloned_repos/yantra-frontend/src/components/feed/announcement_card.tsx
2024-09-17 16:13:54,626 - code_review.logger - INFO - Skipping file with unknown language: code_review/cloned_repos/yantra-frontend/src/components/feed/announcement_card.tsx
2024-09-17 16:13:54,626 - code_review.logger - INFO - Skipping file with unknown language: code_review/cloned_repos/yantra-frontend/src/components/feed/poll_card.tsx
2024-09-17 16:13:54,626 - code_review.logger - INFO - Skipping file with unknown language: code_review/cloned_repos/yantra-frontend/src/components/feed/poll_card.tsx
2024-09-17 16:13:54,626 - code_review.logger - INFO - Skipping file with unknown language: code_review/cloned_repos/yantra-frontend/src/components/feed/poll_card.tsx
2024-09-17 16:13:54,626 - code_review.logger - INFO - Skipping file with unknown language: code_review/cloned_repos/yantra-frontend/src/components/feed/poll_option.tsx
2024-09-17 16:13:54,626 - code_review.logger - INFO - Skipping file with unknown language: code_review/cloned_repos/yantra-frontend/src/components/feed/poll_option.tsx
2024-09-17 16:13:54,626 - code_review.logger - INFO - Skipping file with unknown language: code_review/cloned_repos/yantra-frontend/src/components/feed/poll_option.tsx
2024-09-17 16:13:54,626 - code_review.logger - INFO - Skipping file with unknown language: code_review/cloned_repos/yantra-frontend/src/components/messaging/message_group.tsx
2024-09-17 16:13:54,626 - code_review.logger - INFO - Skipping file with unknown language: code_review/cloned_repos/yantra-frontend/src/components/messaging/message_group.tsx
2024-09-17 16:13:54,626 - code_review.logger - INFO - Skipping file with unknown language: code_review/cloned_repos/yantra-frontend/src/components/messaging/message_group.tsx
2024-09-17 16:13:54,626 - code_review.logger - INFO - Skipping file with unknown language: code_review/cloned_repos/yantra-frontend/src/components/messaging/GroupChat.tsx
2024-09-17 16:13:54,626 - code_review.logger - INFO - Skipping file with unknown language: code_review/cloned_repos/yantra-frontend/src/components/messaging/GroupChat.tsx
2024-09-17 16:13:54,626 - code_review.logger - INFO - Skipping file with unknown language: code_review/cloned_repos/yantra-frontend/src/components/messaging/GroupChat.tsx
2024-09-17 16:13:54,626 - code_review.logger - INFO - Skipping file with unknown language: code_review/cloned_repos/yantra-frontend/src/components/messaging/regular_message.tsx
2024-09-17 16:13:54,626 - code_review.logger - INFO - Skipping file with unknown language: code_review/cloned_repos/yantra-frontend/src/components/messaging/regular_message.tsx
2024-09-17 16:13:54,626 - code_review.logger - INFO - Skipping file with unknown language: code_review/cloned_repos/yantra-frontend/src/components/messaging/regular_message.tsx
2024-09-17 16:13:54,626 - code_review.logger - INFO - Skipping file with unknown language: code_review/cloned_repos/yantra-frontend/src/components/messaging/group_chat_textarea.tsx
2024-09-17 16:13:54,626 - code_review.logger - INFO - Skipping file with unknown language: code_review/cloned_repos/yantra-frontend/src/components/messaging/group_chat_textarea.tsx
2024-09-17 16:13:54,626 - code_review.logger - INFO - Skipping file with unknown language: code_review/cloned_repos/yantra-frontend/src/components/messaging/group_chat_textarea.tsx
2024-09-17 16:13:54,626 - code_review.logger - INFO - Skipping file with unknown language: code_review/cloned_repos/yantra-frontend/src/components/messaging/group_header.tsx
2024-09-17 16:13:54,626 - code_review.logger - INFO - Skipping file with unknown language: code_review/cloned_repos/yantra-frontend/src/components/messaging/group_header.tsx
2024-09-17 16:13:54,626 - code_review.logger - INFO - Skipping file with unknown language: code_review/cloned_repos/yantra-frontend/src/components/messaging/group_header.tsx
2024-09-17 16:13:54,626 - code_review.logger - INFO - Skipping file with unknown language: code_review/cloned_repos/yantra-frontend/src/components/loaders/posts.tsx
2024-09-17 16:13:54,626 - code_review.logger - INFO - Skipping file with unknown language: code_review/cloned_repos/yantra-frontend/src/components/loaders/posts.tsx
2024-09-17 16:13:54,626 - code_review.logger - INFO - Skipping file with unknown language: code_review/cloned_repos/yantra-frontend/src/components/loaders/posts.tsx
2024-09-17 16:13:54,626 - code_review.logger - INFO - Skipping file with unknown language: code_review/cloned_repos/yantra-frontend/src/components/Header/navModal.tsx
2024-09-17 16:13:54,626 - code_review.logger - INFO - Skipping file with unknown language: code_review/cloned_repos/yantra-frontend/src/components/Header/navModal.tsx
2024-09-17 16:13:54,626 - code_review.logger - INFO - Skipping file with unknown language: code_review/cloned_repos/yantra-frontend/src/components/Header/navModal.tsx
2024-09-17 16:13:54,626 - code_review.logger - INFO - Skipping file with unknown language: code_review/cloned_repos/yantra-frontend/src/components/Header/index.tsx
2024-09-17 16:13:54,626 - code_review.logger - INFO - Skipping file with unknown language: code_review/cloned_repos/yantra-frontend/src/components/Header/index.tsx
2024-09-17 16:13:54,626 - code_review.logger - INFO - Skipping file with unknown language: code_review/cloned_repos/yantra-frontend/src/components/Header/index.tsx
2024-09-17 16:13:54,627 - code_review.logger - INFO - Skipping file with unknown language: code_review/cloned_repos/yantra-frontend/src/components/Header/profile_dropdown.tsx
2024-09-17 16:13:54,627 - code_review.logger - INFO - Skipping file with unknown language: code_review/cloned_repos/yantra-frontend/src/components/Header/profile_dropdown.tsx
2024-09-17 16:13:54,627 - code_review.logger - INFO - Skipping file with unknown language: code_review/cloned_repos/yantra-frontend/src/components/Header/profile_dropdown.tsx
2024-09-17 16:13:54,627 - code_review.logger - INFO - Skipping file with unknown language: code_review/cloned_repos/yantra-frontend/src/components/Header/Dropdown.tsx
2024-09-17 16:13:54,627 - code_review.logger - INFO - Skipping file with unknown language: code_review/cloned_repos/yantra-frontend/src/components/Header/Dropdown.tsx
2024-09-17 16:13:54,627 - code_review.logger - INFO - Skipping file with unknown language: code_review/cloned_repos/yantra-frontend/src/components/Header/Dropdown.tsx
2024-09-17 16:13:54,627 - code_review.logger - INFO - Skipping file with unknown language: code_review/cloned_repos/yantra-frontend/src/components/onboarding/dummy_user_card.tsx
2024-09-17 16:13:54,627 - code_review.logger - INFO - Skipping file with unknown language: code_review/cloned_repos/yantra-frontend/src/components/onboarding/dummy_user_card.tsx
2024-09-17 16:13:54,627 - code_review.logger - INFO - Skipping file with unknown language: code_review/cloned_repos/yantra-frontend/src/components/onboarding/dummy_user_card.tsx
2024-09-17 16:13:54,627 - code_review.logger - INFO - Skipping file with unknown language: code_review/cloned_repos/yantra-frontend/src/components/onboarding/user_card.tsx
2024-09-17 16:13:54,627 - code_review.logger - INFO - Skipping file with unknown language: code_review/cloned_repos/yantra-frontend/src/components/onboarding/user_card.tsx
2024-09-17 16:13:54,627 - code_review.logger - INFO - Skipping file with unknown language: code_review/cloned_repos/yantra-frontend/src/components/onboarding/user_card.tsx
2024-09-17 16:13:54,627 - code_review.logger - INFO - Skipping file with unknown language: code_review/cloned_repos/yantra-frontend/src/components/onboarding/progress_bar.tsx
2024-09-17 16:13:54,627 - code_review.logger - INFO - Skipping file with unknown language: code_review/cloned_repos/yantra-frontend/src/components/onboarding/progress_bar.tsx
2024-09-17 16:13:54,627 - code_review.logger - INFO - Skipping file with unknown language: code_review/cloned_repos/yantra-frontend/src/components/onboarding/progress_bar.tsx
2024-09-17 16:13:54,628 - code_review.logger - INFO - Skipping file with unknown language: code_review/cloned_repos/yantra-frontend/src/pages/index.tsx
2024-09-17 16:13:54,628 - code_review.logger - INFO - Skipping file with unknown language: code_review/cloned_repos/yantra-frontend/src/pages/index.tsx
2024-09-17 16:13:54,628 - code_review.logger - INFO - Skipping file with unknown language: code_review/cloned_repos/yantra-frontend/src/pages/index.tsx
2024-09-17 16:13:54,628 - code_review.logger - INFO - Skipping file with unknown language: code_review/cloned_repos/yantra-frontend/src/pages/verification.tsx
2024-09-17 16:13:54,628 - code_review.logger - INFO - Skipping file with unknown language: code_review/cloned_repos/yantra-frontend/src/pages/verification.tsx
2024-09-17 16:13:54,628 - code_review.logger - INFO - Skipping file with unknown language: code_review/cloned_repos/yantra-frontend/src/pages/verification.tsx
2024-09-17 16:13:54,628 - code_review.logger - INFO - Skipping file with unknown language: code_review/cloned_repos/yantra-frontend/src/pages/_document.tsx
2024-09-17 16:13:54,628 - code_review.logger - INFO - Skipping file with unknown language: code_review/cloned_repos/yantra-frontend/src/pages/_document.tsx
2024-09-17 16:13:54,628 - code_review.logger - INFO - Skipping file with unknown language: code_review/cloned_repos/yantra-frontend/src/pages/_document.tsx
2024-09-17 16:13:54,628 - code_review.logger - INFO - Skipping file with unknown language: code_review/cloned_repos/yantra-frontend/src/pages/newGroup.tsx
2024-09-17 16:13:54,628 - code_review.logger - INFO - Skipping file with unknown language: code_review/cloned_repos/yantra-frontend/src/pages/newGroup.tsx
2024-09-17 16:13:54,628 - code_review.logger - INFO - Skipping file with unknown language: code_review/cloned_repos/yantra-frontend/src/pages/newGroup.tsx
2024-09-17 16:13:54,628 - code_review.logger - INFO - Skipping file with unknown language: code_review/cloned_repos/yantra-frontend/src/pages/mod_onboarding.tsx
2024-09-17 16:13:54,628 - code_review.logger - INFO - Skipping file with unknown language: code_review/cloned_repos/yantra-frontend/src/pages/mod_onboarding.tsx
2024-09-17 16:13:54,628 - code_review.logger - INFO - Skipping file with unknown language: code_review/cloned_repos/yantra-frontend/src/pages/mod_onboarding.tsx
2024-09-17 16:13:54,628 - code_review.logger - INFO - Skipping file with unknown language: code_review/cloned_repos/yantra-frontend/src/pages/user_onboarding.tsx
2024-09-17 16:13:54,628 - code_review.logger - INFO - Skipping file with unknown language: code_review/cloned_repos/yantra-frontend/src/pages/user_onboarding.tsx
2024-09-17 16:13:54,628 - code_review.logger - INFO - Skipping file with unknown language: code_review/cloned_repos/yantra-frontend/src/pages/user_onboarding.tsx
2024-09-17 16:13:54,628 - code_review.logger - INFO - Skipping file with unknown language: code_review/cloned_repos/yantra-frontend/src/pages/_app.tsx
2024-09-17 16:13:54,628 - code_review.logger - INFO - Skipping file with unknown language: code_review/cloned_repos/yantra-frontend/src/pages/_app.tsx
2024-09-17 16:13:54,628 - code_review.logger - INFO - Skipping file with unknown language: code_review/cloned_repos/yantra-frontend/src/pages/_app.tsx
2024-09-17 16:13:54,629 - code_review.logger - INFO - Skipping file with unknown language: code_review/cloned_repos/yantra-frontend/src/pages/journal/index.tsx
2024-09-17 16:13:54,629 - code_review.logger - INFO - Skipping file with unknown language: code_review/cloned_repos/yantra-frontend/src/pages/journal/index.tsx
2024-09-17 16:13:54,629 - code_review.logger - INFO - Skipping file with unknown language: code_review/cloned_repos/yantra-frontend/src/pages/journal/index.tsx
2024-09-17 16:13:54,629 - code_review.logger - INFO - Skipping file with unknown language: code_review/cloned_repos/yantra-frontend/src/pages/home/index.tsx
2024-09-17 16:13:54,629 - code_review.logger - INFO - Skipping file with unknown language: code_review/cloned_repos/yantra-frontend/src/pages/home/index.tsx
2024-09-17 16:13:54,629 - code_review.logger - INFO - Skipping file with unknown language: code_review/cloned_repos/yantra-frontend/src/pages/home/index.tsx
2024-09-17 16:13:54,629 - code_review.logger - INFO - Skipping file with unknown language: code_review/cloned_repos/yantra-frontend/src/pages/group/index.tsx
2024-09-17 16:13:54,629 - code_review.logger - INFO - Skipping file with unknown language: code_review/cloned_repos/yantra-frontend/src/pages/group/index.tsx
2024-09-17 16:13:54,629 - code_review.logger - INFO - Skipping file with unknown language: code_review/cloned_repos/yantra-frontend/src/pages/group/index.tsx
2024-09-17 16:13:54,629 - code_review.logger - INFO - Skipping file with unknown language: code_review/cloned_repos/yantra-frontend/src/pages/signup/index.tsx
2024-09-17 16:13:54,629 - code_review.logger - INFO - Skipping file with unknown language: code_review/cloned_repos/yantra-frontend/src/pages/signup/index.tsx
2024-09-17 16:13:54,629 - code_review.logger - INFO - Skipping file with unknown language: code_review/cloned_repos/yantra-frontend/src/pages/signup/index.tsx
2024-09-17 16:13:54,629 - code_review.logger - INFO - Skipping file with unknown language: code_review/cloned_repos/yantra-frontend/src/pages/signup/callback.tsx
2024-09-17 16:13:54,629 - code_review.logger - INFO - Skipping file with unknown language: code_review/cloned_repos/yantra-frontend/src/pages/signup/callback.tsx
2024-09-17 16:13:54,629 - code_review.logger - INFO - Skipping file with unknown language: code_review/cloned_repos/yantra-frontend/src/pages/signup/callback.tsx
2024-09-17 16:13:54,629 - code_review.logger - INFO - Skipping file with unknown language: code_review/cloned_repos/yantra-frontend/src/pages/resources/index.tsx
2024-09-17 16:13:54,629 - code_review.logger - INFO - Skipping file with unknown language: code_review/cloned_repos/yantra-frontend/src/pages/resources/index.tsx
2024-09-17 16:13:54,629 - code_review.logger - INFO - Skipping file with unknown language: code_review/cloned_repos/yantra-frontend/src/pages/resources/index.tsx
2024-09-17 16:13:54,629 - code_review.logger - INFO - Skipping file with unknown language: code_review/cloned_repos/yantra-frontend/src/pages/resources/[id].tsx
2024-09-17 16:13:54,629 - code_review.logger - INFO - Skipping file with unknown language: code_review/cloned_repos/yantra-frontend/src/pages/resources/[id].tsx
2024-09-17 16:13:54,629 - code_review.logger - INFO - Skipping file with unknown language: code_review/cloned_repos/yantra-frontend/src/pages/resources/[id].tsx
2024-09-17 16:13:54,629 - code_review.logger - INFO - Skipping file with unknown language: code_review/cloned_repos/yantra-frontend/src/pages/profile/index.tsx
2024-09-17 16:13:54,629 - code_review.logger - INFO - Skipping file with unknown language: code_review/cloned_repos/yantra-frontend/src/pages/profile/index.tsx
2024-09-17 16:13:54,629 - code_review.logger - INFO - Skipping file with unknown language: code_review/cloned_repos/yantra-frontend/src/pages/profile/index.tsx
2024-09-17 16:13:54,629 - code_review.logger - INFO - Skipping file with unknown language: code_review/cloned_repos/yantra-frontend/src/pages/events/index.tsx
2024-09-17 16:13:54,629 - code_review.logger - INFO - Skipping file with unknown language: code_review/cloned_repos/yantra-frontend/src/pages/events/index.tsx
2024-09-17 16:13:54,629 - code_review.logger - INFO - Skipping file with unknown language: code_review/cloned_repos/yantra-frontend/src/pages/events/index.tsx
2024-09-17 16:13:54,629 - code_review.logger - INFO - Skipping file with unknown language: code_review/cloned_repos/yantra-frontend/src/pages/events/[id].tsx
2024-09-17 16:13:54,629 - code_review.logger - INFO - Skipping file with unknown language: code_review/cloned_repos/yantra-frontend/src/pages/events/[id].tsx
2024-09-17 16:13:54,629 - code_review.logger - INFO - Skipping file with unknown language: code_review/cloned_repos/yantra-frontend/src/pages/events/[id].tsx
2024-09-17 16:13:54,629 - code_review.logger - INFO - Skipping file with unknown language: code_review/cloned_repos/yantra-frontend/src/pages/events/meet/[token].tsx
2024-09-17 16:13:54,629 - code_review.logger - INFO - Skipping file with unknown language: code_review/cloned_repos/yantra-frontend/src/pages/events/meet/[token].tsx
2024-09-17 16:13:54,629 - code_review.logger - INFO - Skipping file with unknown language: code_review/cloned_repos/yantra-frontend/src/pages/events/meet/[token].tsx
2024-09-17 16:13:54,629 - code_review.logger - INFO - Skipping file with unknown language: code_review/cloned_repos/yantra-frontend/src/pages/login/index.tsx
2024-09-17 16:13:54,629 - code_review.logger - INFO - Skipping file with unknown language: code_review/cloned_repos/yantra-frontend/src/pages/login/index.tsx
2024-09-17 16:13:54,629 - code_review.logger - INFO - Skipping file with unknown language: code_review/cloned_repos/yantra-frontend/src/pages/login/index.tsx
2024-09-17 16:13:54,629 - code_review.logger - INFO - Skipping file with unknown language: code_review/cloned_repos/yantra-frontend/src/pages/login/callback.tsx
2024-09-17 16:13:54,629 - code_review.logger - INFO - Skipping file with unknown language: code_review/cloned_repos/yantra-frontend/src/pages/login/callback.tsx
2024-09-17 16:13:54,629 - code_review.logger - INFO - Skipping file with unknown language: code_review/cloned_repos/yantra-frontend/src/pages/login/callback.tsx
2024-09-17 16:14:30,966 - code_review.logger - INFO - Error processing file code_review/cloned_repos/lyrikplasm_backend/chunk_data/.._code_review_cloned_repos_lyrikplasm_backend_package-lock.json_chunks.txt: RetryError[<Future at 0x2cb398050 state=finished raised RateLimitError>]
2024-09-17 16:14:30,966 - code_review.logger - INFO - Error processing file code_review/cloned_repos/lyrikplasm_backend/chunk_data/.._code_review_cloned_repos_lyrikplasm_backend_package-lock.json_chunks.txt: RetryError[<Future at 0x2cb398050 state=finished raised RateLimitError>]
2024-09-17 16:14:30,966 - code_review.logger - INFO - Error processing file code_review/cloned_repos/lyrikplasm_backend/chunk_data/.._code_review_cloned_repos_lyrikplasm_backend_package-lock.json_chunks.txt: RetryError[<Future at 0x2cb398050 state=finished raised RateLimitError>]
2024-09-17 16:16:41,607 - code_review.logger - INFO - Error processing file code_review/cloned_repos/wordy/chunk_data/.._code_review_cloned_repos_wordy_package-lock.json_chunks.txt: RetryError[<Future at 0x2cb41f490 state=finished raised RateLimitError>]
2024-09-17 16:16:41,607 - code_review.logger - INFO - Error processing file code_review/cloned_repos/wordy/chunk_data/.._code_review_cloned_repos_wordy_package-lock.json_chunks.txt: RetryError[<Future at 0x2cb41f490 state=finished raised RateLimitError>]
2024-09-17 16:16:41,607 - code_review.logger - INFO - Error processing file code_review/cloned_repos/wordy/chunk_data/.._code_review_cloned_repos_wordy_package-lock.json_chunks.txt: RetryError[<Future at 0x2cb41f490 state=finished raised RateLimitError>]
2024-09-17 16:17:41,820 - code_review.logger - INFO - Error processing file code_review/cloned_repos/yantra-frontend/chunk_data/.._code_review_cloned_repos_yantra-frontend_src_hooks_user_fetcher.ts_chunks.txt: RetryError[<Future at 0x2cb399150 state=finished raised BadRequestError>]
2024-09-17 16:17:41,820 - code_review.logger - INFO - Error processing file code_review/cloned_repos/yantra-frontend/chunk_data/.._code_review_cloned_repos_yantra-frontend_src_hooks_user_fetcher.ts_chunks.txt: RetryError[<Future at 0x2cb399150 state=finished raised BadRequestError>]
2024-09-17 16:17:41,820 - code_review.logger - INFO - Error processing file code_review/cloned_repos/yantra-frontend/chunk_data/.._code_review_cloned_repos_yantra-frontend_src_hooks_user_fetcher.ts_chunks.txt: RetryError[<Future at 0x2cb399150 state=finished raised BadRequestError>]
2024-09-17 16:20:00,412 - code_review.logger - INFO - Error processing file code_review/cloned_repos/yantra-frontend/chunk_data/.._code_review_cloned_repos_yantra-frontend_package-lock.json_chunks.txt: RetryError[<Future at 0x2cbc68290 state=finished raised RateLimitError>]
2024-09-17 16:20:00,412 - code_review.logger - INFO - Error processing file code_review/cloned_repos/yantra-frontend/chunk_data/.._code_review_cloned_repos_yantra-frontend_package-lock.json_chunks.txt: RetryError[<Future at 0x2cbc68290 state=finished raised RateLimitError>]
2024-09-17 16:20:00,412 - code_review.logger - INFO - Error processing file code_review/cloned_repos/yantra-frontend/chunk_data/.._code_review_cloned_repos_yantra-frontend_package-lock.json_chunks.txt: RetryError[<Future at 0x2cbc68290 state=finished raised RateLimitError>]
2024-09-17 16:20:59,729 - code_review.logger - INFO - Error processing file code_review/cloned_repos/yantra-frontend/chunk_data/.._code_review_cloned_repos_yantra-frontend_src_utils_generate_profile_picture.ts_chunks.txt: RetryError[<Future at 0x2cbc6bd10 state=finished raised BadRequestError>]
2024-09-17 16:20:59,729 - code_review.logger - INFO - Error processing file code_review/cloned_repos/yantra-frontend/chunk_data/.._code_review_cloned_repos_yantra-frontend_src_utils_generate_profile_picture.ts_chunks.txt: RetryError[<Future at 0x2cbc6bd10 state=finished raised BadRequestError>]
2024-09-17 16:20:59,729 - code_review.logger - INFO - Error processing file code_review/cloned_repos/yantra-frontend/chunk_data/.._code_review_cloned_repos_yantra-frontend_src_utils_generate_profile_picture.ts_chunks.txt: RetryError[<Future at 0x2cbc6bd10 state=finished raised BadRequestError>]
2024-09-17 16:21:49,288 - code_review.logger - INFO - Cloning repository to: code_review/cloned_repos/lyrikplasm_backend
2024-09-17 16:21:49,288 - code_review.logger - INFO - Cloning repository to: code_review/cloned_repos/lyrikplasm_backend
2024-09-17 16:21:49,288 - code_review.logger - INFO - Cloning repository to: code_review/cloned_repos/wordy
2024-09-17 16:21:49,288 - code_review.logger - INFO - Cloning repository to: code_review/cloned_repos/lyrikplasm_backend
2024-09-17 16:21:49,288 - code_review.logger - INFO - Cloning repository to: code_review/cloned_repos/wordy
2024-09-17 16:21:49,289 - code_review.logger - INFO - Cloning repository to: code_review/cloned_repos/yantra-frontend
2024-09-17 16:21:49,288 - code_review.logger - INFO - Cloning repository to: code_review/cloned_repos/wordy
2024-09-17 16:21:49,289 - code_review.logger - INFO - Cloning repository to: code_review/cloned_repos/yantra-frontend
2024-09-17 16:21:49,289 - code_review.logger - INFO - Cloning repository to: code_review/cloned_repos/yantra-frontend
2024-09-17 16:21:55,813 - code_review.logger - INFO - Skipping file with unknown language: code_review/cloned_repos/wordy/Dockerfile
2024-09-17 16:21:55,813 - code_review.logger - INFO - Skipping file with unknown language: code_review/cloned_repos/wordy/Dockerfile
2024-09-17 16:21:55,813 - code_review.logger - INFO - Skipping file with unknown language: code_review/cloned_repos/wordy/Dockerfile
2024-09-17 16:21:55,926 - code_review.logger - INFO - Skipping file with unknown language: code_review/cloned_repos/lyrikplasm_backend/.gitignore
2024-09-17 16:21:55,926 - code_review.logger - INFO - Skipping file with unknown language: code_review/cloned_repos/lyrikplasm_backend/.gitignore
2024-09-17 16:21:55,926 - code_review.logger - INFO - Skipping file with unknown language: code_review/cloned_repos/lyrikplasm_backend/.gitignore
2024-09-17 16:21:55,928 - code_review.logger - INFO - Skipping file with unknown language: code_review/cloned_repos/wordy/.gitignore
2024-09-17 16:21:55,928 - code_review.logger - INFO - Skipping file with unknown language: code_review/cloned_repos/wordy/.gitignore
2024-09-17 16:21:55,928 - code_review.logger - INFO - Skipping file with unknown language: code_review/cloned_repos/wordy/.gitignore
2024-09-17 16:21:55,929 - code_review.logger - INFO - Skipping file with unknown language: code_review/cloned_repos/yantra-frontend/.gitignore
2024-09-17 16:21:55,929 - code_review.logger - INFO - Skipping file with unknown language: code_review/cloned_repos/yantra-frontend/.gitignore
2024-09-17 16:21:55,929 - code_review.logger - INFO - Skipping file with unknown language: code_review/cloned_repos/yantra-frontend/.gitignore
2024-09-17 16:21:56,119 - code_review.logger - INFO - Skipping file with unknown language: code_review/cloned_repos/lyrikplasm_backend/utils/email_templates/forgotPassword.handlebars
2024-09-17 16:21:56,119 - code_review.logger - INFO - Skipping file with unknown language: code_review/cloned_repos/lyrikplasm_backend/utils/email_templates/forgotPassword.handlebars
2024-09-17 16:21:56,119 - code_review.logger - INFO - Skipping file with unknown language: code_review/cloned_repos/lyrikplasm_backend/utils/email_templates/forgotPassword.handlebars
2024-09-17 16:21:56,124 - code_review.logger - INFO - Skipping file with unknown language: code_review/cloned_repos/lyrikplasm_backend/chunk_data/.._code_review_cloned_repos_lyrikplasm_backend_utils_joiValidators_songValidator.js_chunks.txt
2024-09-17 16:21:56,124 - code_review.logger - INFO - Skipping file with unknown language: code_review/cloned_repos/lyrikplasm_backend/chunk_data/.._code_review_cloned_repos_lyrikplasm_backend_utils_joiValidators_songValidator.js_chunks.txt
2024-09-17 16:21:56,124 - code_review.logger - INFO - Skipping file with unknown language: code_review/cloned_repos/lyrikplasm_backend/chunk_data/.._code_review_cloned_repos_lyrikplasm_backend_utils_joiValidators_songValidator.js_chunks.txt
2024-09-17 16:21:56,124 - code_review.logger - INFO - Skipping file with unknown language: code_review/cloned_repos/lyrikplasm_backend/chunk_data/.._code_review_cloned_repos_lyrikplasm_backend_utils_joiValidators_userValidator.js_chunks.txt
2024-09-17 16:21:56,124 - code_review.logger - INFO - Skipping file with unknown language: code_review/cloned_repos/lyrikplasm_backend/chunk_data/.._code_review_cloned_repos_lyrikplasm_backend_utils_joiValidators_userValidator.js_chunks.txt
2024-09-17 16:21:56,124 - code_review.logger - INFO - Skipping file with unknown language: code_review/cloned_repos/lyrikplasm_backend/chunk_data/.._code_review_cloned_repos_lyrikplasm_backend_utils_joiValidators_userValidator.js_chunks.txt
2024-09-17 16:21:56,124 - code_review.logger - INFO - Skipping file with unknown language: code_review/cloned_repos/lyrikplasm_backend/chunk_data/.._code_review_cloned_repos_lyrikplasm_backend_routers_userRouter.js_chunks.txt
2024-09-17 16:21:56,124 - code_review.logger - INFO - Skipping file with unknown language: code_review/cloned_repos/lyrikplasm_backend/chunk_data/.._code_review_cloned_repos_lyrikplasm_backend_routers_userRouter.js_chunks.txt
2024-09-17 16:21:56,124 - code_review.logger - INFO - Skipping file with unknown language: code_review/cloned_repos/lyrikplasm_backend/chunk_data/.._code_review_cloned_repos_lyrikplasm_backend_routers_userRouter.js_chunks.txt
2024-09-17 16:21:56,124 - code_review.logger - INFO - Skipping file with unknown language: code_review/cloned_repos/lyrikplasm_backend/chunk_data/.._code_review_cloned_repos_lyrikplasm_backend_managers_catchAsync.js_chunks.txt
2024-09-17 16:21:56,124 - code_review.logger - INFO - Skipping file with unknown language: code_review/cloned_repos/lyrikplasm_backend/chunk_data/.._code_review_cloned_repos_lyrikplasm_backend_managers_catchAsync.js_chunks.txt
2024-09-17 16:21:56,124 - code_review.logger - INFO - Skipping file with unknown language: code_review/cloned_repos/lyrikplasm_backend/chunk_data/.._code_review_cloned_repos_lyrikplasm_backend_managers_catchAsync.js_chunks.txt
2024-09-17 16:21:56,124 - code_review.logger - INFO - Skipping file with unknown language: code_review/cloned_repos/lyrikplasm_backend/chunk_data/.._code_review_cloned_repos_lyrikplasm_backend_utils_parserers_reviewUploadParserer.js_chunks.txt
2024-09-17 16:21:56,124 - code_review.logger - INFO - Skipping file with unknown language: code_review/cloned_repos/lyrikplasm_backend/chunk_data/.._code_review_cloned_repos_lyrikplasm_backend_utils_parserers_reviewUploadParserer.js_chunks.txt
2024-09-17 16:21:56,124 - code_review.logger - INFO - Skipping file with unknown language: code_review/cloned_repos/lyrikplasm_backend/chunk_data/.._code_review_cloned_repos_lyrikplasm_backend_utils_parserers_reviewUploadParserer.js_chunks.txt
2024-09-17 16:21:56,124 - code_review.logger - INFO - Skipping file with unknown language: code_review/cloned_repos/lyrikplasm_backend/chunk_data/.._code_review_cloned_repos_lyrikplasm_backend_utils_multerConfigs_multerFilter.js_chunks.txt
2024-09-17 16:21:56,124 - code_review.logger - INFO - Skipping file with unknown language: code_review/cloned_repos/lyrikplasm_backend/chunk_data/.._code_review_cloned_repos_lyrikplasm_backend_utils_multerConfigs_multerFilter.js_chunks.txt
2024-09-17 16:21:56,124 - code_review.logger - INFO - Skipping file with unknown language: code_review/cloned_repos/lyrikplasm_backend/chunk_data/.._code_review_cloned_repos_lyrikplasm_backend_utils_multerConfigs_multerFilter.js_chunks.txt
2024-09-17 16:21:56,124 - code_review.logger - INFO - Skipping file with unknown language: code_review/cloned_repos/lyrikplasm_backend/chunk_data/.._code_review_cloned_repos_lyrikplasm_backend_constants.js_chunks.txt
2024-09-17 16:21:56,124 - code_review.logger - INFO - Skipping file with unknown language: code_review/cloned_repos/lyrikplasm_backend/chunk_data/.._code_review_cloned_repos_lyrikplasm_backend_constants.js_chunks.txt
2024-09-17 16:21:56,124 - code_review.logger - INFO - Skipping file with unknown language: code_review/cloned_repos/lyrikplasm_backend/chunk_data/.._code_review_cloned_repos_lyrikplasm_backend_constants.js_chunks.txt
2024-09-17 16:21:56,124 - code_review.logger - INFO - Skipping file with unknown language: code_review/cloned_repos/lyrikplasm_backend/chunk_data/.._code_review_cloned_repos_lyrikplasm_backend_utils_uploadPic.js_chunks.txt
2024-09-17 16:21:56,124 - code_review.logger - INFO - Skipping file with unknown language: code_review/cloned_repos/lyrikplasm_backend/chunk_data/.._code_review_cloned_repos_lyrikplasm_backend_utils_uploadPic.js_chunks.txt
2024-09-17 16:21:56,124 - code_review.logger - INFO - Skipping file with unknown language: code_review/cloned_repos/lyrikplasm_backend/chunk_data/.._code_review_cloned_repos_lyrikplasm_backend_utils_uploadPic.js_chunks.txt
2024-09-17 16:21:56,124 - code_review.logger - INFO - Skipping file with unknown language: code_review/cloned_repos/lyrikplasm_backend/chunk_data/.._code_review_cloned_repos_lyrikplasm_backend_utils_paymentsHandler.js_chunks.txt
2024-09-17 16:21:56,124 - code_review.logger - INFO - Skipping file with unknown language: code_review/cloned_repos/lyrikplasm_backend/chunk_data/.._code_review_cloned_repos_lyrikplasm_backend_utils_paymentsHandler.js_chunks.txt
2024-09-17 16:21:56,124 - code_review.logger - INFO - Skipping file with unknown language: code_review/cloned_repos/lyrikplasm_backend/chunk_data/.._code_review_cloned_repos_lyrikplasm_backend_utils_paymentsHandler.js_chunks.txt
2024-09-17 16:21:56,124 - code_review.logger - INFO - Skipping file with unknown language: code_review/cloned_repos/lyrikplasm_backend/chunk_data/.._code_review_cloned_repos_lyrikplasm_backend_managers_DB.js_chunks.txt
2024-09-17 16:21:56,124 - code_review.logger - INFO - Skipping file with unknown language: code_review/cloned_repos/lyrikplasm_backend/chunk_data/.._code_review_cloned_repos_lyrikplasm_backend_managers_DB.js_chunks.txt
2024-09-17 16:21:56,124 - code_review.logger - INFO - Skipping file with unknown language: code_review/cloned_repos/lyrikplasm_backend/chunk_data/.._code_review_cloned_repos_lyrikplasm_backend_managers_DB.js_chunks.txt
2024-09-17 16:21:56,125 - code_review.logger - INFO - Skipping file with unknown language: code_review/cloned_repos/lyrikplasm_backend/chunk_data/.._code_review_cloned_repos_lyrikplasm_backend_package-lock.json_chunks.txt
2024-09-17 16:21:56,125 - code_review.logger - INFO - Skipping file with unknown language: code_review/cloned_repos/lyrikplasm_backend/chunk_data/.._code_review_cloned_repos_lyrikplasm_backend_package-lock.json_chunks.txt
2024-09-17 16:21:56,125 - code_review.logger - INFO - Skipping file with unknown language: code_review/cloned_repos/lyrikplasm_backend/chunk_data/.._code_review_cloned_repos_lyrikplasm_backend_package-lock.json_chunks.txt
2024-09-17 16:21:56,125 - code_review.logger - INFO - Skipping file with unknown language: code_review/cloned_repos/lyrikplasm_backend/chunk_data/.._code_review_cloned_repos_lyrikplasm_backend_utils_joiValidators_reviewValidator.js_chunks.txt
2024-09-17 16:21:56,125 - code_review.logger - INFO - Skipping file with unknown language: code_review/cloned_repos/lyrikplasm_backend/chunk_data/.._code_review_cloned_repos_lyrikplasm_backend_utils_joiValidators_reviewValidator.js_chunks.txt
2024-09-17 16:21:56,125 - code_review.logger - INFO - Skipping file with unknown language: code_review/cloned_repos/lyrikplasm_backend/chunk_data/.._code_review_cloned_repos_lyrikplasm_backend_utils_joiValidators_reviewValidator.js_chunks.txt
2024-09-17 16:21:56,125 - code_review.logger - INFO - Skipping file with unknown language: code_review/cloned_repos/lyrikplasm_backend/chunk_data/.._code_review_cloned_repos_lyrikplasm_backend_package.json_chunks.txt
2024-09-17 16:21:56,125 - code_review.logger - INFO - Skipping file with unknown language: code_review/cloned_repos/lyrikplasm_backend/chunk_data/.._code_review_cloned_repos_lyrikplasm_backend_package.json_chunks.txt
2024-09-17 16:21:56,125 - code_review.logger - INFO - Skipping file with unknown language: code_review/cloned_repos/lyrikplasm_backend/chunk_data/.._code_review_cloned_repos_lyrikplasm_backend_package.json_chunks.txt
2024-09-17 16:21:56,125 - code_review.logger - INFO - Skipping file with unknown language: code_review/cloned_repos/lyrikplasm_backend/chunk_data/.._code_review_cloned_repos_lyrikplasm_backend_app.js_chunks.txt
2024-09-17 16:21:56,125 - code_review.logger - INFO - Skipping file with unknown language: code_review/cloned_repos/lyrikplasm_backend/chunk_data/.._code_review_cloned_repos_lyrikplasm_backend_app.js_chunks.txt
2024-09-17 16:21:56,125 - code_review.logger - INFO - Skipping file with unknown language: code_review/cloned_repos/lyrikplasm_backend/chunk_data/.._code_review_cloned_repos_lyrikplasm_backend_app.js_chunks.txt
2024-09-17 16:21:56,125 - code_review.logger - INFO - Skipping file with unknown language: code_review/cloned_repos/lyrikplasm_backend/chunk_data/.._code_review_cloned_repos_lyrikplasm_backend_utils_resizePic.js_chunks.txt
2024-09-17 16:21:56,125 - code_review.logger - INFO - Skipping file with unknown language: code_review/cloned_repos/lyrikplasm_backend/chunk_data/.._code_review_cloned_repos_lyrikplasm_backend_utils_resizePic.js_chunks.txt
2024-09-17 16:21:56,125 - code_review.logger - INFO - Skipping file with unknown language: code_review/cloned_repos/lyrikplasm_backend/chunk_data/.._code_review_cloned_repos_lyrikplasm_backend_utils_resizePic.js_chunks.txt
2024-09-17 16:21:56,125 - code_review.logger - INFO - Skipping file with unknown language: code_review/cloned_repos/lyrikplasm_backend/chunk_data/.._code_review_cloned_repos_lyrikplasm_backend_managers_AppError.js_chunks.txt
2024-09-17 16:21:56,125 - code_review.logger - INFO - Skipping file with unknown language: code_review/cloned_repos/lyrikplasm_backend/chunk_data/.._code_review_cloned_repos_lyrikplasm_backend_managers_AppError.js_chunks.txt
2024-09-17 16:21:56,125 - code_review.logger - INFO - Skipping file with unknown language: code_review/cloned_repos/lyrikplasm_backend/chunk_data/.._code_review_cloned_repos_lyrikplasm_backend_managers_AppError.js_chunks.txt
2024-09-17 16:21:56,125 - code_review.logger - INFO - Skipping file with unknown language: code_review/cloned_repos/lyrikplasm_backend/chunk_data/.._code_review_cloned_repos_lyrikplasm_backend_utils_HandlerFactory.js_chunks.txt
2024-09-17 16:21:56,125 - code_review.logger - INFO - Skipping file with unknown language: code_review/cloned_repos/lyrikplasm_backend/chunk_data/.._code_review_cloned_repos_lyrikplasm_backend_utils_HandlerFactory.js_chunks.txt
2024-09-17 16:21:56,125 - code_review.logger - INFO - Skipping file with unknown language: code_review/cloned_repos/lyrikplasm_backend/chunk_data/.._code_review_cloned_repos_lyrikplasm_backend_utils_HandlerFactory.js_chunks.txt
2024-09-17 16:21:56,125 - code_review.logger - INFO - Skipping file with unknown language: code_review/cloned_repos/lyrikplasm_backend/chunk_data/.._code_review_cloned_repos_lyrikplasm_backend_utils_APIFeatures.js_chunks.txt
2024-09-17 16:21:56,125 - code_review.logger - INFO - Skipping file with unknown language: code_review/cloned_repos/lyrikplasm_backend/chunk_data/.._code_review_cloned_repos_lyrikplasm_backend_utils_APIFeatures.js_chunks.txt
2024-09-17 16:21:56,125 - code_review.logger - INFO - Skipping file with unknown language: code_review/cloned_repos/lyrikplasm_backend/chunk_data/.._code_review_cloned_repos_lyrikplasm_backend_utils_APIFeatures.js_chunks.txt
2024-09-17 16:21:56,125 - code_review.logger - INFO - Skipping file with unknown language: code_review/cloned_repos/lyrikplasm_backend/chunk_data/.._code_review_cloned_repos_lyrikplasm_backend_routers_reviewRouter.js_chunks.txt
2024-09-17 16:21:56,125 - code_review.logger - INFO - Skipping file with unknown language: code_review/cloned_repos/lyrikplasm_backend/chunk_data/.._code_review_cloned_repos_lyrikplasm_backend_routers_reviewRouter.js_chunks.txt
2024-09-17 16:21:56,125 - code_review.logger - INFO - Skipping file with unknown language: code_review/cloned_repos/lyrikplasm_backend/chunk_data/.._code_review_cloned_repos_lyrikplasm_backend_routers_reviewRouter.js_chunks.txt
2024-09-17 16:21:56,125 - code_review.logger - INFO - Skipping file with unknown language: code_review/cloned_repos/lyrikplasm_backend/chunk_data/.._code_review_cloned_repos_lyrikplasm_backend_routers_songRouter.js_chunks.txt
2024-09-17 16:21:56,125 - code_review.logger - INFO - Skipping file with unknown language: code_review/cloned_repos/lyrikplasm_backend/chunk_data/.._code_review_cloned_repos_lyrikplasm_backend_routers_songRouter.js_chunks.txt
2024-09-17 16:21:56,125 - code_review.logger - INFO - Skipping file with unknown language: code_review/cloned_repos/lyrikplasm_backend/chunk_data/.._code_review_cloned_repos_lyrikplasm_backend_routers_songRouter.js_chunks.txt
2024-09-17 16:21:56,125 - code_review.logger - INFO - Skipping file with unknown language: code_review/cloned_repos/lyrikplasm_backend/chunk_data/.._code_review_cloned_repos_lyrikplasm_backend_utils_Email.js_chunks.txt
2024-09-17 16:21:56,125 - code_review.logger - INFO - Skipping file with unknown language: code_review/cloned_repos/lyrikplasm_backend/chunk_data/.._code_review_cloned_repos_lyrikplasm_backend_utils_Email.js_chunks.txt
2024-09-17 16:21:56,125 - code_review.logger - INFO - Skipping file with unknown language: code_review/cloned_repos/lyrikplasm_backend/chunk_data/.._code_review_cloned_repos_lyrikplasm_backend_utils_Email.js_chunks.txt
2024-09-17 16:21:56,125 - code_review.logger - INFO - Skipping file with unknown language: code_review/cloned_repos/lyrikplasm_backend/chunk_data/.._code_review_cloned_repos_lyrikplasm_backend_managers_baseErrorManager.js_chunks.txt
2024-09-17 16:21:56,125 - code_review.logger - INFO - Skipping file with unknown language: code_review/cloned_repos/lyrikplasm_backend/chunk_data/.._code_review_cloned_repos_lyrikplasm_backend_managers_baseErrorManager.js_chunks.txt
2024-09-17 16:21:56,125 - code_review.logger - INFO - Skipping file with unknown language: code_review/cloned_repos/lyrikplasm_backend/chunk_data/.._code_review_cloned_repos_lyrikplasm_backend_managers_baseErrorManager.js_chunks.txt
2024-09-17 16:21:56,126 - code_review.logger - INFO - Skipping file with unknown language: code_review/cloned_repos/lyrikplasm_backend/chunk_data/.._code_review_cloned_repos_lyrikplasm_backend_utils_multerConfigs_multerDiskStorage.js_chunks.txt
2024-09-17 16:21:56,126 - code_review.logger - INFO - Skipping file with unknown language: code_review/cloned_repos/lyrikplasm_backend/chunk_data/.._code_review_cloned_repos_lyrikplasm_backend_utils_multerConfigs_multerDiskStorage.js_chunks.txt
2024-09-17 16:21:56,126 - code_review.logger - INFO - Skipping file with unknown language: code_review/cloned_repos/lyrikplasm_backend/chunk_data/.._code_review_cloned_repos_lyrikplasm_backend_utils_multerConfigs_multerDiskStorage.js_chunks.txt
2024-09-17 16:21:56,126 - code_review.logger - INFO - Skipping file with unknown language: code_review/cloned_repos/lyrikplasm_backend/chunk_data/.._code_review_cloned_repos_lyrikplasm_backend_managers_envHandler.js_chunks.txt
2024-09-17 16:21:56,126 - code_review.logger - INFO - Skipping file with unknown language: code_review/cloned_repos/lyrikplasm_backend/chunk_data/.._code_review_cloned_repos_lyrikplasm_backend_managers_envHandler.js_chunks.txt
2024-09-17 16:21:56,126 - code_review.logger - INFO - Skipping file with unknown language: code_review/cloned_repos/lyrikplasm_backend/chunk_data/.._code_review_cloned_repos_lyrikplasm_backend_managers_envHandler.js_chunks.txt
2024-09-17 16:21:56,126 - code_review.logger - INFO - Skipping file with unknown language: code_review/cloned_repos/lyrikplasm_backend/chunk_data/.._code_review_cloned_repos_lyrikplasm_backend_utils_parserers_songUploadParserer.js_chunks.txt
2024-09-17 16:21:56,126 - code_review.logger - INFO - Skipping file with unknown language: code_review/cloned_repos/lyrikplasm_backend/chunk_data/.._code_review_cloned_repos_lyrikplasm_backend_utils_parserers_songUploadParserer.js_chunks.txt
2024-09-17 16:21:56,126 - code_review.logger - INFO - Skipping file with unknown language: code_review/cloned_repos/lyrikplasm_backend/chunk_data/.._code_review_cloned_repos_lyrikplasm_backend_utils_parserers_songUploadParserer.js_chunks.txt
2024-09-17 16:21:56,129 - code_review.logger - INFO - Skipping file with unknown language: code_review/cloned_repos/lyrikplasm_backend/static/email_template_background.jpg
2024-09-17 16:21:56,129 - code_review.logger - INFO - Skipping file with unknown language: code_review/cloned_repos/lyrikplasm_backend/static/email_template_background.jpg
2024-09-17 16:21:56,129 - code_review.logger - INFO - Skipping file with unknown language: code_review/cloned_repos/lyrikplasm_backend/static/email_template_background.jpg
2024-09-17 16:21:56,153 - code_review.logger - INFO - Skipping file with unknown language: code_review/cloned_repos/yantra-frontend/chunk_data/.._code_review_cloned_repos_yantra-frontend_.eslintrc.json_chunks.txt
2024-09-17 16:21:56,153 - code_review.logger - INFO - Skipping file with unknown language: code_review/cloned_repos/yantra-frontend/chunk_data/.._code_review_cloned_repos_yantra-frontend_.eslintrc.json_chunks.txt
2024-09-17 16:21:56,153 - code_review.logger - INFO - Skipping file with unknown language: code_review/cloned_repos/yantra-frontend/chunk_data/.._code_review_cloned_repos_yantra-frontend_.eslintrc.json_chunks.txt
2024-09-17 16:21:56,153 - code_review.logger - INFO - Skipping file with unknown language: code_review/cloned_repos/yantra-frontend/chunk_data/.._code_review_cloned_repos_yantra-frontend_package.json_chunks.txt
2024-09-17 16:21:56,153 - code_review.logger - INFO - Skipping file with unknown language: code_review/cloned_repos/yantra-frontend/chunk_data/.._code_review_cloned_repos_yantra-frontend_package.json_chunks.txt
2024-09-17 16:21:56,153 - code_review.logger - INFO - Skipping file with unknown language: code_review/cloned_repos/yantra-frontend/chunk_data/.._code_review_cloned_repos_yantra-frontend_package.json_chunks.txt
2024-09-17 16:21:56,154 - code_review.logger - INFO - Skipping file with unknown language: code_review/cloned_repos/yantra-frontend/chunk_data/.._code_review_cloned_repos_yantra-frontend_tsconfig.json_chunks.txt
2024-09-17 16:21:56,154 - code_review.logger - INFO - Skipping file with unknown language: code_review/cloned_repos/yantra-frontend/chunk_data/.._code_review_cloned_repos_yantra-frontend_tsconfig.json_chunks.txt
2024-09-17 16:21:56,154 - code_review.logger - INFO - Skipping file with unknown language: code_review/cloned_repos/yantra-frontend/chunk_data/.._code_review_cloned_repos_yantra-frontend_tsconfig.json_chunks.txt
2024-09-17 16:21:56,154 - code_review.logger - INFO - Skipping file with unknown language: code_review/cloned_repos/yantra-frontend/chunk_data/.._code_review_cloned_repos_yantra-frontend_package-lock.json_chunks.txt
2024-09-17 16:21:56,154 - code_review.logger - INFO - Skipping file with unknown language: code_review/cloned_repos/yantra-frontend/chunk_data/.._code_review_cloned_repos_yantra-frontend_package-lock.json_chunks.txt
2024-09-17 16:21:56,154 - code_review.logger - INFO - Skipping file with unknown language: code_review/cloned_repos/yantra-frontend/chunk_data/.._code_review_cloned_repos_yantra-frontend_package-lock.json_chunks.txt
2024-09-17 16:21:56,154 - code_review.logger - INFO - Skipping file with unknown language: code_review/cloned_repos/yantra-frontend/chunk_data/.._code_review_cloned_repos_yantra-frontend_README.md_chunks.txt
2024-09-17 16:21:56,154 - code_review.logger - INFO - Skipping file with unknown language: code_review/cloned_repos/yantra-frontend/chunk_data/.._code_review_cloned_repos_yantra-frontend_README.md_chunks.txt
2024-09-17 16:21:56,154 - code_review.logger - INFO - Skipping file with unknown language: code_review/cloned_repos/yantra-frontend/chunk_data/.._code_review_cloned_repos_yantra-frontend_README.md_chunks.txt
2024-09-17 16:21:56,154 - code_review.logger - INFO - Skipping file with unknown language: code_review/cloned_repos/yantra-frontend/chunk_data/.._code_review_cloned_repos_yantra-frontend_postcss.config.js_chunks.txt
2024-09-17 16:21:56,154 - code_review.logger - INFO - Skipping file with unknown language: code_review/cloned_repos/yantra-frontend/chunk_data/.._code_review_cloned_repos_yantra-frontend_postcss.config.js_chunks.txt
2024-09-17 16:21:56,154 - code_review.logger - INFO - Skipping file with unknown language: code_review/cloned_repos/yantra-frontend/chunk_data/.._code_review_cloned_repos_yantra-frontend_postcss.config.js_chunks.txt
2024-09-17 16:21:56,154 - code_review.logger - INFO - Skipping file with unknown language: code_review/cloned_repos/yantra-frontend/chunk_data/.._code_review_cloned_repos_yantra-frontend_tailwind.config.js_chunks.txt
2024-09-17 16:21:56,154 - code_review.logger - INFO - Skipping file with unknown language: code_review/cloned_repos/yantra-frontend/chunk_data/.._code_review_cloned_repos_yantra-frontend_tailwind.config.js_chunks.txt
2024-09-17 16:21:56,154 - code_review.logger - INFO - Skipping file with unknown language: code_review/cloned_repos/yantra-frontend/chunk_data/.._code_review_cloned_repos_yantra-frontend_tailwind.config.js_chunks.txt
2024-09-17 16:21:56,154 - code_review.logger - INFO - Skipping file with unknown language: code_review/cloned_repos/yantra-frontend/chunk_data/.._code_review_cloned_repos_yantra-frontend_next.config.js_chunks.txt
2024-09-17 16:21:56,154 - code_review.logger - INFO - Skipping file with unknown language: code_review/cloned_repos/yantra-frontend/chunk_data/.._code_review_cloned_repos_yantra-frontend_next.config.js_chunks.txt
2024-09-17 16:21:56,154 - code_review.logger - INFO - Skipping file with unknown language: code_review/cloned_repos/yantra-frontend/chunk_data/.._code_review_cloned_repos_yantra-frontend_next.config.js_chunks.txt
2024-09-17 16:21:56,154 - code_review.logger - INFO - Skipping file with unknown language: code_review/cloned_repos/yantra-frontend/public/threePeople.png
2024-09-17 16:21:56,154 - code_review.logger - INFO - Skipping file with unknown language: code_review/cloned_repos/yantra-frontend/public/threePeople.png
2024-09-17 16:21:56,154 - code_review.logger - INFO - Skipping file with unknown language: code_review/cloned_repos/yantra-frontend/public/threePeople.png
2024-09-17 16:21:56,154 - code_review.logger - INFO - Skipping file with unknown language: code_review/cloned_repos/yantra-frontend/public/favicon.ico
2024-09-17 16:21:56,154 - code_review.logger - INFO - Skipping file with unknown language: code_review/cloned_repos/yantra-frontend/public/favicon.ico
2024-09-17 16:21:56,154 - code_review.logger - INFO - Skipping file with unknown language: code_review/cloned_repos/yantra-frontend/public/favicon.ico
2024-09-17 16:21:56,154 - code_review.logger - INFO - Skipping file with unknown language: code_review/cloned_repos/yantra-frontend/public/samplePhoto.avif
2024-09-17 16:21:56,154 - code_review.logger - INFO - Skipping file with unknown language: code_review/cloned_repos/yantra-frontend/public/samplePhoto.avif
2024-09-17 16:21:56,154 - code_review.logger - INFO - Skipping file with unknown language: code_review/cloned_repos/yantra-frontend/public/samplePhoto.avif
2024-09-17 16:21:56,154 - code_review.logger - INFO - Skipping file with unknown language: code_review/cloned_repos/yantra-frontend/public/singlePerson.svg
2024-09-17 16:21:56,154 - code_review.logger - INFO - Skipping file with unknown language: code_review/cloned_repos/yantra-frontend/public/singlePerson.svg
2024-09-17 16:21:56,154 - code_review.logger - INFO - Skipping file with unknown language: code_review/cloned_repos/yantra-frontend/public/singlePerson.svg
2024-09-17 16:21:56,154 - code_review.logger - INFO - Skipping file with unknown language: code_review/cloned_repos/yantra-frontend/public/SharingPeople.svg
2024-09-17 16:21:56,154 - code_review.logger - INFO - Skipping file with unknown language: code_review/cloned_repos/yantra-frontend/public/SharingPeople.svg
2024-09-17 16:21:56,154 - code_review.logger - INFO - Skipping file with unknown language: code_review/cloned_repos/yantra-frontend/public/SharingPeople.svg
2024-09-17 16:21:56,154 - code_review.logger - INFO - Skipping file with unknown language: code_review/cloned_repos/yantra-frontend/public/thirteen.svg
2024-09-17 16:21:56,154 - code_review.logger - INFO - Skipping file with unknown language: code_review/cloned_repos/yantra-frontend/public/thirteen.svg
2024-09-17 16:21:56,154 - code_review.logger - INFO - Skipping file with unknown language: code_review/cloned_repos/yantra-frontend/public/thirteen.svg
2024-09-17 16:21:56,155 - code_review.logger - INFO - Skipping file with unknown language: code_review/cloned_repos/yantra-frontend/public/peopleBox.png
2024-09-17 16:21:56,155 - code_review.logger - INFO - Skipping file with unknown language: code_review/cloned_repos/yantra-frontend/public/peopleBox.png
2024-09-17 16:21:56,155 - code_review.logger - INFO - Skipping file with unknown language: code_review/cloned_repos/yantra-frontend/public/peopleBox.png
2024-09-17 16:21:56,155 - code_review.logger - INFO - Skipping file with unknown language: code_review/cloned_repos/yantra-frontend/public/threePeople.svg
2024-09-17 16:21:56,155 - code_review.logger - INFO - Skipping file with unknown language: code_review/cloned_repos/yantra-frontend/public/threePeople.svg
2024-09-17 16:21:56,155 - code_review.logger - INFO - Skipping file with unknown language: code_review/cloned_repos/yantra-frontend/public/threePeople.svg
2024-09-17 16:21:56,155 - code_review.logger - INFO - Skipping file with unknown language: code_review/cloned_repos/yantra-frontend/public/Logo.png
2024-09-17 16:21:56,155 - code_review.logger - INFO - Skipping file with unknown language: code_review/cloned_repos/yantra-frontend/public/Logo.png
2024-09-17 16:21:56,155 - code_review.logger - INFO - Skipping file with unknown language: code_review/cloned_repos/yantra-frontend/public/Logo.png
2024-09-17 16:21:56,155 - code_review.logger - INFO - Skipping file with unknown language: code_review/cloned_repos/yantra-frontend/public/vercel.svg
2024-09-17 16:21:56,155 - code_review.logger - INFO - Skipping file with unknown language: code_review/cloned_repos/yantra-frontend/public/vercel.svg
2024-09-17 16:21:56,155 - code_review.logger - INFO - Skipping file with unknown language: code_review/cloned_repos/yantra-frontend/public/vercel.svg
2024-09-17 16:21:56,155 - code_review.logger - INFO - Skipping file with unknown language: code_review/cloned_repos/yantra-frontend/public/next.svg
2024-09-17 16:21:56,155 - code_review.logger - INFO - Skipping file with unknown language: code_review/cloned_repos/yantra-frontend/public/next.svg
2024-09-17 16:21:56,155 - code_review.logger - INFO - Skipping file with unknown language: code_review/cloned_repos/yantra-frontend/public/next.svg
2024-09-17 16:21:56,155 - code_review.logger - INFO - Skipping file with unknown language: code_review/cloned_repos/yantra-frontend/public/SmallLogoBlack.svg
2024-09-17 16:21:56,155 - code_review.logger - INFO - Skipping file with unknown language: code_review/cloned_repos/yantra-frontend/public/SmallLogoBlack.svg
2024-09-17 16:21:56,155 - code_review.logger - INFO - Skipping file with unknown language: code_review/cloned_repos/yantra-frontend/public/SmallLogoBlack.svg
2024-09-17 16:21:56,155 - code_review.logger - INFO - Skipping file with unknown language: code_review/cloned_repos/yantra-frontend/public/LogoBlack.svg
2024-09-17 16:21:56,155 - code_review.logger - INFO - Skipping file with unknown language: code_review/cloned_repos/yantra-frontend/public/LogoBlack.svg
2024-09-17 16:21:56,155 - code_review.logger - INFO - Skipping file with unknown language: code_review/cloned_repos/yantra-frontend/public/LogoBlack.svg
2024-09-17 16:21:56,155 - code_review.logger - INFO - Skipping file with unknown language: code_review/cloned_repos/yantra-frontend/public/singlePersonFlipped.svg
2024-09-17 16:21:56,155 - code_review.logger - INFO - Skipping file with unknown language: code_review/cloned_repos/yantra-frontend/public/singlePersonFlipped.svg
2024-09-17 16:21:56,155 - code_review.logger - INFO - Skipping file with unknown language: code_review/cloned_repos/yantra-frontend/public/singlePersonFlipped.svg
2024-09-17 16:21:56,155 - code_review.logger - INFO - Skipping file with unknown language: code_review/cloned_repos/yantra-frontend/public/Logo.svg
2024-09-17 16:21:56,155 - code_review.logger - INFO - Skipping file with unknown language: code_review/cloned_repos/yantra-frontend/public/Logo.svg
2024-09-17 16:21:56,155 - code_review.logger - INFO - Skipping file with unknown language: code_review/cloned_repos/yantra-frontend/public/Logo.svg
2024-09-17 16:21:56,155 - code_review.logger - INFO - Skipping file with unknown language: code_review/cloned_repos/yantra-frontend/public/svg-icons/LeftPencilStroke.png
2024-09-17 16:21:56,155 - code_review.logger - INFO - Skipping file with unknown language: code_review/cloned_repos/yantra-frontend/public/svg-icons/LeftPencilStroke.png
2024-09-17 16:21:56,155 - code_review.logger - INFO - Skipping file with unknown language: code_review/cloned_repos/yantra-frontend/public/svg-icons/LeftPencilStroke.png
2024-09-17 16:21:56,155 - code_review.logger - INFO - Skipping file with unknown language: code_review/cloned_repos/yantra-frontend/public/svg-icons/sad face.svg
2024-09-17 16:21:56,155 - code_review.logger - INFO - Skipping file with unknown language: code_review/cloned_repos/yantra-frontend/public/svg-icons/sad face.svg
2024-09-17 16:21:56,155 - code_review.logger - INFO - Skipping file with unknown language: code_review/cloned_repos/yantra-frontend/public/svg-icons/sad face.svg
2024-09-17 16:21:56,155 - code_review.logger - INFO - Skipping file with unknown language: code_review/cloned_repos/yantra-frontend/public/svg-icons/content face.svg
2024-09-17 16:21:56,155 - code_review.logger - INFO - Skipping file with unknown language: code_review/cloned_repos/yantra-frontend/public/svg-icons/content face.svg
2024-09-17 16:21:56,155 - code_review.logger - INFO - Skipping file with unknown language: code_review/cloned_repos/yantra-frontend/public/svg-icons/content face.svg
2024-09-17 16:21:56,155 - code_review.logger - INFO - Skipping file with unknown language: code_review/cloned_repos/yantra-frontend/public/svg-icons/angry face.svg
2024-09-17 16:21:56,155 - code_review.logger - INFO - Skipping file with unknown language: code_review/cloned_repos/yantra-frontend/public/svg-icons/angry face.svg
2024-09-17 16:21:56,155 - code_review.logger - INFO - Skipping file with unknown language: code_review/cloned_repos/yantra-frontend/public/svg-icons/angry face.svg
2024-09-17 16:21:56,155 - code_review.logger - INFO - Skipping file with unknown language: code_review/cloned_repos/yantra-frontend/public/svg-icons/happy face.svg
2024-09-17 16:21:56,155 - code_review.logger - INFO - Skipping file with unknown language: code_review/cloned_repos/yantra-frontend/public/svg-icons/happy face.svg
2024-09-17 16:21:56,155 - code_review.logger - INFO - Skipping file with unknown language: code_review/cloned_repos/yantra-frontend/public/svg-icons/happy face.svg
2024-09-17 16:21:56,156 - code_review.logger - INFO - Skipping file with unknown language: code_review/cloned_repos/yantra-frontend/public/svg-icons/RightPencilStroke.png
2024-09-17 16:21:56,156 - code_review.logger - INFO - Skipping file with unknown language: code_review/cloned_repos/yantra-frontend/public/svg-icons/RightPencilStroke.png
2024-09-17 16:21:56,156 - code_review.logger - INFO - Skipping file with unknown language: code_review/cloned_repos/yantra-frontend/public/svg-icons/RightPencilStroke.png
2024-09-17 16:21:56,156 - code_review.logger - INFO - Skipping file with unknown language: code_review/cloned_repos/yantra-frontend/public/svg-icons/meh face.svg
2024-09-17 16:21:56,156 - code_review.logger - INFO - Skipping file with unknown language: code_review/cloned_repos/yantra-frontend/public/svg-icons/meh face.svg
2024-09-17 16:21:56,156 - code_review.logger - INFO - Skipping file with unknown language: code_review/cloned_repos/yantra-frontend/public/svg-icons/meh face.svg
2024-09-17 16:21:56,157 - code_review.logger - INFO - Skipping file with unknown language: code_review/cloned_repos/yantra-frontend/src/wrappers/main.tsx
2024-09-17 16:21:56,157 - code_review.logger - INFO - Skipping file with unknown language: code_review/cloned_repos/yantra-frontend/src/wrappers/main.tsx
2024-09-17 16:21:56,157 - code_review.logger - INFO - Skipping file with unknown language: code_review/cloned_repos/yantra-frontend/src/wrappers/main.tsx
2024-09-17 16:21:56,157 - code_review.logger - INFO - Skipping file with unknown language: code_review/cloned_repos/yantra-frontend/src/sections/Groups/newGroup.tsx
2024-09-17 16:21:56,157 - code_review.logger - INFO - Skipping file with unknown language: code_review/cloned_repos/yantra-frontend/src/sections/Groups/newGroup.tsx
2024-09-17 16:21:56,157 - code_review.logger - INFO - Skipping file with unknown language: code_review/cloned_repos/yantra-frontend/src/sections/Groups/newGroup.tsx
2024-09-17 16:21:56,157 - code_review.logger - INFO - Skipping file with unknown language: code_review/cloned_repos/yantra-frontend/src/sections/Events/new_event.tsx
2024-09-17 16:21:56,157 - code_review.logger - INFO - Skipping file with unknown language: code_review/cloned_repos/yantra-frontend/src/sections/Events/new_event.tsx
2024-09-17 16:21:56,157 - code_review.logger - INFO - Skipping file with unknown language: code_review/cloned_repos/yantra-frontend/src/sections/Events/new_event.tsx
2024-09-17 16:21:56,157 - code_review.logger - INFO - Skipping file with unknown language: code_review/cloned_repos/yantra-frontend/src/sections/Events/edit_event.tsx
2024-09-17 16:21:56,157 - code_review.logger - INFO - Skipping file with unknown language: code_review/cloned_repos/yantra-frontend/src/sections/Events/edit_event.tsx
2024-09-17 16:21:56,157 - code_review.logger - INFO - Skipping file with unknown language: code_review/cloned_repos/yantra-frontend/src/sections/Events/edit_event.tsx
2024-09-17 16:21:56,164 - code_review.logger - INFO - Skipping file with unknown language: code_review/cloned_repos/yantra-frontend/src/config/cookies.tsx
2024-09-17 16:21:56,164 - code_review.logger - INFO - Skipping file with unknown language: code_review/cloned_repos/yantra-frontend/src/config/cookies.tsx
2024-09-17 16:21:56,164 - code_review.logger - INFO - Skipping file with unknown language: code_review/cloned_repos/yantra-frontend/src/config/cookies.tsx
2024-09-17 16:21:56,175 - code_review.logger - INFO - Skipping file with unknown language: code_review/cloned_repos/yantra-frontend/src/utils/render_content_with_links.tsx
2024-09-17 16:21:56,175 - code_review.logger - INFO - Skipping file with unknown language: code_review/cloned_repos/yantra-frontend/src/utils/render_content_with_links.tsx
2024-09-17 16:21:56,175 - code_review.logger - INFO - Skipping file with unknown language: code_review/cloned_repos/yantra-frontend/src/utils/render_content_with_links.tsx
2024-09-17 16:21:56,177 - code_review.logger - INFO - Skipping file with unknown language: code_review/cloned_repos/yantra-frontend/src/utils/funcs/get_icon.tsx
2024-09-17 16:21:56,177 - code_review.logger - INFO - Skipping file with unknown language: code_review/cloned_repos/yantra-frontend/src/utils/funcs/get_icon.tsx
2024-09-17 16:21:56,177 - code_review.logger - INFO - Skipping file with unknown language: code_review/cloned_repos/yantra-frontend/src/utils/funcs/get_icon.tsx
2024-09-17 16:21:56,182 - code_review.logger - INFO - Skipping file with unknown language: code_review/cloned_repos/yantra-frontend/src/components/fillers/feed.tsx
2024-09-17 16:21:56,182 - code_review.logger - INFO - Skipping file with unknown language: code_review/cloned_repos/yantra-frontend/src/components/fillers/feed.tsx
2024-09-17 16:21:56,182 - code_review.logger - INFO - Skipping file with unknown language: code_review/cloned_repos/yantra-frontend/src/components/fillers/feed.tsx
2024-09-17 16:21:56,182 - code_review.logger - INFO - Skipping file with unknown language: code_review/cloned_repos/yantra-frontend/src/components/fillers/mascot.tsx
2024-09-17 16:21:56,182 - code_review.logger - INFO - Skipping file with unknown language: code_review/cloned_repos/yantra-frontend/src/components/fillers/mascot.tsx
2024-09-17 16:21:56,182 - code_review.logger - INFO - Skipping file with unknown language: code_review/cloned_repos/yantra-frontend/src/components/fillers/mascot.tsx
2024-09-17 16:21:56,182 - code_review.logger - INFO - Skipping file with unknown language: code_review/cloned_repos/yantra-frontend/src/components/Navbar/index.tsx
2024-09-17 16:21:56,182 - code_review.logger - INFO - Skipping file with unknown language: code_review/cloned_repos/yantra-frontend/src/components/Navbar/index.tsx
2024-09-17 16:21:56,182 - code_review.logger - INFO - Skipping file with unknown language: code_review/cloned_repos/yantra-frontend/src/components/Navbar/index.tsx
2024-09-17 16:21:56,182 - code_review.logger - INFO - Skipping file with unknown language: code_review/cloned_repos/yantra-frontend/src/components/Navbar/profile_dropdown.tsx
2024-09-17 16:21:56,182 - code_review.logger - INFO - Skipping file with unknown language: code_review/cloned_repos/yantra-frontend/src/components/Navbar/profile_dropdown.tsx
2024-09-17 16:21:56,182 - code_review.logger - INFO - Skipping file with unknown language: code_review/cloned_repos/yantra-frontend/src/components/Navbar/profile_dropdown.tsx
2024-09-17 16:21:56,183 - code_review.logger - INFO - Skipping file with unknown language: code_review/cloned_repos/yantra-frontend/src/components/form/time.tsx
2024-09-17 16:21:56,183 - code_review.logger - INFO - Skipping file with unknown language: code_review/cloned_repos/yantra-frontend/src/components/form/time.tsx
2024-09-17 16:21:56,183 - code_review.logger - INFO - Skipping file with unknown language: code_review/cloned_repos/yantra-frontend/src/components/form/time.tsx
2024-09-17 16:21:56,183 - code_review.logger - INFO - Skipping file with unknown language: code_review/cloned_repos/yantra-frontend/src/components/form/tags.tsx
2024-09-17 16:21:56,183 - code_review.logger - INFO - Skipping file with unknown language: code_review/cloned_repos/yantra-frontend/src/components/form/tags.tsx
2024-09-17 16:21:56,183 - code_review.logger - INFO - Skipping file with unknown language: code_review/cloned_repos/yantra-frontend/src/components/form/tags.tsx
2024-09-17 16:21:56,183 - code_review.logger - INFO - Skipping file with unknown language: code_review/cloned_repos/yantra-frontend/src/components/form/checkbox.tsx
2024-09-17 16:21:56,183 - code_review.logger - INFO - Skipping file with unknown language: code_review/cloned_repos/yantra-frontend/src/components/form/checkbox.tsx
2024-09-17 16:21:56,183 - code_review.logger - INFO - Skipping file with unknown language: code_review/cloned_repos/yantra-frontend/src/components/form/checkbox.tsx
2024-09-17 16:21:56,183 - code_review.logger - INFO - Skipping file with unknown language: code_review/cloned_repos/yantra-frontend/src/components/form/links.tsx
2024-09-17 16:21:56,183 - code_review.logger - INFO - Skipping file with unknown language: code_review/cloned_repos/yantra-frontend/src/components/form/links.tsx
2024-09-17 16:21:56,183 - code_review.logger - INFO - Skipping file with unknown language: code_review/cloned_repos/yantra-frontend/src/components/form/links.tsx
2024-09-17 16:21:56,183 - code_review.logger - INFO - Skipping file with unknown language: code_review/cloned_repos/yantra-frontend/src/components/form/select.tsx
2024-09-17 16:21:56,183 - code_review.logger - INFO - Skipping file with unknown language: code_review/cloned_repos/yantra-frontend/src/components/form/select.tsx
2024-09-17 16:21:56,183 - code_review.logger - INFO - Skipping file with unknown language: code_review/cloned_repos/yantra-frontend/src/components/form/select.tsx
2024-09-17 16:21:56,183 - code_review.logger - INFO - Skipping file with unknown language: code_review/cloned_repos/yantra-frontend/src/components/form/textarea.tsx
2024-09-17 16:21:56,183 - code_review.logger - INFO - Skipping file with unknown language: code_review/cloned_repos/yantra-frontend/src/components/form/textarea.tsx
2024-09-17 16:21:56,183 - code_review.logger - INFO - Skipping file with unknown language: code_review/cloned_repos/yantra-frontend/src/components/form/textarea.tsx
2024-09-17 16:21:56,183 - code_review.logger - INFO - Skipping file with unknown language: code_review/cloned_repos/yantra-frontend/src/components/form/input.tsx
2024-09-17 16:21:56,183 - code_review.logger - INFO - Skipping file with unknown language: code_review/cloned_repos/yantra-frontend/src/components/form/input.tsx
2024-09-17 16:21:56,183 - code_review.logger - INFO - Skipping file with unknown language: code_review/cloned_repos/yantra-frontend/src/components/form/input.tsx
2024-09-17 16:21:56,183 - code_review.logger - INFO - Skipping file with unknown language: code_review/cloned_repos/yantra-frontend/src/components/buttons/primary_btn.tsx
2024-09-17 16:21:56,183 - code_review.logger - INFO - Skipping file with unknown language: code_review/cloned_repos/yantra-frontend/src/components/buttons/primary_btn.tsx
2024-09-17 16:21:56,183 - code_review.logger - INFO - Skipping file with unknown language: code_review/cloned_repos/yantra-frontend/src/components/buttons/primary_btn.tsx
2024-09-17 16:21:56,183 - code_review.logger - INFO - Skipping file with unknown language: code_review/cloned_repos/yantra-frontend/src/components/buttons/join_btn.tsx
2024-09-17 16:21:56,183 - code_review.logger - INFO - Skipping file with unknown language: code_review/cloned_repos/yantra-frontend/src/components/buttons/join_btn.tsx
2024-09-17 16:21:56,183 - code_review.logger - INFO - Skipping file with unknown language: code_review/cloned_repos/yantra-frontend/src/components/buttons/join_btn.tsx
2024-09-17 16:21:56,183 - code_review.logger - INFO - Skipping file with unknown language: code_review/cloned_repos/yantra-frontend/src/components/buttons/build_btn.tsx
2024-09-17 16:21:56,183 - code_review.logger - INFO - Skipping file with unknown language: code_review/cloned_repos/yantra-frontend/src/components/buttons/build_btn.tsx
2024-09-17 16:21:56,183 - code_review.logger - INFO - Skipping file with unknown language: code_review/cloned_repos/yantra-frontend/src/components/buttons/build_btn.tsx
2024-09-17 16:21:56,183 - code_review.logger - INFO - Skipping file with unknown language: code_review/cloned_repos/yantra-frontend/src/components/buttons/registration_btn.tsx
2024-09-17 16:21:56,183 - code_review.logger - INFO - Skipping file with unknown language: code_review/cloned_repos/yantra-frontend/src/components/buttons/registration_btn.tsx
2024-09-17 16:21:56,183 - code_review.logger - INFO - Skipping file with unknown language: code_review/cloned_repos/yantra-frontend/src/components/buttons/registration_btn.tsx
2024-09-17 16:21:56,183 - code_review.logger - INFO - Skipping file with unknown language: code_review/cloned_repos/yantra-frontend/src/components/buttons/danger_btn.tsx
2024-09-17 16:21:56,183 - code_review.logger - INFO - Skipping file with unknown language: code_review/cloned_repos/yantra-frontend/src/components/buttons/danger_btn.tsx
2024-09-17 16:21:56,183 - code_review.logger - INFO - Skipping file with unknown language: code_review/cloned_repos/yantra-frontend/src/components/buttons/danger_btn.tsx
2024-09-17 16:21:56,183 - code_review.logger - INFO - Skipping file with unknown language: code_review/cloned_repos/yantra-frontend/src/components/empty_fillers/search.tsx
2024-09-17 16:21:56,183 - code_review.logger - INFO - Skipping file with unknown language: code_review/cloned_repos/yantra-frontend/src/components/empty_fillers/search.tsx
2024-09-17 16:21:56,183 - code_review.logger - INFO - Skipping file with unknown language: code_review/cloned_repos/yantra-frontend/src/components/empty_fillers/search.tsx
2024-09-17 16:21:56,184 - code_review.logger - INFO - Skipping file with unknown language: code_review/cloned_repos/yantra-frontend/src/components/uncommon/meet.tsx
2024-09-17 16:21:56,184 - code_review.logger - INFO - Skipping file with unknown language: code_review/cloned_repos/yantra-frontend/src/components/uncommon/meet.tsx
2024-09-17 16:21:56,184 - code_review.logger - INFO - Skipping file with unknown language: code_review/cloned_repos/yantra-frontend/src/components/uncommon/meet.tsx
2024-09-17 16:21:56,184 - code_review.logger - INFO - Skipping file with unknown language: code_review/cloned_repos/yantra-frontend/src/components/uncommon/Journal/page_box.tsx
2024-09-17 16:21:56,184 - code_review.logger - INFO - Skipping file with unknown language: code_review/cloned_repos/yantra-frontend/src/components/uncommon/Journal/page_box.tsx
2024-09-17 16:21:56,184 - code_review.logger - INFO - Skipping file with unknown language: code_review/cloned_repos/yantra-frontend/src/components/uncommon/Journal/page_box.tsx
2024-09-17 16:21:56,184 - code_review.logger - INFO - Skipping file with unknown language: code_review/cloned_repos/yantra-frontend/src/components/uncommon/Journal/page.tsx
2024-09-17 16:21:56,184 - code_review.logger - INFO - Skipping file with unknown language: code_review/cloned_repos/yantra-frontend/src/components/uncommon/Journal/page.tsx
2024-09-17 16:21:56,184 - code_review.logger - INFO - Skipping file with unknown language: code_review/cloned_repos/yantra-frontend/src/components/uncommon/Journal/page.tsx
2024-09-17 16:21:56,184 - code_review.logger - INFO - Skipping file with unknown language: code_review/cloned_repos/yantra-frontend/src/components/uncommon/Post/new_post.tsx
2024-09-17 16:21:56,184 - code_review.logger - INFO - Skipping file with unknown language: code_review/cloned_repos/yantra-frontend/src/components/uncommon/Post/new_post.tsx
2024-09-17 16:21:56,184 - code_review.logger - INFO - Skipping file with unknown language: code_review/cloned_repos/yantra-frontend/src/components/uncommon/Post/new_post.tsx
2024-09-17 16:21:56,184 - code_review.logger - INFO - Skipping file with unknown language: code_review/cloned_repos/yantra-frontend/src/components/uncommon/Post/index.tsx
2024-09-17 16:21:56,184 - code_review.logger - INFO - Skipping file with unknown language: code_review/cloned_repos/yantra-frontend/src/components/uncommon/Post/index.tsx
2024-09-17 16:21:56,184 - code_review.logger - INFO - Skipping file with unknown language: code_review/cloned_repos/yantra-frontend/src/components/uncommon/Post/index.tsx
2024-09-17 16:21:56,184 - code_review.logger - INFO - Skipping file with unknown language: code_review/cloned_repos/yantra-frontend/src/components/uncommon/Post/new_post_images.tsx
2024-09-17 16:21:56,184 - code_review.logger - INFO - Skipping file with unknown language: code_review/cloned_repos/yantra-frontend/src/components/uncommon/Post/new_post_images.tsx
2024-09-17 16:21:56,184 - code_review.logger - INFO - Skipping file with unknown language: code_review/cloned_repos/yantra-frontend/src/components/uncommon/Post/new_post_images.tsx
2024-09-17 16:21:56,184 - code_review.logger - INFO - Skipping file with unknown language: code_review/cloned_repos/yantra-frontend/src/components/uncommon/Polls/new_poll.tsx
2024-09-17 16:21:56,184 - code_review.logger - INFO - Skipping file with unknown language: code_review/cloned_repos/yantra-frontend/src/components/uncommon/Polls/new_poll.tsx
2024-09-17 16:21:56,184 - code_review.logger - INFO - Skipping file with unknown language: code_review/cloned_repos/yantra-frontend/src/components/uncommon/Polls/new_poll.tsx
2024-09-17 16:21:56,184 - code_review.logger - INFO - Skipping file with unknown language: code_review/cloned_repos/yantra-frontend/src/components/uncommon/EventCard/index.tsx
2024-09-17 16:21:56,184 - code_review.logger - INFO - Skipping file with unknown language: code_review/cloned_repos/yantra-frontend/src/components/uncommon/EventCard/index.tsx
2024-09-17 16:21:56,184 - code_review.logger - INFO - Skipping file with unknown language: code_review/cloned_repos/yantra-frontend/src/components/uncommon/EventCard/index.tsx
2024-09-17 16:21:56,184 - code_review.logger - INFO - Skipping file with unknown language: code_review/cloned_repos/yantra-frontend/src/components/uncommon/Announcements/new_announcement.tsx
2024-09-17 16:21:56,184 - code_review.logger - INFO - Skipping file with unknown language: code_review/cloned_repos/yantra-frontend/src/components/uncommon/Announcements/new_announcement.tsx
2024-09-17 16:21:56,184 - code_review.logger - INFO - Skipping file with unknown language: code_review/cloned_repos/yantra-frontend/src/components/uncommon/Announcements/new_announcement.tsx
2024-09-17 16:21:56,184 - code_review.logger - INFO - Skipping file with unknown language: code_review/cloned_repos/yantra-frontend/src/components/uncommon/ResourceFile/index.tsx
2024-09-17 16:21:56,184 - code_review.logger - INFO - Skipping file with unknown language: code_review/cloned_repos/yantra-frontend/src/components/uncommon/ResourceFile/index.tsx
2024-09-17 16:21:56,184 - code_review.logger - INFO - Skipping file with unknown language: code_review/cloned_repos/yantra-frontend/src/components/uncommon/ResourceFile/index.tsx
2024-09-17 16:21:56,184 - code_review.logger - INFO - Skipping file with unknown language: code_review/cloned_repos/yantra-frontend/src/components/uncommon/EmojiScale/index.tsx
2024-09-17 16:21:56,184 - code_review.logger - INFO - Skipping file with unknown language: code_review/cloned_repos/yantra-frontend/src/components/uncommon/EmojiScale/index.tsx
2024-09-17 16:21:56,184 - code_review.logger - INFO - Skipping file with unknown language: code_review/cloned_repos/yantra-frontend/src/components/uncommon/EmojiScale/index.tsx
2024-09-17 16:21:56,185 - code_review.logger - INFO - Skipping file with unknown language: code_review/cloned_repos/yantra-frontend/src/components/charts/lineGraph.tsx
2024-09-17 16:21:56,185 - code_review.logger - INFO - Skipping file with unknown language: code_review/cloned_repos/yantra-frontend/src/components/charts/lineGraph.tsx
2024-09-17 16:21:56,185 - code_review.logger - INFO - Skipping file with unknown language: code_review/cloned_repos/yantra-frontend/src/components/charts/lineGraph.tsx
2024-09-17 16:21:56,185 - code_review.logger - INFO - Skipping file with unknown language: code_review/cloned_repos/yantra-frontend/src/components/charts/polarGraph.tsx
2024-09-17 16:21:56,185 - code_review.logger - INFO - Skipping file with unknown language: code_review/cloned_repos/yantra-frontend/src/components/charts/polarGraph.tsx
2024-09-17 16:21:56,185 - code_review.logger - INFO - Skipping file with unknown language: code_review/cloned_repos/yantra-frontend/src/components/charts/polarGraph.tsx
2024-09-17 16:21:56,185 - code_review.logger - INFO - Skipping file with unknown language: code_review/cloned_repos/yantra-frontend/src/components/utils/tag_suggestions.tsx
2024-09-17 16:21:56,185 - code_review.logger - INFO - Skipping file with unknown language: code_review/cloned_repos/yantra-frontend/src/components/utils/tag_suggestions.tsx
2024-09-17 16:21:56,185 - code_review.logger - INFO - Skipping file with unknown language: code_review/cloned_repos/yantra-frontend/src/components/utils/tag_suggestions.tsx
2024-09-17 16:21:56,185 - code_review.logger - INFO - Skipping file with unknown language: code_review/cloned_repos/yantra-frontend/src/components/utils/new_cover.tsx
2024-09-17 16:21:56,185 - code_review.logger - INFO - Skipping file with unknown language: code_review/cloned_repos/yantra-frontend/src/components/utils/new_cover.tsx
2024-09-17 16:21:56,185 - code_review.logger - INFO - Skipping file with unknown language: code_review/cloned_repos/yantra-frontend/src/components/utils/new_cover.tsx
2024-09-17 16:21:56,185 - code_review.logger - INFO - Skipping file with unknown language: code_review/cloned_repos/yantra-frontend/src/components/utils/edit_tags.tsx
2024-09-17 16:21:56,185 - code_review.logger - INFO - Skipping file with unknown language: code_review/cloned_repos/yantra-frontend/src/components/utils/edit_tags.tsx
2024-09-17 16:21:56,185 - code_review.logger - INFO - Skipping file with unknown language: code_review/cloned_repos/yantra-frontend/src/components/utils/edit_tags.tsx
2024-09-17 16:21:56,185 - code_review.logger - INFO - Skipping file with unknown language: code_review/cloned_repos/yantra-frontend/src/components/utils/edit_links.tsx
2024-09-17 16:21:56,185 - code_review.logger - INFO - Skipping file with unknown language: code_review/cloned_repos/yantra-frontend/src/components/utils/edit_links.tsx
2024-09-17 16:21:56,185 - code_review.logger - INFO - Skipping file with unknown language: code_review/cloned_repos/yantra-frontend/src/components/utils/edit_links.tsx
2024-09-17 16:21:56,185 - code_review.logger - INFO - Skipping file with unknown language: code_review/cloned_repos/yantra-frontend/src/components/common/loader.tsx
2024-09-17 16:21:56,185 - code_review.logger - INFO - Skipping file with unknown language: code_review/cloned_repos/yantra-frontend/src/components/common/loader.tsx
2024-09-17 16:21:56,185 - code_review.logger - INFO - Skipping file with unknown language: code_review/cloned_repos/yantra-frontend/src/components/common/loader.tsx
2024-09-17 16:21:56,185 - code_review.logger - INFO - Skipping file with unknown language: code_review/cloned_repos/yantra-frontend/src/components/common/strong_pass_info.tsx
2024-09-17 16:21:56,185 - code_review.logger - INFO - Skipping file with unknown language: code_review/cloned_repos/yantra-frontend/src/components/common/strong_pass_info.tsx
2024-09-17 16:21:56,185 - code_review.logger - INFO - Skipping file with unknown language: code_review/cloned_repos/yantra-frontend/src/components/common/strong_pass_info.tsx
2024-09-17 16:21:56,185 - code_review.logger - INFO - Skipping file with unknown language: code_review/cloned_repos/yantra-frontend/src/components/common/confirm_delete.tsx
2024-09-17 16:21:56,185 - code_review.logger - INFO - Skipping file with unknown language: code_review/cloned_repos/yantra-frontend/src/components/common/confirm_delete.tsx
2024-09-17 16:21:56,185 - code_review.logger - INFO - Skipping file with unknown language: code_review/cloned_repos/yantra-frontend/src/components/common/confirm_delete.tsx
2024-09-17 16:21:56,185 - code_review.logger - INFO - Skipping file with unknown language: code_review/cloned_repos/yantra-frontend/src/components/common/user_hover_card.tsx
2024-09-17 16:21:56,185 - code_review.logger - INFO - Skipping file with unknown language: code_review/cloned_repos/yantra-frontend/src/components/common/user_hover_card.tsx
2024-09-17 16:21:56,185 - code_review.logger - INFO - Skipping file with unknown language: code_review/cloned_repos/yantra-frontend/src/components/common/user_hover_card.tsx
2024-09-17 16:21:56,185 - code_review.logger - INFO - Skipping file with unknown language: code_review/cloned_repos/yantra-frontend/src/components/common/follow_btn.tsx
2024-09-17 16:21:56,185 - code_review.logger - INFO - Skipping file with unknown language: code_review/cloned_repos/yantra-frontend/src/components/common/follow_btn.tsx
2024-09-17 16:21:56,185 - code_review.logger - INFO - Skipping file with unknown language: code_review/cloned_repos/yantra-frontend/src/components/common/follow_btn.tsx
2024-09-17 16:21:56,186 - code_review.logger - INFO - Skipping file with unknown language: code_review/cloned_repos/yantra-frontend/src/components/common/Background/index.tsx
2024-09-17 16:21:56,186 - code_review.logger - INFO - Skipping file with unknown language: code_review/cloned_repos/yantra-frontend/src/components/common/Background/index.tsx
2024-09-17 16:21:56,186 - code_review.logger - INFO - Skipping file with unknown language: code_review/cloned_repos/yantra-frontend/src/components/common/Background/index.tsx
2024-09-17 16:21:56,186 - code_review.logger - INFO - Skipping file with unknown language: code_review/cloned_repos/yantra-frontend/src/components/common/Resource/ResourceBucket.tsx
2024-09-17 16:21:56,186 - code_review.logger - INFO - Skipping file with unknown language: code_review/cloned_repos/yantra-frontend/src/components/common/Resource/ResourceBucket.tsx
2024-09-17 16:21:56,186 - code_review.logger - INFO - Skipping file with unknown language: code_review/cloned_repos/yantra-frontend/src/components/common/Resource/ResourceBucket.tsx
2024-09-17 16:21:56,186 - code_review.logger - INFO - Skipping file with unknown language: code_review/cloned_repos/yantra-frontend/src/components/common/Resource/NewResourceFile.tsx
2024-09-17 16:21:56,186 - code_review.logger - INFO - Skipping file with unknown language: code_review/cloned_repos/yantra-frontend/src/components/common/Resource/NewResourceFile.tsx
2024-09-17 16:21:56,186 - code_review.logger - INFO - Skipping file with unknown language: code_review/cloned_repos/yantra-frontend/src/components/common/Resource/NewResourceFile.tsx
2024-09-17 16:21:56,186 - code_review.logger - INFO - Skipping file with unknown language: code_review/cloned_repos/yantra-frontend/src/components/common/Resource/NewResource.tsx
2024-09-17 16:21:56,186 - code_review.logger - INFO - Skipping file with unknown language: code_review/cloned_repos/yantra-frontend/src/components/common/Resource/NewResource.tsx
2024-09-17 16:21:56,186 - code_review.logger - INFO - Skipping file with unknown language: code_review/cloned_repos/yantra-frontend/src/components/common/Resource/NewResource.tsx
2024-09-17 16:21:56,186 - code_review.logger - INFO - Skipping file with unknown language: code_review/cloned_repos/yantra-frontend/src/components/common/Resource/ResoureFileView.tsx
2024-09-17 16:21:56,186 - code_review.logger - INFO - Skipping file with unknown language: code_review/cloned_repos/yantra-frontend/src/components/common/Resource/ResoureFileView.tsx
2024-09-17 16:21:56,186 - code_review.logger - INFO - Skipping file with unknown language: code_review/cloned_repos/yantra-frontend/src/components/common/Resource/ResoureFileView.tsx
2024-09-17 16:21:56,186 - code_review.logger - INFO - Skipping file with unknown language: code_review/cloned_repos/yantra-frontend/src/components/common/Resource/ResourceView.tsx
2024-09-17 16:21:56,186 - code_review.logger - INFO - Skipping file with unknown language: code_review/cloned_repos/yantra-frontend/src/components/common/Resource/ResourceView.tsx
2024-09-17 16:21:56,186 - code_review.logger - INFO - Skipping file with unknown language: code_review/cloned_repos/yantra-frontend/src/components/common/Resource/ResourceView.tsx
2024-09-17 16:21:56,186 - code_review.logger - INFO - Skipping file with unknown language: code_review/cloned_repos/yantra-frontend/src/components/feed/announcement_card.tsx
2024-09-17 16:21:56,186 - code_review.logger - INFO - Skipping file with unknown language: code_review/cloned_repos/yantra-frontend/src/components/feed/announcement_card.tsx
2024-09-17 16:21:56,186 - code_review.logger - INFO - Skipping file with unknown language: code_review/cloned_repos/yantra-frontend/src/components/feed/announcement_card.tsx
2024-09-17 16:21:56,186 - code_review.logger - INFO - Skipping file with unknown language: code_review/cloned_repos/yantra-frontend/src/components/feed/poll_card.tsx
2024-09-17 16:21:56,186 - code_review.logger - INFO - Skipping file with unknown language: code_review/cloned_repos/yantra-frontend/src/components/feed/poll_card.tsx
2024-09-17 16:21:56,186 - code_review.logger - INFO - Skipping file with unknown language: code_review/cloned_repos/yantra-frontend/src/components/feed/poll_card.tsx
2024-09-17 16:21:56,186 - code_review.logger - INFO - Skipping file with unknown language: code_review/cloned_repos/yantra-frontend/src/components/feed/poll_option.tsx
2024-09-17 16:21:56,186 - code_review.logger - INFO - Skipping file with unknown language: code_review/cloned_repos/yantra-frontend/src/components/feed/poll_option.tsx
2024-09-17 16:21:56,186 - code_review.logger - INFO - Skipping file with unknown language: code_review/cloned_repos/yantra-frontend/src/components/feed/poll_option.tsx
2024-09-17 16:21:56,186 - code_review.logger - INFO - Skipping file with unknown language: code_review/cloned_repos/yantra-frontend/src/components/messaging/message_group.tsx
2024-09-17 16:21:56,186 - code_review.logger - INFO - Skipping file with unknown language: code_review/cloned_repos/yantra-frontend/src/components/messaging/message_group.tsx
2024-09-17 16:21:56,186 - code_review.logger - INFO - Skipping file with unknown language: code_review/cloned_repos/yantra-frontend/src/components/messaging/message_group.tsx
2024-09-17 16:21:56,186 - code_review.logger - INFO - Skipping file with unknown language: code_review/cloned_repos/yantra-frontend/src/components/messaging/GroupChat.tsx
2024-09-17 16:21:56,186 - code_review.logger - INFO - Skipping file with unknown language: code_review/cloned_repos/yantra-frontend/src/components/messaging/GroupChat.tsx
2024-09-17 16:21:56,186 - code_review.logger - INFO - Skipping file with unknown language: code_review/cloned_repos/yantra-frontend/src/components/messaging/GroupChat.tsx
2024-09-17 16:21:56,186 - code_review.logger - INFO - Skipping file with unknown language: code_review/cloned_repos/yantra-frontend/src/components/messaging/regular_message.tsx
2024-09-17 16:21:56,186 - code_review.logger - INFO - Skipping file with unknown language: code_review/cloned_repos/yantra-frontend/src/components/messaging/regular_message.tsx
2024-09-17 16:21:56,186 - code_review.logger - INFO - Skipping file with unknown language: code_review/cloned_repos/yantra-frontend/src/components/messaging/regular_message.tsx
2024-09-17 16:21:56,187 - code_review.logger - INFO - Skipping file with unknown language: code_review/cloned_repos/yantra-frontend/src/components/messaging/group_chat_textarea.tsx
2024-09-17 16:21:56,187 - code_review.logger - INFO - Skipping file with unknown language: code_review/cloned_repos/yantra-frontend/src/components/messaging/group_chat_textarea.tsx
2024-09-17 16:21:56,187 - code_review.logger - INFO - Skipping file with unknown language: code_review/cloned_repos/yantra-frontend/src/components/messaging/group_chat_textarea.tsx
2024-09-17 16:21:56,187 - code_review.logger - INFO - Skipping file with unknown language: code_review/cloned_repos/yantra-frontend/src/components/messaging/group_header.tsx
2024-09-17 16:21:56,187 - code_review.logger - INFO - Skipping file with unknown language: code_review/cloned_repos/yantra-frontend/src/components/messaging/group_header.tsx
2024-09-17 16:21:56,187 - code_review.logger - INFO - Skipping file with unknown language: code_review/cloned_repos/yantra-frontend/src/components/messaging/group_header.tsx
2024-09-17 16:21:56,187 - code_review.logger - INFO - Skipping file with unknown language: code_review/cloned_repos/yantra-frontend/src/components/loaders/posts.tsx
2024-09-17 16:21:56,187 - code_review.logger - INFO - Skipping file with unknown language: code_review/cloned_repos/yantra-frontend/src/components/loaders/posts.tsx
2024-09-17 16:21:56,187 - code_review.logger - INFO - Skipping file with unknown language: code_review/cloned_repos/yantra-frontend/src/components/loaders/posts.tsx
2024-09-17 16:21:56,187 - code_review.logger - INFO - Skipping file with unknown language: code_review/cloned_repos/yantra-frontend/src/components/Header/navModal.tsx
2024-09-17 16:21:56,187 - code_review.logger - INFO - Skipping file with unknown language: code_review/cloned_repos/yantra-frontend/src/components/Header/navModal.tsx
2024-09-17 16:21:56,187 - code_review.logger - INFO - Skipping file with unknown language: code_review/cloned_repos/yantra-frontend/src/components/Header/navModal.tsx
2024-09-17 16:21:56,187 - code_review.logger - INFO - Skipping file with unknown language: code_review/cloned_repos/yantra-frontend/src/components/Header/index.tsx
2024-09-17 16:21:56,187 - code_review.logger - INFO - Skipping file with unknown language: code_review/cloned_repos/yantra-frontend/src/components/Header/index.tsx
2024-09-17 16:21:56,187 - code_review.logger - INFO - Skipping file with unknown language: code_review/cloned_repos/yantra-frontend/src/components/Header/index.tsx
2024-09-17 16:21:56,188 - code_review.logger - INFO - Skipping file with unknown language: code_review/cloned_repos/yantra-frontend/src/components/Header/profile_dropdown.tsx
2024-09-17 16:21:56,188 - code_review.logger - INFO - Skipping file with unknown language: code_review/cloned_repos/yantra-frontend/src/components/Header/profile_dropdown.tsx
2024-09-17 16:21:56,188 - code_review.logger - INFO - Skipping file with unknown language: code_review/cloned_repos/yantra-frontend/src/components/Header/profile_dropdown.tsx
2024-09-17 16:21:56,188 - code_review.logger - INFO - Skipping file with unknown language: code_review/cloned_repos/yantra-frontend/src/components/Header/Dropdown.tsx
2024-09-17 16:21:56,188 - code_review.logger - INFO - Skipping file with unknown language: code_review/cloned_repos/yantra-frontend/src/components/Header/Dropdown.tsx
2024-09-17 16:21:56,188 - code_review.logger - INFO - Skipping file with unknown language: code_review/cloned_repos/yantra-frontend/src/components/Header/Dropdown.tsx
2024-09-17 16:21:56,188 - code_review.logger - INFO - Skipping file with unknown language: code_review/cloned_repos/yantra-frontend/src/components/onboarding/dummy_user_card.tsx
2024-09-17 16:21:56,188 - code_review.logger - INFO - Skipping file with unknown language: code_review/cloned_repos/yantra-frontend/src/components/onboarding/dummy_user_card.tsx
2024-09-17 16:21:56,188 - code_review.logger - INFO - Skipping file with unknown language: code_review/cloned_repos/yantra-frontend/src/components/onboarding/dummy_user_card.tsx
2024-09-17 16:21:56,188 - code_review.logger - INFO - Skipping file with unknown language: code_review/cloned_repos/yantra-frontend/src/components/onboarding/user_card.tsx
2024-09-17 16:21:56,188 - code_review.logger - INFO - Skipping file with unknown language: code_review/cloned_repos/yantra-frontend/src/components/onboarding/user_card.tsx
2024-09-17 16:21:56,188 - code_review.logger - INFO - Skipping file with unknown language: code_review/cloned_repos/yantra-frontend/src/components/onboarding/user_card.tsx
2024-09-17 16:21:56,188 - code_review.logger - INFO - Skipping file with unknown language: code_review/cloned_repos/yantra-frontend/src/components/onboarding/progress_bar.tsx
2024-09-17 16:21:56,188 - code_review.logger - INFO - Skipping file with unknown language: code_review/cloned_repos/yantra-frontend/src/components/onboarding/progress_bar.tsx
2024-09-17 16:21:56,188 - code_review.logger - INFO - Skipping file with unknown language: code_review/cloned_repos/yantra-frontend/src/components/onboarding/progress_bar.tsx
2024-09-17 16:21:56,190 - code_review.logger - INFO - Skipping file with unknown language: code_review/cloned_repos/yantra-frontend/src/pages/index.tsx
2024-09-17 16:21:56,190 - code_review.logger - INFO - Skipping file with unknown language: code_review/cloned_repos/yantra-frontend/src/pages/index.tsx
2024-09-17 16:21:56,190 - code_review.logger - INFO - Skipping file with unknown language: code_review/cloned_repos/yantra-frontend/src/pages/index.tsx
2024-09-17 16:21:56,190 - code_review.logger - INFO - Skipping file with unknown language: code_review/cloned_repos/yantra-frontend/src/pages/verification.tsx
2024-09-17 16:21:56,190 - code_review.logger - INFO - Skipping file with unknown language: code_review/cloned_repos/yantra-frontend/src/pages/verification.tsx
2024-09-17 16:21:56,190 - code_review.logger - INFO - Skipping file with unknown language: code_review/cloned_repos/yantra-frontend/src/pages/verification.tsx
2024-09-17 16:21:56,190 - code_review.logger - INFO - Skipping file with unknown language: code_review/cloned_repos/yantra-frontend/src/pages/_document.tsx
2024-09-17 16:21:56,190 - code_review.logger - INFO - Skipping file with unknown language: code_review/cloned_repos/yantra-frontend/src/pages/_document.tsx
2024-09-17 16:21:56,190 - code_review.logger - INFO - Skipping file with unknown language: code_review/cloned_repos/yantra-frontend/src/pages/_document.tsx
2024-09-17 16:21:56,190 - code_review.logger - INFO - Skipping file with unknown language: code_review/cloned_repos/yantra-frontend/src/pages/newGroup.tsx
2024-09-17 16:21:56,190 - code_review.logger - INFO - Skipping file with unknown language: code_review/cloned_repos/yantra-frontend/src/pages/newGroup.tsx
2024-09-17 16:21:56,190 - code_review.logger - INFO - Skipping file with unknown language: code_review/cloned_repos/yantra-frontend/src/pages/newGroup.tsx
2024-09-17 16:21:56,190 - code_review.logger - INFO - Skipping file with unknown language: code_review/cloned_repos/yantra-frontend/src/pages/mod_onboarding.tsx
2024-09-17 16:21:56,190 - code_review.logger - INFO - Skipping file with unknown language: code_review/cloned_repos/yantra-frontend/src/pages/mod_onboarding.tsx
2024-09-17 16:21:56,190 - code_review.logger - INFO - Skipping file with unknown language: code_review/cloned_repos/yantra-frontend/src/pages/mod_onboarding.tsx
2024-09-17 16:21:56,190 - code_review.logger - INFO - Skipping file with unknown language: code_review/cloned_repos/yantra-frontend/src/pages/user_onboarding.tsx
2024-09-17 16:21:56,190 - code_review.logger - INFO - Skipping file with unknown language: code_review/cloned_repos/yantra-frontend/src/pages/user_onboarding.tsx
2024-09-17 16:21:56,190 - code_review.logger - INFO - Skipping file with unknown language: code_review/cloned_repos/yantra-frontend/src/pages/user_onboarding.tsx
2024-09-17 16:21:56,190 - code_review.logger - INFO - Skipping file with unknown language: code_review/cloned_repos/yantra-frontend/src/pages/_app.tsx
2024-09-17 16:21:56,190 - code_review.logger - INFO - Skipping file with unknown language: code_review/cloned_repos/yantra-frontend/src/pages/_app.tsx
2024-09-17 16:21:56,190 - code_review.logger - INFO - Skipping file with unknown language: code_review/cloned_repos/yantra-frontend/src/pages/_app.tsx
2024-09-17 16:21:56,191 - code_review.logger - INFO - Skipping file with unknown language: code_review/cloned_repos/yantra-frontend/src/pages/journal/index.tsx
2024-09-17 16:21:56,191 - code_review.logger - INFO - Skipping file with unknown language: code_review/cloned_repos/yantra-frontend/src/pages/journal/index.tsx
2024-09-17 16:21:56,191 - code_review.logger - INFO - Skipping file with unknown language: code_review/cloned_repos/yantra-frontend/src/pages/journal/index.tsx
2024-09-17 16:21:56,191 - code_review.logger - INFO - Skipping file with unknown language: code_review/cloned_repos/yantra-frontend/src/pages/home/index.tsx
2024-09-17 16:21:56,191 - code_review.logger - INFO - Skipping file with unknown language: code_review/cloned_repos/yantra-frontend/src/pages/home/index.tsx
2024-09-17 16:21:56,191 - code_review.logger - INFO - Skipping file with unknown language: code_review/cloned_repos/yantra-frontend/src/pages/home/index.tsx
2024-09-17 16:21:56,191 - code_review.logger - INFO - Skipping file with unknown language: code_review/cloned_repos/yantra-frontend/src/pages/group/index.tsx
2024-09-17 16:21:56,191 - code_review.logger - INFO - Skipping file with unknown language: code_review/cloned_repos/yantra-frontend/src/pages/group/index.tsx
2024-09-17 16:21:56,191 - code_review.logger - INFO - Skipping file with unknown language: code_review/cloned_repos/yantra-frontend/src/pages/group/index.tsx
2024-09-17 16:21:56,191 - code_review.logger - INFO - Skipping file with unknown language: code_review/cloned_repos/yantra-frontend/src/pages/signup/index.tsx
2024-09-17 16:21:56,191 - code_review.logger - INFO - Skipping file with unknown language: code_review/cloned_repos/yantra-frontend/src/pages/signup/index.tsx
2024-09-17 16:21:56,191 - code_review.logger - INFO - Skipping file with unknown language: code_review/cloned_repos/yantra-frontend/src/pages/signup/index.tsx
2024-09-17 16:21:56,191 - code_review.logger - INFO - Skipping file with unknown language: code_review/cloned_repos/yantra-frontend/src/pages/signup/callback.tsx
2024-09-17 16:21:56,191 - code_review.logger - INFO - Skipping file with unknown language: code_review/cloned_repos/yantra-frontend/src/pages/signup/callback.tsx
2024-09-17 16:21:56,191 - code_review.logger - INFO - Skipping file with unknown language: code_review/cloned_repos/yantra-frontend/src/pages/signup/callback.tsx
2024-09-17 16:21:56,191 - code_review.logger - INFO - Skipping file with unknown language: code_review/cloned_repos/yantra-frontend/src/pages/resources/index.tsx
2024-09-17 16:21:56,191 - code_review.logger - INFO - Skipping file with unknown language: code_review/cloned_repos/yantra-frontend/src/pages/resources/index.tsx
2024-09-17 16:21:56,191 - code_review.logger - INFO - Skipping file with unknown language: code_review/cloned_repos/yantra-frontend/src/pages/resources/index.tsx
2024-09-17 16:21:56,191 - code_review.logger - INFO - Skipping file with unknown language: code_review/cloned_repos/yantra-frontend/src/pages/resources/[id].tsx
2024-09-17 16:21:56,191 - code_review.logger - INFO - Skipping file with unknown language: code_review/cloned_repos/yantra-frontend/src/pages/resources/[id].tsx
2024-09-17 16:21:56,191 - code_review.logger - INFO - Skipping file with unknown language: code_review/cloned_repos/yantra-frontend/src/pages/resources/[id].tsx
2024-09-17 16:21:56,191 - code_review.logger - INFO - Skipping file with unknown language: code_review/cloned_repos/yantra-frontend/src/pages/profile/index.tsx
2024-09-17 16:21:56,191 - code_review.logger - INFO - Skipping file with unknown language: code_review/cloned_repos/yantra-frontend/src/pages/profile/index.tsx
2024-09-17 16:21:56,191 - code_review.logger - INFO - Skipping file with unknown language: code_review/cloned_repos/yantra-frontend/src/pages/profile/index.tsx
2024-09-17 16:21:56,191 - code_review.logger - INFO - Skipping file with unknown language: code_review/cloned_repos/yantra-frontend/src/pages/events/index.tsx
2024-09-17 16:21:56,191 - code_review.logger - INFO - Skipping file with unknown language: code_review/cloned_repos/yantra-frontend/src/pages/events/index.tsx
2024-09-17 16:21:56,191 - code_review.logger - INFO - Skipping file with unknown language: code_review/cloned_repos/yantra-frontend/src/pages/events/index.tsx
2024-09-17 16:21:56,192 - code_review.logger - INFO - Skipping file with unknown language: code_review/cloned_repos/yantra-frontend/src/pages/events/[id].tsx
2024-09-17 16:21:56,192 - code_review.logger - INFO - Skipping file with unknown language: code_review/cloned_repos/yantra-frontend/src/pages/events/[id].tsx
2024-09-17 16:21:56,192 - code_review.logger - INFO - Skipping file with unknown language: code_review/cloned_repos/yantra-frontend/src/pages/events/[id].tsx
2024-09-17 16:21:56,192 - code_review.logger - INFO - Skipping file with unknown language: code_review/cloned_repos/yantra-frontend/src/pages/events/meet/[token].tsx
2024-09-17 16:21:56,192 - code_review.logger - INFO - Skipping file with unknown language: code_review/cloned_repos/yantra-frontend/src/pages/events/meet/[token].tsx
2024-09-17 16:21:56,192 - code_review.logger - INFO - Skipping file with unknown language: code_review/cloned_repos/yantra-frontend/src/pages/events/meet/[token].tsx
2024-09-17 16:21:56,192 - code_review.logger - INFO - Skipping file with unknown language: code_review/cloned_repos/yantra-frontend/src/pages/login/index.tsx
2024-09-17 16:21:56,192 - code_review.logger - INFO - Skipping file with unknown language: code_review/cloned_repos/yantra-frontend/src/pages/login/index.tsx
2024-09-17 16:21:56,192 - code_review.logger - INFO - Skipping file with unknown language: code_review/cloned_repos/yantra-frontend/src/pages/login/index.tsx
2024-09-17 16:21:56,192 - code_review.logger - INFO - Skipping file with unknown language: code_review/cloned_repos/yantra-frontend/src/pages/login/callback.tsx
2024-09-17 16:21:56,192 - code_review.logger - INFO - Skipping file with unknown language: code_review/cloned_repos/yantra-frontend/src/pages/login/callback.tsx
2024-09-17 16:21:56,192 - code_review.logger - INFO - Skipping file with unknown language: code_review/cloned_repos/yantra-frontend/src/pages/login/callback.tsx
2024-09-17 16:21:56,203 - code_review.logger - INFO - Skipping file with unknown language: code_review/cloned_repos/wordy/.prettierrc
2024-09-17 16:21:56,203 - code_review.logger - INFO - Skipping file with unknown language: code_review/cloned_repos/wordy/.prettierrc
2024-09-17 16:21:56,203 - code_review.logger - INFO - Skipping file with unknown language: code_review/cloned_repos/wordy/.prettierrc
2024-09-17 16:21:56,204 - code_review.logger - INFO - Skipping file with unknown language: code_review/cloned_repos/wordy/docker-compose.yml
2024-09-17 16:21:56,204 - code_review.logger - INFO - Skipping file with unknown language: code_review/cloned_repos/wordy/docker-compose.yml
2024-09-17 16:21:56,204 - code_review.logger - INFO - Skipping file with unknown language: code_review/cloned_repos/wordy/docker-compose.yml
2024-09-17 16:21:56,204 - code_review.logger - INFO - Skipping file with unknown language: code_review/cloned_repos/wordy/chunk_data/.._code_review_cloned_repos_wordy_tsconfig.json_chunks.txt
2024-09-17 16:21:56,204 - code_review.logger - INFO - Skipping file with unknown language: code_review/cloned_repos/wordy/chunk_data/.._code_review_cloned_repos_wordy_tsconfig.json_chunks.txt
2024-09-17 16:21:56,204 - code_review.logger - INFO - Skipping file with unknown language: code_review/cloned_repos/wordy/chunk_data/.._code_review_cloned_repos_wordy_tsconfig.json_chunks.txt
2024-09-17 16:21:56,204 - code_review.logger - INFO - Skipping file with unknown language: code_review/cloned_repos/wordy/chunk_data/.._code_review_cloned_repos_wordy_next.config.js_chunks.txt
2024-09-17 16:21:56,204 - code_review.logger - INFO - Skipping file with unknown language: code_review/cloned_repos/wordy/chunk_data/.._code_review_cloned_repos_wordy_next.config.js_chunks.txt
2024-09-17 16:21:56,204 - code_review.logger - INFO - Skipping file with unknown language: code_review/cloned_repos/wordy/chunk_data/.._code_review_cloned_repos_wordy_next.config.js_chunks.txt
2024-09-17 16:21:56,204 - code_review.logger - INFO - Skipping file with unknown language: code_review/cloned_repos/wordy/chunk_data/.._code_review_cloned_repos_wordy_.eslintrc.json_chunks.txt
2024-09-17 16:21:56,204 - code_review.logger - INFO - Skipping file with unknown language: code_review/cloned_repos/wordy/chunk_data/.._code_review_cloned_repos_wordy_.eslintrc.json_chunks.txt
2024-09-17 16:21:56,204 - code_review.logger - INFO - Skipping file with unknown language: code_review/cloned_repos/wordy/chunk_data/.._code_review_cloned_repos_wordy_.eslintrc.json_chunks.txt
2024-09-17 16:21:56,204 - code_review.logger - INFO - Skipping file with unknown language: code_review/cloned_repos/wordy/chunk_data/.._code_review_cloned_repos_wordy_package-lock.json_chunks.txt
2024-09-17 16:21:56,204 - code_review.logger - INFO - Skipping file with unknown language: code_review/cloned_repos/wordy/chunk_data/.._code_review_cloned_repos_wordy_package-lock.json_chunks.txt
2024-09-17 16:21:56,204 - code_review.logger - INFO - Skipping file with unknown language: code_review/cloned_repos/wordy/chunk_data/.._code_review_cloned_repos_wordy_package-lock.json_chunks.txt
2024-09-17 16:21:56,204 - code_review.logger - INFO - Skipping file with unknown language: code_review/cloned_repos/wordy/chunk_data/.._code_review_cloned_repos_wordy_README.md_chunks.txt
2024-09-17 16:21:56,204 - code_review.logger - INFO - Skipping file with unknown language: code_review/cloned_repos/wordy/chunk_data/.._code_review_cloned_repos_wordy_README.md_chunks.txt
2024-09-17 16:21:56,204 - code_review.logger - INFO - Skipping file with unknown language: code_review/cloned_repos/wordy/chunk_data/.._code_review_cloned_repos_wordy_README.md_chunks.txt
2024-09-17 16:21:56,204 - code_review.logger - INFO - Skipping file with unknown language: code_review/cloned_repos/wordy/chunk_data/.._code_review_cloned_repos_wordy_package.json_chunks.txt
2024-09-17 16:21:56,204 - code_review.logger - INFO - Skipping file with unknown language: code_review/cloned_repos/wordy/chunk_data/.._code_review_cloned_repos_wordy_package.json_chunks.txt
2024-09-17 16:21:56,204 - code_review.logger - INFO - Skipping file with unknown language: code_review/cloned_repos/wordy/chunk_data/.._code_review_cloned_repos_wordy_package.json_chunks.txt
2024-09-17 16:21:56,204 - code_review.logger - INFO - Skipping file with unknown language: code_review/cloned_repos/wordy/public/favicon.ico
2024-09-17 16:21:56,204 - code_review.logger - INFO - Skipping file with unknown language: code_review/cloned_repos/wordy/public/favicon.ico
2024-09-17 16:21:56,204 - code_review.logger - INFO - Skipping file with unknown language: code_review/cloned_repos/wordy/public/favicon.ico
2024-09-17 16:21:56,204 - code_review.logger - INFO - Skipping file with unknown language: code_review/cloned_repos/wordy/public/thirteen.svg
2024-09-17 16:21:56,204 - code_review.logger - INFO - Skipping file with unknown language: code_review/cloned_repos/wordy/public/thirteen.svg
2024-09-17 16:21:56,204 - code_review.logger - INFO - Skipping file with unknown language: code_review/cloned_repos/wordy/public/thirteen.svg
2024-09-17 16:21:56,204 - code_review.logger - INFO - Skipping file with unknown language: code_review/cloned_repos/wordy/public/vercel.svg
2024-09-17 16:21:56,204 - code_review.logger - INFO - Skipping file with unknown language: code_review/cloned_repos/wordy/public/vercel.svg
2024-09-17 16:21:56,204 - code_review.logger - INFO - Skipping file with unknown language: code_review/cloned_repos/wordy/public/vercel.svg
2024-09-17 16:21:56,204 - code_review.logger - INFO - Skipping file with unknown language: code_review/cloned_repos/wordy/public/next.svg
2024-09-17 16:21:56,204 - code_review.logger - INFO - Skipping file with unknown language: code_review/cloned_repos/wordy/public/next.svg
2024-09-17 16:21:56,204 - code_review.logger - INFO - Skipping file with unknown language: code_review/cloned_repos/wordy/public/next.svg
2024-09-17 16:21:56,210 - code_review.logger - INFO - Skipping file with unknown language: code_review/cloned_repos/wordy/src/components/navbar.tsx
2024-09-17 16:21:56,210 - code_review.logger - INFO - Skipping file with unknown language: code_review/cloned_repos/wordy/src/components/navbar.tsx
2024-09-17 16:21:56,210 - code_review.logger - INFO - Skipping file with unknown language: code_review/cloned_repos/wordy/src/components/navbar.tsx
2024-09-17 16:21:56,210 - code_review.logger - INFO - Skipping file with unknown language: code_review/cloned_repos/wordy/src/components/flashcard.tsx
2024-09-17 16:21:56,210 - code_review.logger - INFO - Skipping file with unknown language: code_review/cloned_repos/wordy/src/components/flashcard.tsx
2024-09-17 16:21:56,210 - code_review.logger - INFO - Skipping file with unknown language: code_review/cloned_repos/wordy/src/components/flashcard.tsx
2024-09-17 16:21:56,210 - code_review.logger - INFO - Skipping file with unknown language: code_review/cloned_repos/wordy/src/components/add_word.tsx
2024-09-17 16:21:56,210 - code_review.logger - INFO - Skipping file with unknown language: code_review/cloned_repos/wordy/src/components/add_word.tsx
2024-09-17 16:21:56,210 - code_review.logger - INFO - Skipping file with unknown language: code_review/cloned_repos/wordy/src/components/add_word.tsx
2024-09-17 16:21:56,210 - code_review.logger - INFO - Skipping file with unknown language: code_review/cloned_repos/wordy/src/components/word.tsx
2024-09-17 16:21:56,210 - code_review.logger - INFO - Skipping file with unknown language: code_review/cloned_repos/wordy/src/components/word.tsx
2024-09-17 16:21:56,210 - code_review.logger - INFO - Skipping file with unknown language: code_review/cloned_repos/wordy/src/components/word.tsx
2024-09-17 16:21:56,210 - code_review.logger - INFO - Skipping file with unknown language: code_review/cloned_repos/wordy/src/components/quiz_results.tsx
2024-09-17 16:21:56,210 - code_review.logger - INFO - Skipping file with unknown language: code_review/cloned_repos/wordy/src/components/quiz_results.tsx
2024-09-17 16:21:56,210 - code_review.logger - INFO - Skipping file with unknown language: code_review/cloned_repos/wordy/src/components/quiz_results.tsx
2024-09-17 16:21:56,210 - code_review.logger - INFO - Skipping file with unknown language: code_review/cloned_repos/wordy/src/components/quiz.tsx
2024-09-17 16:21:56,210 - code_review.logger - INFO - Skipping file with unknown language: code_review/cloned_repos/wordy/src/components/quiz.tsx
2024-09-17 16:21:56,210 - code_review.logger - INFO - Skipping file with unknown language: code_review/cloned_repos/wordy/src/components/quiz.tsx
2024-09-17 16:21:56,210 - code_review.logger - INFO - Skipping file with unknown language: code_review/cloned_repos/wordy/src/components/add_words_bulk.tsx
2024-09-17 16:21:56,210 - code_review.logger - INFO - Skipping file with unknown language: code_review/cloned_repos/wordy/src/components/add_words_bulk.tsx
2024-09-17 16:21:56,210 - code_review.logger - INFO - Skipping file with unknown language: code_review/cloned_repos/wordy/src/components/add_words_bulk.tsx
2024-09-17 16:21:56,210 - code_review.logger - INFO - Skipping file with unknown language: code_review/cloned_repos/wordy/src/pages/index.tsx
2024-09-17 16:21:56,210 - code_review.logger - INFO - Skipping file with unknown language: code_review/cloned_repos/wordy/src/pages/index.tsx
2024-09-17 16:21:56,210 - code_review.logger - INFO - Skipping file with unknown language: code_review/cloned_repos/wordy/src/pages/index.tsx
2024-09-17 16:21:56,210 - code_review.logger - INFO - Skipping file with unknown language: code_review/cloned_repos/wordy/src/pages/flashcards.tsx
2024-09-17 16:21:56,210 - code_review.logger - INFO - Skipping file with unknown language: code_review/cloned_repos/wordy/src/pages/flashcards.tsx
2024-09-17 16:21:56,210 - code_review.logger - INFO - Skipping file with unknown language: code_review/cloned_repos/wordy/src/pages/flashcards.tsx
2024-09-17 16:21:56,210 - code_review.logger - INFO - Skipping file with unknown language: code_review/cloned_repos/wordy/src/pages/scores.tsx
2024-09-17 16:21:56,210 - code_review.logger - INFO - Skipping file with unknown language: code_review/cloned_repos/wordy/src/pages/scores.tsx
2024-09-17 16:21:56,210 - code_review.logger - INFO - Skipping file with unknown language: code_review/cloned_repos/wordy/src/pages/scores.tsx
2024-09-17 16:21:56,210 - code_review.logger - INFO - Skipping file with unknown language: code_review/cloned_repos/wordy/src/pages/_document.tsx
2024-09-17 16:21:56,210 - code_review.logger - INFO - Skipping file with unknown language: code_review/cloned_repos/wordy/src/pages/_document.tsx
2024-09-17 16:21:56,210 - code_review.logger - INFO - Skipping file with unknown language: code_review/cloned_repos/wordy/src/pages/_document.tsx
2024-09-17 16:21:56,210 - code_review.logger - INFO - Skipping file with unknown language: code_review/cloned_repos/wordy/src/pages/words.tsx
2024-09-17 16:21:56,210 - code_review.logger - INFO - Skipping file with unknown language: code_review/cloned_repos/wordy/src/pages/words.tsx
2024-09-17 16:21:56,210 - code_review.logger - INFO - Skipping file with unknown language: code_review/cloned_repos/wordy/src/pages/words.tsx
2024-09-17 16:21:56,210 - code_review.logger - INFO - Skipping file with unknown language: code_review/cloned_repos/wordy/src/pages/quiz.tsx
2024-09-17 16:21:56,210 - code_review.logger - INFO - Skipping file with unknown language: code_review/cloned_repos/wordy/src/pages/quiz.tsx
2024-09-17 16:21:56,210 - code_review.logger - INFO - Skipping file with unknown language: code_review/cloned_repos/wordy/src/pages/quiz.tsx
2024-09-17 16:21:56,210 - code_review.logger - INFO - Skipping file with unknown language: code_review/cloned_repos/wordy/src/pages/_app.tsx
2024-09-17 16:21:56,210 - code_review.logger - INFO - Skipping file with unknown language: code_review/cloned_repos/wordy/src/pages/_app.tsx
2024-09-17 16:21:56,210 - code_review.logger - INFO - Skipping file with unknown language: code_review/cloned_repos/wordy/src/pages/_app.tsx
2024-09-17 16:23:04,825 - code_review.logger - INFO - Error processing file code_review/cloned_repos/lyrikplasm_backend/chunk_data/.._code_review_cloned_repos_lyrikplasm_backend_controllers_authController.js_chunks.txt: RetryError[<Future at 0x2ca621450 state=finished raised RateLimitError>]
2024-09-17 16:23:04,825 - code_review.logger - INFO - Error processing file code_review/cloned_repos/lyrikplasm_backend/chunk_data/.._code_review_cloned_repos_lyrikplasm_backend_controllers_authController.js_chunks.txt: RetryError[<Future at 0x2ca621450 state=finished raised RateLimitError>]
2024-09-17 16:23:04,825 - code_review.logger - INFO - Error processing file code_review/cloned_repos/lyrikplasm_backend/chunk_data/.._code_review_cloned_repos_lyrikplasm_backend_controllers_authController.js_chunks.txt: RetryError[<Future at 0x2ca621450 state=finished raised RateLimitError>]
2024-09-17 16:23:28,341 - code_review.logger - INFO - Error processing file code_review/cloned_repos/wordy/chunk_data/.._code_review_cloned_repos_wordy_package-lock.json_chunks.txt: RetryError[<Future at 0x2d0b3ae10 state=finished raised RateLimitError>]
2024-09-17 16:23:28,341 - code_review.logger - INFO - Error processing file code_review/cloned_repos/wordy/chunk_data/.._code_review_cloned_repos_wordy_package-lock.json_chunks.txt: RetryError[<Future at 0x2d0b3ae10 state=finished raised RateLimitError>]
2024-09-17 16:23:28,341 - code_review.logger - INFO - Error processing file code_review/cloned_repos/wordy/chunk_data/.._code_review_cloned_repos_wordy_package-lock.json_chunks.txt: RetryError[<Future at 0x2d0b3ae10 state=finished raised RateLimitError>]
2024-09-17 16:23:45,461 - code_review.logger - INFO - Error processing file code_review/cloned_repos/yantra-frontend/chunk_data/.._code_review_cloned_repos_yantra-frontend_src_config_ws.ts_chunks.txt: RetryError[<Future at 0x2d0b4ffd0 state=finished raised RateLimitError>]
2024-09-17 16:23:45,461 - code_review.logger - INFO - Error processing file code_review/cloned_repos/yantra-frontend/chunk_data/.._code_review_cloned_repos_yantra-frontend_src_config_ws.ts_chunks.txt: RetryError[<Future at 0x2d0b4ffd0 state=finished raised RateLimitError>]
2024-09-17 16:23:45,461 - code_review.logger - INFO - Error processing file code_review/cloned_repos/yantra-frontend/chunk_data/.._code_review_cloned_repos_yantra-frontend_src_config_ws.ts_chunks.txt: RetryError[<Future at 0x2d0b4ffd0 state=finished raised RateLimitError>]
2024-09-17 16:24:03,639 - code_review.logger - INFO - Error processing file code_review/cloned_repos/wordy/chunk_data/.._code_review_cloned_repos_wordy_src_pages_api_quiz_personalized.ts_chunks.txt: RetryError[<Future at 0x2d0b1f790 state=finished raised RateLimitError>]
2024-09-17 16:24:03,639 - code_review.logger - INFO - Error processing file code_review/cloned_repos/wordy/chunk_data/.._code_review_cloned_repos_wordy_src_pages_api_quiz_personalized.ts_chunks.txt: RetryError[<Future at 0x2d0b1f790 state=finished raised RateLimitError>]
2024-09-17 16:24:03,639 - code_review.logger - INFO - Error processing file code_review/cloned_repos/wordy/chunk_data/.._code_review_cloned_repos_wordy_src_pages_api_quiz_personalized.ts_chunks.txt: RetryError[<Future at 0x2d0b1f790 state=finished raised RateLimitError>]
2024-09-17 16:24:10,808 - code_review.logger - INFO - Error processing file code_review/cloned_repos/lyrikplasm_backend/chunk_data/.._code_review_cloned_repos_lyrikplasm_backend_package-lock.json_chunks.txt: RetryError[<Future at 0x2ca66af50 state=finished raised RateLimitError>]
2024-09-17 16:24:10,808 - code_review.logger - INFO - Error processing file code_review/cloned_repos/lyrikplasm_backend/chunk_data/.._code_review_cloned_repos_lyrikplasm_backend_package-lock.json_chunks.txt: RetryError[<Future at 0x2ca66af50 state=finished raised RateLimitError>]
2024-09-17 16:24:10,808 - code_review.logger - INFO - Error processing file code_review/cloned_repos/lyrikplasm_backend/chunk_data/.._code_review_cloned_repos_lyrikplasm_backend_package-lock.json_chunks.txt: RetryError[<Future at 0x2ca66af50 state=finished raised RateLimitError>]
2024-09-17 16:24:30,648 - code_review.logger - INFO - Error processing file code_review/cloned_repos/yantra-frontend/chunk_data/.._code_review_cloned_repos_yantra-frontend_src_slices_configSlice.ts_chunks.txt: RetryError[<Future at 0x2ca5ff8d0 state=finished raised RateLimitError>]
2024-09-17 16:24:30,648 - code_review.logger - INFO - Error processing file code_review/cloned_repos/yantra-frontend/chunk_data/.._code_review_cloned_repos_yantra-frontend_src_slices_configSlice.ts_chunks.txt: RetryError[<Future at 0x2ca5ff8d0 state=finished raised RateLimitError>]
2024-09-17 16:24:30,648 - code_review.logger - INFO - Error processing file code_review/cloned_repos/yantra-frontend/chunk_data/.._code_review_cloned_repos_yantra-frontend_src_slices_configSlice.ts_chunks.txt: RetryError[<Future at 0x2ca5ff8d0 state=finished raised RateLimitError>]
2024-09-17 16:24:52,292 - code_review.logger - INFO - Error processing file code_review/cloned_repos/wordy/chunk_data/.._code_review_cloned_repos_wordy_src_pages_api_words_index.ts_chunks.txt: RetryError[<Future at 0x2ca69c150 state=finished raised RateLimitError>]
2024-09-17 16:24:52,292 - code_review.logger - INFO - Error processing file code_review/cloned_repos/wordy/chunk_data/.._code_review_cloned_repos_wordy_src_pages_api_words_index.ts_chunks.txt: RetryError[<Future at 0x2ca69c150 state=finished raised RateLimitError>]
2024-09-17 16:24:52,292 - code_review.logger - INFO - Error processing file code_review/cloned_repos/wordy/chunk_data/.._code_review_cloned_repos_wordy_src_pages_api_words_index.ts_chunks.txt: RetryError[<Future at 0x2ca69c150 state=finished raised RateLimitError>]
2024-09-17 16:26:11,541 - code_review.logger - INFO - Error processing file code_review/cloned_repos/yantra-frontend/chunk_data/.._code_review_cloned_repos_yantra-frontend_src_slices_userSlice.ts_chunks.txt: RetryError[<Future at 0x2d0af3550 state=finished raised RateLimitError>]
2024-09-17 16:26:11,541 - code_review.logger - INFO - Error processing file code_review/cloned_repos/yantra-frontend/chunk_data/.._code_review_cloned_repos_yantra-frontend_src_slices_userSlice.ts_chunks.txt: RetryError[<Future at 0x2d0af3550 state=finished raised RateLimitError>]
2024-09-17 16:26:11,541 - code_review.logger - INFO - Error processing file code_review/cloned_repos/yantra-frontend/chunk_data/.._code_review_cloned_repos_yantra-frontend_src_slices_userSlice.ts_chunks.txt: RetryError[<Future at 0x2d0af3550 state=finished raised RateLimitError>]
2024-09-17 16:27:28,666 - code_review.logger - INFO - Error processing file code_review/cloned_repos/yantra-frontend/chunk_data/.._code_review_cloned_repos_yantra-frontend_package-lock.json_chunks.txt: RetryError[<Future at 0x2ca1ef350 state=finished raised RateLimitError>]
2024-09-17 16:27:28,666 - code_review.logger - INFO - Error processing file code_review/cloned_repos/yantra-frontend/chunk_data/.._code_review_cloned_repos_yantra-frontend_package-lock.json_chunks.txt: RetryError[<Future at 0x2ca1ef350 state=finished raised RateLimitError>]
2024-09-17 16:27:28,666 - code_review.logger - INFO - Error processing file code_review/cloned_repos/yantra-frontend/chunk_data/.._code_review_cloned_repos_yantra-frontend_package-lock.json_chunks.txt: RetryError[<Future at 0x2ca1ef350 state=finished raised RateLimitError>]
2024-09-17 16:30:31,057 - code_review.logger - INFO - Cloning repository to: code_review/cloned_repos/lyrikplasm_backend
2024-09-17 16:30:31,057 - code_review.logger - INFO - Cloning repository to: code_review/cloned_repos/lyrikplasm_backend
2024-09-17 16:30:31,057 - code_review.logger - INFO - Cloning repository to: code_review/cloned_repos/wordy
2024-09-17 16:30:31,057 - code_review.logger - INFO - Cloning repository to: code_review/cloned_repos/lyrikplasm_backend
2024-09-17 16:30:31,057 - code_review.logger - INFO - Cloning repository to: code_review/cloned_repos/wordy
2024-09-17 16:30:31,057 - code_review.logger - INFO - Cloning repository to: code_review/cloned_repos/yantra-frontend
2024-09-17 16:30:31,057 - code_review.logger - INFO - Cloning repository to: code_review/cloned_repos/wordy
2024-09-17 16:30:31,057 - code_review.logger - INFO - Cloning repository to: code_review/cloned_repos/yantra-frontend
2024-09-17 16:30:31,057 - code_review.logger - INFO - Cloning repository to: code_review/cloned_repos/yantra-frontend
2024-09-17 16:30:37,709 - code_review.logger - INFO - Skipping file with unknown language: code_review/cloned_repos/wordy/Dockerfile
2024-09-17 16:30:37,709 - code_review.logger - INFO - Skipping file with unknown language: code_review/cloned_repos/wordy/Dockerfile
2024-09-17 16:30:37,709 - code_review.logger - INFO - Skipping file with unknown language: code_review/cloned_repos/wordy/Dockerfile
2024-09-17 16:30:37,821 - code_review.logger - INFO - Skipping file with unknown language: code_review/cloned_repos/lyrikplasm_backend/.gitignore
2024-09-17 16:30:37,821 - code_review.logger - INFO - Skipping file with unknown language: code_review/cloned_repos/lyrikplasm_backend/.gitignore
2024-09-17 16:30:37,821 - code_review.logger - INFO - Skipping file with unknown language: code_review/cloned_repos/lyrikplasm_backend/.gitignore
2024-09-17 16:30:37,823 - code_review.logger - INFO - Skipping file with unknown language: code_review/cloned_repos/wordy/.gitignore
2024-09-17 16:30:37,823 - code_review.logger - INFO - Skipping file with unknown language: code_review/cloned_repos/wordy/.gitignore
2024-09-17 16:30:37,823 - code_review.logger - INFO - Skipping file with unknown language: code_review/cloned_repos/wordy/.gitignore
2024-09-17 16:30:37,824 - code_review.logger - INFO - Skipping file with unknown language: code_review/cloned_repos/yantra-frontend/.gitignore
2024-09-17 16:30:37,824 - code_review.logger - INFO - Skipping file with unknown language: code_review/cloned_repos/yantra-frontend/.gitignore
2024-09-17 16:30:37,824 - code_review.logger - INFO - Skipping file with unknown language: code_review/cloned_repos/yantra-frontend/.gitignore
2024-09-17 16:30:38,030 - code_review.logger - INFO - Skipping file with unknown language: code_review/cloned_repos/lyrikplasm_backend/utils/email_templates/forgotPassword.handlebars
2024-09-17 16:30:38,030 - code_review.logger - INFO - Skipping file with unknown language: code_review/cloned_repos/lyrikplasm_backend/utils/email_templates/forgotPassword.handlebars
2024-09-17 16:30:38,030 - code_review.logger - INFO - Skipping file with unknown language: code_review/cloned_repos/lyrikplasm_backend/utils/email_templates/forgotPassword.handlebars
2024-09-17 16:30:38,035 - code_review.logger - INFO - Skipping file with unknown language: code_review/cloned_repos/lyrikplasm_backend/chunk_data/.._code_review_cloned_repos_lyrikplasm_backend_utils_joiValidators_songValidator.js_chunks.txt
2024-09-17 16:30:38,035 - code_review.logger - INFO - Skipping file with unknown language: code_review/cloned_repos/lyrikplasm_backend/chunk_data/.._code_review_cloned_repos_lyrikplasm_backend_utils_joiValidators_songValidator.js_chunks.txt
2024-09-17 16:30:38,035 - code_review.logger - INFO - Skipping file with unknown language: code_review/cloned_repos/lyrikplasm_backend/chunk_data/.._code_review_cloned_repos_lyrikplasm_backend_utils_joiValidators_songValidator.js_chunks.txt
2024-09-17 16:30:38,035 - code_review.logger - INFO - Skipping file with unknown language: code_review/cloned_repos/lyrikplasm_backend/chunk_data/.._code_review_cloned_repos_lyrikplasm_backend_utils_joiValidators_userValidator.js_chunks.txt
2024-09-17 16:30:38,035 - code_review.logger - INFO - Skipping file with unknown language: code_review/cloned_repos/lyrikplasm_backend/chunk_data/.._code_review_cloned_repos_lyrikplasm_backend_utils_joiValidators_userValidator.js_chunks.txt
2024-09-17 16:30:38,035 - code_review.logger - INFO - Skipping file with unknown language: code_review/cloned_repos/lyrikplasm_backend/chunk_data/.._code_review_cloned_repos_lyrikplasm_backend_utils_joiValidators_userValidator.js_chunks.txt
2024-09-17 16:30:38,036 - code_review.logger - INFO - Skipping file with unknown language: code_review/cloned_repos/lyrikplasm_backend/chunk_data/.._code_review_cloned_repos_lyrikplasm_backend_routers_userRouter.js_chunks.txt
2024-09-17 16:30:38,036 - code_review.logger - INFO - Skipping file with unknown language: code_review/cloned_repos/lyrikplasm_backend/chunk_data/.._code_review_cloned_repos_lyrikplasm_backend_routers_userRouter.js_chunks.txt
2024-09-17 16:30:38,036 - code_review.logger - INFO - Skipping file with unknown language: code_review/cloned_repos/lyrikplasm_backend/chunk_data/.._code_review_cloned_repos_lyrikplasm_backend_routers_userRouter.js_chunks.txt
2024-09-17 16:30:38,036 - code_review.logger - INFO - Skipping file with unknown language: code_review/cloned_repos/lyrikplasm_backend/chunk_data/.._code_review_cloned_repos_lyrikplasm_backend_managers_catchAsync.js_chunks.txt
2024-09-17 16:30:38,036 - code_review.logger - INFO - Skipping file with unknown language: code_review/cloned_repos/lyrikplasm_backend/chunk_data/.._code_review_cloned_repos_lyrikplasm_backend_managers_catchAsync.js_chunks.txt
2024-09-17 16:30:38,036 - code_review.logger - INFO - Skipping file with unknown language: code_review/cloned_repos/lyrikplasm_backend/chunk_data/.._code_review_cloned_repos_lyrikplasm_backend_managers_catchAsync.js_chunks.txt
2024-09-17 16:30:38,036 - code_review.logger - INFO - Skipping file with unknown language: code_review/cloned_repos/lyrikplasm_backend/chunk_data/.._code_review_cloned_repos_lyrikplasm_backend_utils_parserers_reviewUploadParserer.js_chunks.txt
2024-09-17 16:30:38,036 - code_review.logger - INFO - Skipping file with unknown language: code_review/cloned_repos/lyrikplasm_backend/chunk_data/.._code_review_cloned_repos_lyrikplasm_backend_utils_parserers_reviewUploadParserer.js_chunks.txt
2024-09-17 16:30:38,036 - code_review.logger - INFO - Skipping file with unknown language: code_review/cloned_repos/lyrikplasm_backend/chunk_data/.._code_review_cloned_repos_lyrikplasm_backend_utils_parserers_reviewUploadParserer.js_chunks.txt
2024-09-17 16:30:38,036 - code_review.logger - INFO - Skipping file with unknown language: code_review/cloned_repos/lyrikplasm_backend/chunk_data/.._code_review_cloned_repos_lyrikplasm_backend_utils_multerConfigs_multerFilter.js_chunks.txt
2024-09-17 16:30:38,036 - code_review.logger - INFO - Skipping file with unknown language: code_review/cloned_repos/lyrikplasm_backend/chunk_data/.._code_review_cloned_repos_lyrikplasm_backend_utils_multerConfigs_multerFilter.js_chunks.txt
2024-09-17 16:30:38,036 - code_review.logger - INFO - Skipping file with unknown language: code_review/cloned_repos/lyrikplasm_backend/chunk_data/.._code_review_cloned_repos_lyrikplasm_backend_utils_multerConfigs_multerFilter.js_chunks.txt
2024-09-17 16:30:38,036 - code_review.logger - INFO - Skipping file with unknown language: code_review/cloned_repos/lyrikplasm_backend/chunk_data/.._code_review_cloned_repos_lyrikplasm_backend_constants.js_chunks.txt
2024-09-17 16:30:38,036 - code_review.logger - INFO - Skipping file with unknown language: code_review/cloned_repos/lyrikplasm_backend/chunk_data/.._code_review_cloned_repos_lyrikplasm_backend_constants.js_chunks.txt
2024-09-17 16:30:38,036 - code_review.logger - INFO - Skipping file with unknown language: code_review/cloned_repos/lyrikplasm_backend/chunk_data/.._code_review_cloned_repos_lyrikplasm_backend_constants.js_chunks.txt
2024-09-17 16:30:38,036 - code_review.logger - INFO - Skipping file with unknown language: code_review/cloned_repos/lyrikplasm_backend/chunk_data/.._code_review_cloned_repos_lyrikplasm_backend_utils_uploadPic.js_chunks.txt
2024-09-17 16:30:38,036 - code_review.logger - INFO - Skipping file with unknown language: code_review/cloned_repos/lyrikplasm_backend/chunk_data/.._code_review_cloned_repos_lyrikplasm_backend_utils_uploadPic.js_chunks.txt
2024-09-17 16:30:38,036 - code_review.logger - INFO - Skipping file with unknown language: code_review/cloned_repos/lyrikplasm_backend/chunk_data/.._code_review_cloned_repos_lyrikplasm_backend_utils_uploadPic.js_chunks.txt
2024-09-17 16:30:38,036 - code_review.logger - INFO - Skipping file with unknown language: code_review/cloned_repos/lyrikplasm_backend/chunk_data/.._code_review_cloned_repos_lyrikplasm_backend_utils_paymentsHandler.js_chunks.txt
2024-09-17 16:30:38,036 - code_review.logger - INFO - Skipping file with unknown language: code_review/cloned_repos/lyrikplasm_backend/chunk_data/.._code_review_cloned_repos_lyrikplasm_backend_utils_paymentsHandler.js_chunks.txt
2024-09-17 16:30:38,036 - code_review.logger - INFO - Skipping file with unknown language: code_review/cloned_repos/lyrikplasm_backend/chunk_data/.._code_review_cloned_repos_lyrikplasm_backend_utils_paymentsHandler.js_chunks.txt
2024-09-17 16:30:38,036 - code_review.logger - INFO - Skipping file with unknown language: code_review/cloned_repos/lyrikplasm_backend/chunk_data/.._code_review_cloned_repos_lyrikplasm_backend_managers_DB.js_chunks.txt
2024-09-17 16:30:38,036 - code_review.logger - INFO - Skipping file with unknown language: code_review/cloned_repos/lyrikplasm_backend/chunk_data/.._code_review_cloned_repos_lyrikplasm_backend_managers_DB.js_chunks.txt
2024-09-17 16:30:38,036 - code_review.logger - INFO - Skipping file with unknown language: code_review/cloned_repos/lyrikplasm_backend/chunk_data/.._code_review_cloned_repos_lyrikplasm_backend_managers_DB.js_chunks.txt
2024-09-17 16:30:38,036 - code_review.logger - INFO - Skipping file with unknown language: code_review/cloned_repos/lyrikplasm_backend/chunk_data/.._code_review_cloned_repos_lyrikplasm_backend_package-lock.json_chunks.txt
2024-09-17 16:30:38,036 - code_review.logger - INFO - Skipping file with unknown language: code_review/cloned_repos/lyrikplasm_backend/chunk_data/.._code_review_cloned_repos_lyrikplasm_backend_package-lock.json_chunks.txt
2024-09-17 16:30:38,036 - code_review.logger - INFO - Skipping file with unknown language: code_review/cloned_repos/lyrikplasm_backend/chunk_data/.._code_review_cloned_repos_lyrikplasm_backend_package-lock.json_chunks.txt
2024-09-17 16:30:38,036 - code_review.logger - INFO - Skipping file with unknown language: code_review/cloned_repos/lyrikplasm_backend/chunk_data/.._code_review_cloned_repos_lyrikplasm_backend_utils_joiValidators_reviewValidator.js_chunks.txt
2024-09-17 16:30:38,036 - code_review.logger - INFO - Skipping file with unknown language: code_review/cloned_repos/lyrikplasm_backend/chunk_data/.._code_review_cloned_repos_lyrikplasm_backend_utils_joiValidators_reviewValidator.js_chunks.txt
2024-09-17 16:30:38,036 - code_review.logger - INFO - Skipping file with unknown language: code_review/cloned_repos/lyrikplasm_backend/chunk_data/.._code_review_cloned_repos_lyrikplasm_backend_utils_joiValidators_reviewValidator.js_chunks.txt
2024-09-17 16:30:38,037 - code_review.logger - INFO - Skipping file with unknown language: code_review/cloned_repos/lyrikplasm_backend/chunk_data/.._code_review_cloned_repos_lyrikplasm_backend_package.json_chunks.txt
2024-09-17 16:30:38,037 - code_review.logger - INFO - Skipping file with unknown language: code_review/cloned_repos/lyrikplasm_backend/chunk_data/.._code_review_cloned_repos_lyrikplasm_backend_package.json_chunks.txt
2024-09-17 16:30:38,037 - code_review.logger - INFO - Skipping file with unknown language: code_review/cloned_repos/lyrikplasm_backend/chunk_data/.._code_review_cloned_repos_lyrikplasm_backend_package.json_chunks.txt
2024-09-17 16:30:38,037 - code_review.logger - INFO - Skipping file with unknown language: code_review/cloned_repos/lyrikplasm_backend/chunk_data/.._code_review_cloned_repos_lyrikplasm_backend_app.js_chunks.txt
2024-09-17 16:30:38,037 - code_review.logger - INFO - Skipping file with unknown language: code_review/cloned_repos/lyrikplasm_backend/chunk_data/.._code_review_cloned_repos_lyrikplasm_backend_app.js_chunks.txt
2024-09-17 16:30:38,037 - code_review.logger - INFO - Skipping file with unknown language: code_review/cloned_repos/lyrikplasm_backend/chunk_data/.._code_review_cloned_repos_lyrikplasm_backend_app.js_chunks.txt
2024-09-17 16:30:38,037 - code_review.logger - INFO - Skipping file with unknown language: code_review/cloned_repos/lyrikplasm_backend/chunk_data/.._code_review_cloned_repos_lyrikplasm_backend_utils_resizePic.js_chunks.txt
2024-09-17 16:30:38,037 - code_review.logger - INFO - Skipping file with unknown language: code_review/cloned_repos/lyrikplasm_backend/chunk_data/.._code_review_cloned_repos_lyrikplasm_backend_utils_resizePic.js_chunks.txt
2024-09-17 16:30:38,037 - code_review.logger - INFO - Skipping file with unknown language: code_review/cloned_repos/lyrikplasm_backend/chunk_data/.._code_review_cloned_repos_lyrikplasm_backend_utils_resizePic.js_chunks.txt
2024-09-17 16:30:38,037 - code_review.logger - INFO - Skipping file with unknown language: code_review/cloned_repos/lyrikplasm_backend/chunk_data/.._code_review_cloned_repos_lyrikplasm_backend_managers_AppError.js_chunks.txt
2024-09-17 16:30:38,037 - code_review.logger - INFO - Skipping file with unknown language: code_review/cloned_repos/lyrikplasm_backend/chunk_data/.._code_review_cloned_repos_lyrikplasm_backend_managers_AppError.js_chunks.txt
2024-09-17 16:30:38,037 - code_review.logger - INFO - Skipping file with unknown language: code_review/cloned_repos/lyrikplasm_backend/chunk_data/.._code_review_cloned_repos_lyrikplasm_backend_managers_AppError.js_chunks.txt
2024-09-17 16:30:38,037 - code_review.logger - INFO - Skipping file with unknown language: code_review/cloned_repos/lyrikplasm_backend/chunk_data/.._code_review_cloned_repos_lyrikplasm_backend_utils_HandlerFactory.js_chunks.txt
2024-09-17 16:30:38,037 - code_review.logger - INFO - Skipping file with unknown language: code_review/cloned_repos/lyrikplasm_backend/chunk_data/.._code_review_cloned_repos_lyrikplasm_backend_utils_HandlerFactory.js_chunks.txt
2024-09-17 16:30:38,037 - code_review.logger - INFO - Skipping file with unknown language: code_review/cloned_repos/lyrikplasm_backend/chunk_data/.._code_review_cloned_repos_lyrikplasm_backend_utils_HandlerFactory.js_chunks.txt
2024-09-17 16:30:38,037 - code_review.logger - INFO - Skipping file with unknown language: code_review/cloned_repos/lyrikplasm_backend/chunk_data/.._code_review_cloned_repos_lyrikplasm_backend_utils_APIFeatures.js_chunks.txt
2024-09-17 16:30:38,037 - code_review.logger - INFO - Skipping file with unknown language: code_review/cloned_repos/lyrikplasm_backend/chunk_data/.._code_review_cloned_repos_lyrikplasm_backend_utils_APIFeatures.js_chunks.txt
2024-09-17 16:30:38,037 - code_review.logger - INFO - Skipping file with unknown language: code_review/cloned_repos/lyrikplasm_backend/chunk_data/.._code_review_cloned_repos_lyrikplasm_backend_utils_APIFeatures.js_chunks.txt
2024-09-17 16:30:38,037 - code_review.logger - INFO - Skipping file with unknown language: code_review/cloned_repos/lyrikplasm_backend/chunk_data/.._code_review_cloned_repos_lyrikplasm_backend_routers_reviewRouter.js_chunks.txt
2024-09-17 16:30:38,037 - code_review.logger - INFO - Skipping file with unknown language: code_review/cloned_repos/lyrikplasm_backend/chunk_data/.._code_review_cloned_repos_lyrikplasm_backend_routers_reviewRouter.js_chunks.txt
2024-09-17 16:30:38,037 - code_review.logger - INFO - Skipping file with unknown language: code_review/cloned_repos/lyrikplasm_backend/chunk_data/.._code_review_cloned_repos_lyrikplasm_backend_routers_reviewRouter.js_chunks.txt
2024-09-17 16:30:38,037 - code_review.logger - INFO - Skipping file with unknown language: code_review/cloned_repos/lyrikplasm_backend/chunk_data/.._code_review_cloned_repos_lyrikplasm_backend_routers_songRouter.js_chunks.txt
2024-09-17 16:30:38,037 - code_review.logger - INFO - Skipping file with unknown language: code_review/cloned_repos/lyrikplasm_backend/chunk_data/.._code_review_cloned_repos_lyrikplasm_backend_routers_songRouter.js_chunks.txt
2024-09-17 16:30:38,037 - code_review.logger - INFO - Skipping file with unknown language: code_review/cloned_repos/lyrikplasm_backend/chunk_data/.._code_review_cloned_repos_lyrikplasm_backend_routers_songRouter.js_chunks.txt
2024-09-17 16:30:38,037 - code_review.logger - INFO - Skipping file with unknown language: code_review/cloned_repos/lyrikplasm_backend/chunk_data/.._code_review_cloned_repos_lyrikplasm_backend_utils_Email.js_chunks.txt
2024-09-17 16:30:38,037 - code_review.logger - INFO - Skipping file with unknown language: code_review/cloned_repos/lyrikplasm_backend/chunk_data/.._code_review_cloned_repos_lyrikplasm_backend_utils_Email.js_chunks.txt
2024-09-17 16:30:38,037 - code_review.logger - INFO - Skipping file with unknown language: code_review/cloned_repos/lyrikplasm_backend/chunk_data/.._code_review_cloned_repos_lyrikplasm_backend_utils_Email.js_chunks.txt
2024-09-17 16:30:38,037 - code_review.logger - INFO - Skipping file with unknown language: code_review/cloned_repos/lyrikplasm_backend/chunk_data/.._code_review_cloned_repos_lyrikplasm_backend_managers_baseErrorManager.js_chunks.txt
2024-09-17 16:30:38,037 - code_review.logger - INFO - Skipping file with unknown language: code_review/cloned_repos/lyrikplasm_backend/chunk_data/.._code_review_cloned_repos_lyrikplasm_backend_managers_baseErrorManager.js_chunks.txt
2024-09-17 16:30:38,037 - code_review.logger - INFO - Skipping file with unknown language: code_review/cloned_repos/lyrikplasm_backend/chunk_data/.._code_review_cloned_repos_lyrikplasm_backend_managers_baseErrorManager.js_chunks.txt
2024-09-17 16:30:38,037 - code_review.logger - INFO - Skipping file with unknown language: code_review/cloned_repos/lyrikplasm_backend/chunk_data/.._code_review_cloned_repos_lyrikplasm_backend_utils_multerConfigs_multerDiskStorage.js_chunks.txt
2024-09-17 16:30:38,037 - code_review.logger - INFO - Skipping file with unknown language: code_review/cloned_repos/lyrikplasm_backend/chunk_data/.._code_review_cloned_repos_lyrikplasm_backend_utils_multerConfigs_multerDiskStorage.js_chunks.txt
2024-09-17 16:30:38,037 - code_review.logger - INFO - Skipping file with unknown language: code_review/cloned_repos/lyrikplasm_backend/chunk_data/.._code_review_cloned_repos_lyrikplasm_backend_utils_multerConfigs_multerDiskStorage.js_chunks.txt
2024-09-17 16:30:38,037 - code_review.logger - INFO - Skipping file with unknown language: code_review/cloned_repos/lyrikplasm_backend/chunk_data/.._code_review_cloned_repos_lyrikplasm_backend_managers_envHandler.js_chunks.txt
2024-09-17 16:30:38,037 - code_review.logger - INFO - Skipping file with unknown language: code_review/cloned_repos/lyrikplasm_backend/chunk_data/.._code_review_cloned_repos_lyrikplasm_backend_managers_envHandler.js_chunks.txt
2024-09-17 16:30:38,037 - code_review.logger - INFO - Skipping file with unknown language: code_review/cloned_repos/lyrikplasm_backend/chunk_data/.._code_review_cloned_repos_lyrikplasm_backend_managers_envHandler.js_chunks.txt
2024-09-17 16:30:38,037 - code_review.logger - INFO - Skipping file with unknown language: code_review/cloned_repos/lyrikplasm_backend/chunk_data/.._code_review_cloned_repos_lyrikplasm_backend_utils_parserers_songUploadParserer.js_chunks.txt
2024-09-17 16:30:38,037 - code_review.logger - INFO - Skipping file with unknown language: code_review/cloned_repos/lyrikplasm_backend/chunk_data/.._code_review_cloned_repos_lyrikplasm_backend_utils_parserers_songUploadParserer.js_chunks.txt
2024-09-17 16:30:38,037 - code_review.logger - INFO - Skipping file with unknown language: code_review/cloned_repos/lyrikplasm_backend/chunk_data/.._code_review_cloned_repos_lyrikplasm_backend_utils_parserers_songUploadParserer.js_chunks.txt
2024-09-17 16:30:38,040 - code_review.logger - INFO - Skipping file with unknown language: code_review/cloned_repos/lyrikplasm_backend/static/email_template_background.jpg
2024-09-17 16:30:38,040 - code_review.logger - INFO - Skipping file with unknown language: code_review/cloned_repos/lyrikplasm_backend/static/email_template_background.jpg
2024-09-17 16:30:38,040 - code_review.logger - INFO - Skipping file with unknown language: code_review/cloned_repos/lyrikplasm_backend/static/email_template_background.jpg
2024-09-17 16:30:38,068 - code_review.logger - INFO - Skipping file with unknown language: code_review/cloned_repos/yantra-frontend/chunk_data/.._code_review_cloned_repos_yantra-frontend_.eslintrc.json_chunks.txt
2024-09-17 16:30:38,068 - code_review.logger - INFO - Skipping file with unknown language: code_review/cloned_repos/yantra-frontend/chunk_data/.._code_review_cloned_repos_yantra-frontend_.eslintrc.json_chunks.txt
2024-09-17 16:30:38,068 - code_review.logger - INFO - Skipping file with unknown language: code_review/cloned_repos/yantra-frontend/chunk_data/.._code_review_cloned_repos_yantra-frontend_.eslintrc.json_chunks.txt
2024-09-17 16:30:38,068 - code_review.logger - INFO - Skipping file with unknown language: code_review/cloned_repos/yantra-frontend/chunk_data/.._code_review_cloned_repos_yantra-frontend_package.json_chunks.txt
2024-09-17 16:30:38,068 - code_review.logger - INFO - Skipping file with unknown language: code_review/cloned_repos/yantra-frontend/chunk_data/.._code_review_cloned_repos_yantra-frontend_package.json_chunks.txt
2024-09-17 16:30:38,068 - code_review.logger - INFO - Skipping file with unknown language: code_review/cloned_repos/yantra-frontend/chunk_data/.._code_review_cloned_repos_yantra-frontend_package.json_chunks.txt
2024-09-17 16:30:38,068 - code_review.logger - INFO - Skipping file with unknown language: code_review/cloned_repos/yantra-frontend/chunk_data/.._code_review_cloned_repos_yantra-frontend_tsconfig.json_chunks.txt
2024-09-17 16:30:38,068 - code_review.logger - INFO - Skipping file with unknown language: code_review/cloned_repos/yantra-frontend/chunk_data/.._code_review_cloned_repos_yantra-frontend_tsconfig.json_chunks.txt
2024-09-17 16:30:38,068 - code_review.logger - INFO - Skipping file with unknown language: code_review/cloned_repos/yantra-frontend/chunk_data/.._code_review_cloned_repos_yantra-frontend_tsconfig.json_chunks.txt
2024-09-17 16:30:38,068 - code_review.logger - INFO - Skipping file with unknown language: code_review/cloned_repos/yantra-frontend/chunk_data/.._code_review_cloned_repos_yantra-frontend_package-lock.json_chunks.txt
2024-09-17 16:30:38,068 - code_review.logger - INFO - Skipping file with unknown language: code_review/cloned_repos/yantra-frontend/chunk_data/.._code_review_cloned_repos_yantra-frontend_package-lock.json_chunks.txt
2024-09-17 16:30:38,068 - code_review.logger - INFO - Skipping file with unknown language: code_review/cloned_repos/yantra-frontend/chunk_data/.._code_review_cloned_repos_yantra-frontend_package-lock.json_chunks.txt
2024-09-17 16:30:38,068 - code_review.logger - INFO - Skipping file with unknown language: code_review/cloned_repos/yantra-frontend/chunk_data/.._code_review_cloned_repos_yantra-frontend_README.md_chunks.txt
2024-09-17 16:30:38,068 - code_review.logger - INFO - Skipping file with unknown language: code_review/cloned_repos/yantra-frontend/chunk_data/.._code_review_cloned_repos_yantra-frontend_README.md_chunks.txt
2024-09-17 16:30:38,068 - code_review.logger - INFO - Skipping file with unknown language: code_review/cloned_repos/yantra-frontend/chunk_data/.._code_review_cloned_repos_yantra-frontend_README.md_chunks.txt
2024-09-17 16:30:38,068 - code_review.logger - INFO - Skipping file with unknown language: code_review/cloned_repos/yantra-frontend/chunk_data/.._code_review_cloned_repos_yantra-frontend_postcss.config.js_chunks.txt
2024-09-17 16:30:38,068 - code_review.logger - INFO - Skipping file with unknown language: code_review/cloned_repos/yantra-frontend/chunk_data/.._code_review_cloned_repos_yantra-frontend_postcss.config.js_chunks.txt
2024-09-17 16:30:38,068 - code_review.logger - INFO - Skipping file with unknown language: code_review/cloned_repos/yantra-frontend/chunk_data/.._code_review_cloned_repos_yantra-frontend_postcss.config.js_chunks.txt
2024-09-17 16:30:38,069 - code_review.logger - INFO - Skipping file with unknown language: code_review/cloned_repos/yantra-frontend/chunk_data/.._code_review_cloned_repos_yantra-frontend_tailwind.config.js_chunks.txt
2024-09-17 16:30:38,069 - code_review.logger - INFO - Skipping file with unknown language: code_review/cloned_repos/yantra-frontend/chunk_data/.._code_review_cloned_repos_yantra-frontend_tailwind.config.js_chunks.txt
2024-09-17 16:30:38,069 - code_review.logger - INFO - Skipping file with unknown language: code_review/cloned_repos/yantra-frontend/chunk_data/.._code_review_cloned_repos_yantra-frontend_tailwind.config.js_chunks.txt
2024-09-17 16:30:38,069 - code_review.logger - INFO - Skipping file with unknown language: code_review/cloned_repos/yantra-frontend/chunk_data/.._code_review_cloned_repos_yantra-frontend_next.config.js_chunks.txt
2024-09-17 16:30:38,069 - code_review.logger - INFO - Skipping file with unknown language: code_review/cloned_repos/yantra-frontend/chunk_data/.._code_review_cloned_repos_yantra-frontend_next.config.js_chunks.txt
2024-09-17 16:30:38,069 - code_review.logger - INFO - Skipping file with unknown language: code_review/cloned_repos/yantra-frontend/chunk_data/.._code_review_cloned_repos_yantra-frontend_next.config.js_chunks.txt
2024-09-17 16:30:38,069 - code_review.logger - INFO - Skipping file with unknown language: code_review/cloned_repos/yantra-frontend/public/threePeople.png
2024-09-17 16:30:38,069 - code_review.logger - INFO - Skipping file with unknown language: code_review/cloned_repos/yantra-frontend/public/threePeople.png
2024-09-17 16:30:38,069 - code_review.logger - INFO - Skipping file with unknown language: code_review/cloned_repos/yantra-frontend/public/threePeople.png
2024-09-17 16:30:38,069 - code_review.logger - INFO - Skipping file with unknown language: code_review/cloned_repos/yantra-frontend/public/favicon.ico
2024-09-17 16:30:38,069 - code_review.logger - INFO - Skipping file with unknown language: code_review/cloned_repos/yantra-frontend/public/favicon.ico
2024-09-17 16:30:38,069 - code_review.logger - INFO - Skipping file with unknown language: code_review/cloned_repos/yantra-frontend/public/favicon.ico
2024-09-17 16:30:38,069 - code_review.logger - INFO - Skipping file with unknown language: code_review/cloned_repos/yantra-frontend/public/samplePhoto.avif
2024-09-17 16:30:38,069 - code_review.logger - INFO - Skipping file with unknown language: code_review/cloned_repos/yantra-frontend/public/samplePhoto.avif
2024-09-17 16:30:38,069 - code_review.logger - INFO - Skipping file with unknown language: code_review/cloned_repos/yantra-frontend/public/samplePhoto.avif
2024-09-17 16:30:38,069 - code_review.logger - INFO - Skipping file with unknown language: code_review/cloned_repos/yantra-frontend/public/singlePerson.svg
2024-09-17 16:30:38,069 - code_review.logger - INFO - Skipping file with unknown language: code_review/cloned_repos/yantra-frontend/public/singlePerson.svg
2024-09-17 16:30:38,069 - code_review.logger - INFO - Skipping file with unknown language: code_review/cloned_repos/yantra-frontend/public/singlePerson.svg
2024-09-17 16:30:38,069 - code_review.logger - INFO - Skipping file with unknown language: code_review/cloned_repos/yantra-frontend/public/SharingPeople.svg
2024-09-17 16:30:38,069 - code_review.logger - INFO - Skipping file with unknown language: code_review/cloned_repos/yantra-frontend/public/SharingPeople.svg
2024-09-17 16:30:38,069 - code_review.logger - INFO - Skipping file with unknown language: code_review/cloned_repos/yantra-frontend/public/SharingPeople.svg
2024-09-17 16:30:38,069 - code_review.logger - INFO - Skipping file with unknown language: code_review/cloned_repos/yantra-frontend/public/thirteen.svg
2024-09-17 16:30:38,069 - code_review.logger - INFO - Skipping file with unknown language: code_review/cloned_repos/yantra-frontend/public/thirteen.svg
2024-09-17 16:30:38,069 - code_review.logger - INFO - Skipping file with unknown language: code_review/cloned_repos/yantra-frontend/public/thirteen.svg
2024-09-17 16:30:38,069 - code_review.logger - INFO - Skipping file with unknown language: code_review/cloned_repos/yantra-frontend/public/peopleBox.png
2024-09-17 16:30:38,069 - code_review.logger - INFO - Skipping file with unknown language: code_review/cloned_repos/yantra-frontend/public/peopleBox.png
2024-09-17 16:30:38,069 - code_review.logger - INFO - Skipping file with unknown language: code_review/cloned_repos/yantra-frontend/public/peopleBox.png
2024-09-17 16:30:38,069 - code_review.logger - INFO - Skipping file with unknown language: code_review/cloned_repos/yantra-frontend/public/threePeople.svg
2024-09-17 16:30:38,069 - code_review.logger - INFO - Skipping file with unknown language: code_review/cloned_repos/yantra-frontend/public/threePeople.svg
2024-09-17 16:30:38,069 - code_review.logger - INFO - Skipping file with unknown language: code_review/cloned_repos/yantra-frontend/public/threePeople.svg
2024-09-17 16:30:38,069 - code_review.logger - INFO - Skipping file with unknown language: code_review/cloned_repos/yantra-frontend/public/Logo.png
2024-09-17 16:30:38,069 - code_review.logger - INFO - Skipping file with unknown language: code_review/cloned_repos/yantra-frontend/public/Logo.png
2024-09-17 16:30:38,069 - code_review.logger - INFO - Skipping file with unknown language: code_review/cloned_repos/yantra-frontend/public/Logo.png
2024-09-17 16:30:38,069 - code_review.logger - INFO - Skipping file with unknown language: code_review/cloned_repos/yantra-frontend/public/vercel.svg
2024-09-17 16:30:38,069 - code_review.logger - INFO - Skipping file with unknown language: code_review/cloned_repos/yantra-frontend/public/vercel.svg
2024-09-17 16:30:38,069 - code_review.logger - INFO - Skipping file with unknown language: code_review/cloned_repos/yantra-frontend/public/vercel.svg
2024-09-17 16:30:38,069 - code_review.logger - INFO - Skipping file with unknown language: code_review/cloned_repos/yantra-frontend/public/next.svg
2024-09-17 16:30:38,069 - code_review.logger - INFO - Skipping file with unknown language: code_review/cloned_repos/yantra-frontend/public/next.svg
2024-09-17 16:30:38,069 - code_review.logger - INFO - Skipping file with unknown language: code_review/cloned_repos/yantra-frontend/public/next.svg
2024-09-17 16:30:38,069 - code_review.logger - INFO - Skipping file with unknown language: code_review/cloned_repos/yantra-frontend/public/SmallLogoBlack.svg
2024-09-17 16:30:38,069 - code_review.logger - INFO - Skipping file with unknown language: code_review/cloned_repos/yantra-frontend/public/SmallLogoBlack.svg
2024-09-17 16:30:38,069 - code_review.logger - INFO - Skipping file with unknown language: code_review/cloned_repos/yantra-frontend/public/SmallLogoBlack.svg
2024-09-17 16:30:38,070 - code_review.logger - INFO - Skipping file with unknown language: code_review/cloned_repos/yantra-frontend/public/LogoBlack.svg
2024-09-17 16:30:38,070 - code_review.logger - INFO - Skipping file with unknown language: code_review/cloned_repos/yantra-frontend/public/LogoBlack.svg
2024-09-17 16:30:38,070 - code_review.logger - INFO - Skipping file with unknown language: code_review/cloned_repos/yantra-frontend/public/LogoBlack.svg
2024-09-17 16:30:38,070 - code_review.logger - INFO - Skipping file with unknown language: code_review/cloned_repos/yantra-frontend/public/singlePersonFlipped.svg
2024-09-17 16:30:38,070 - code_review.logger - INFO - Skipping file with unknown language: code_review/cloned_repos/yantra-frontend/public/singlePersonFlipped.svg
2024-09-17 16:30:38,070 - code_review.logger - INFO - Skipping file with unknown language: code_review/cloned_repos/yantra-frontend/public/singlePersonFlipped.svg
2024-09-17 16:30:38,070 - code_review.logger - INFO - Skipping file with unknown language: code_review/cloned_repos/yantra-frontend/public/Logo.svg
2024-09-17 16:30:38,070 - code_review.logger - INFO - Skipping file with unknown language: code_review/cloned_repos/yantra-frontend/public/Logo.svg
2024-09-17 16:30:38,070 - code_review.logger - INFO - Skipping file with unknown language: code_review/cloned_repos/yantra-frontend/public/Logo.svg
2024-09-17 16:30:38,070 - code_review.logger - INFO - Skipping file with unknown language: code_review/cloned_repos/yantra-frontend/public/svg-icons/LeftPencilStroke.png
2024-09-17 16:30:38,070 - code_review.logger - INFO - Skipping file with unknown language: code_review/cloned_repos/yantra-frontend/public/svg-icons/LeftPencilStroke.png
2024-09-17 16:30:38,070 - code_review.logger - INFO - Skipping file with unknown language: code_review/cloned_repos/yantra-frontend/public/svg-icons/LeftPencilStroke.png
2024-09-17 16:30:38,070 - code_review.logger - INFO - Skipping file with unknown language: code_review/cloned_repos/yantra-frontend/public/svg-icons/sad face.svg
2024-09-17 16:30:38,070 - code_review.logger - INFO - Skipping file with unknown language: code_review/cloned_repos/yantra-frontend/public/svg-icons/sad face.svg
2024-09-17 16:30:38,070 - code_review.logger - INFO - Skipping file with unknown language: code_review/cloned_repos/yantra-frontend/public/svg-icons/sad face.svg
2024-09-17 16:30:38,070 - code_review.logger - INFO - Skipping file with unknown language: code_review/cloned_repos/yantra-frontend/public/svg-icons/content face.svg
2024-09-17 16:30:38,070 - code_review.logger - INFO - Skipping file with unknown language: code_review/cloned_repos/yantra-frontend/public/svg-icons/content face.svg
2024-09-17 16:30:38,070 - code_review.logger - INFO - Skipping file with unknown language: code_review/cloned_repos/yantra-frontend/public/svg-icons/content face.svg
2024-09-17 16:30:38,070 - code_review.logger - INFO - Skipping file with unknown language: code_review/cloned_repos/yantra-frontend/public/svg-icons/angry face.svg
2024-09-17 16:30:38,070 - code_review.logger - INFO - Skipping file with unknown language: code_review/cloned_repos/yantra-frontend/public/svg-icons/angry face.svg
2024-09-17 16:30:38,070 - code_review.logger - INFO - Skipping file with unknown language: code_review/cloned_repos/yantra-frontend/public/svg-icons/angry face.svg
2024-09-17 16:30:38,070 - code_review.logger - INFO - Skipping file with unknown language: code_review/cloned_repos/yantra-frontend/public/svg-icons/happy face.svg
2024-09-17 16:30:38,070 - code_review.logger - INFO - Skipping file with unknown language: code_review/cloned_repos/yantra-frontend/public/svg-icons/happy face.svg
2024-09-17 16:30:38,070 - code_review.logger - INFO - Skipping file with unknown language: code_review/cloned_repos/yantra-frontend/public/svg-icons/happy face.svg
2024-09-17 16:30:38,070 - code_review.logger - INFO - Skipping file with unknown language: code_review/cloned_repos/yantra-frontend/public/svg-icons/RightPencilStroke.png
2024-09-17 16:30:38,070 - code_review.logger - INFO - Skipping file with unknown language: code_review/cloned_repos/yantra-frontend/public/svg-icons/RightPencilStroke.png
2024-09-17 16:30:38,070 - code_review.logger - INFO - Skipping file with unknown language: code_review/cloned_repos/yantra-frontend/public/svg-icons/RightPencilStroke.png
2024-09-17 16:30:38,070 - code_review.logger - INFO - Skipping file with unknown language: code_review/cloned_repos/yantra-frontend/public/svg-icons/meh face.svg
2024-09-17 16:30:38,070 - code_review.logger - INFO - Skipping file with unknown language: code_review/cloned_repos/yantra-frontend/public/svg-icons/meh face.svg
2024-09-17 16:30:38,070 - code_review.logger - INFO - Skipping file with unknown language: code_review/cloned_repos/yantra-frontend/public/svg-icons/meh face.svg
2024-09-17 16:30:38,071 - code_review.logger - INFO - Skipping file with unknown language: code_review/cloned_repos/yantra-frontend/src/wrappers/main.tsx
2024-09-17 16:30:38,071 - code_review.logger - INFO - Skipping file with unknown language: code_review/cloned_repos/yantra-frontend/src/wrappers/main.tsx
2024-09-17 16:30:38,071 - code_review.logger - INFO - Skipping file with unknown language: code_review/cloned_repos/yantra-frontend/src/wrappers/main.tsx
2024-09-17 16:30:38,071 - code_review.logger - INFO - Skipping file with unknown language: code_review/cloned_repos/yantra-frontend/src/sections/Groups/newGroup.tsx
2024-09-17 16:30:38,071 - code_review.logger - INFO - Skipping file with unknown language: code_review/cloned_repos/yantra-frontend/src/sections/Groups/newGroup.tsx
2024-09-17 16:30:38,071 - code_review.logger - INFO - Skipping file with unknown language: code_review/cloned_repos/yantra-frontend/src/sections/Groups/newGroup.tsx
2024-09-17 16:30:38,071 - code_review.logger - INFO - Skipping file with unknown language: code_review/cloned_repos/yantra-frontend/src/sections/Events/new_event.tsx
2024-09-17 16:30:38,071 - code_review.logger - INFO - Skipping file with unknown language: code_review/cloned_repos/yantra-frontend/src/sections/Events/new_event.tsx
2024-09-17 16:30:38,071 - code_review.logger - INFO - Skipping file with unknown language: code_review/cloned_repos/yantra-frontend/src/sections/Events/new_event.tsx
2024-09-17 16:30:38,071 - code_review.logger - INFO - Skipping file with unknown language: code_review/cloned_repos/yantra-frontend/src/sections/Events/edit_event.tsx
2024-09-17 16:30:38,071 - code_review.logger - INFO - Skipping file with unknown language: code_review/cloned_repos/yantra-frontend/src/sections/Events/edit_event.tsx
2024-09-17 16:30:38,071 - code_review.logger - INFO - Skipping file with unknown language: code_review/cloned_repos/yantra-frontend/src/sections/Events/edit_event.tsx
2024-09-17 16:30:38,078 - code_review.logger - INFO - Skipping file with unknown language: code_review/cloned_repos/yantra-frontend/src/config/cookies.tsx
2024-09-17 16:30:38,078 - code_review.logger - INFO - Skipping file with unknown language: code_review/cloned_repos/yantra-frontend/src/config/cookies.tsx
2024-09-17 16:30:38,078 - code_review.logger - INFO - Skipping file with unknown language: code_review/cloned_repos/yantra-frontend/src/config/cookies.tsx
2024-09-17 16:30:38,088 - code_review.logger - INFO - Skipping file with unknown language: code_review/cloned_repos/yantra-frontend/src/utils/render_content_with_links.tsx
2024-09-17 16:30:38,088 - code_review.logger - INFO - Skipping file with unknown language: code_review/cloned_repos/yantra-frontend/src/utils/render_content_with_links.tsx
2024-09-17 16:30:38,088 - code_review.logger - INFO - Skipping file with unknown language: code_review/cloned_repos/yantra-frontend/src/utils/render_content_with_links.tsx
2024-09-17 16:30:38,090 - code_review.logger - INFO - Skipping file with unknown language: code_review/cloned_repos/yantra-frontend/src/utils/funcs/get_icon.tsx
2024-09-17 16:30:38,090 - code_review.logger - INFO - Skipping file with unknown language: code_review/cloned_repos/yantra-frontend/src/utils/funcs/get_icon.tsx
2024-09-17 16:30:38,090 - code_review.logger - INFO - Skipping file with unknown language: code_review/cloned_repos/yantra-frontend/src/utils/funcs/get_icon.tsx
2024-09-17 16:30:38,094 - code_review.logger - INFO - Skipping file with unknown language: code_review/cloned_repos/yantra-frontend/src/components/fillers/feed.tsx
2024-09-17 16:30:38,094 - code_review.logger - INFO - Skipping file with unknown language: code_review/cloned_repos/yantra-frontend/src/components/fillers/feed.tsx
2024-09-17 16:30:38,094 - code_review.logger - INFO - Skipping file with unknown language: code_review/cloned_repos/yantra-frontend/src/components/fillers/feed.tsx
2024-09-17 16:30:38,094 - code_review.logger - INFO - Skipping file with unknown language: code_review/cloned_repos/yantra-frontend/src/components/fillers/mascot.tsx
2024-09-17 16:30:38,094 - code_review.logger - INFO - Skipping file with unknown language: code_review/cloned_repos/yantra-frontend/src/components/fillers/mascot.tsx
2024-09-17 16:30:38,094 - code_review.logger - INFO - Skipping file with unknown language: code_review/cloned_repos/yantra-frontend/src/components/fillers/mascot.tsx
2024-09-17 16:30:38,094 - code_review.logger - INFO - Skipping file with unknown language: code_review/cloned_repos/yantra-frontend/src/components/Navbar/index.tsx
2024-09-17 16:30:38,094 - code_review.logger - INFO - Skipping file with unknown language: code_review/cloned_repos/yantra-frontend/src/components/Navbar/index.tsx
2024-09-17 16:30:38,094 - code_review.logger - INFO - Skipping file with unknown language: code_review/cloned_repos/yantra-frontend/src/components/Navbar/index.tsx
2024-09-17 16:30:38,094 - code_review.logger - INFO - Skipping file with unknown language: code_review/cloned_repos/yantra-frontend/src/components/Navbar/profile_dropdown.tsx
2024-09-17 16:30:38,094 - code_review.logger - INFO - Skipping file with unknown language: code_review/cloned_repos/yantra-frontend/src/components/Navbar/profile_dropdown.tsx
2024-09-17 16:30:38,094 - code_review.logger - INFO - Skipping file with unknown language: code_review/cloned_repos/yantra-frontend/src/components/Navbar/profile_dropdown.tsx
2024-09-17 16:30:38,094 - code_review.logger - INFO - Skipping file with unknown language: code_review/cloned_repos/yantra-frontend/src/components/form/time.tsx
2024-09-17 16:30:38,094 - code_review.logger - INFO - Skipping file with unknown language: code_review/cloned_repos/yantra-frontend/src/components/form/time.tsx
2024-09-17 16:30:38,094 - code_review.logger - INFO - Skipping file with unknown language: code_review/cloned_repos/yantra-frontend/src/components/form/time.tsx
2024-09-17 16:30:38,095 - code_review.logger - INFO - Skipping file with unknown language: code_review/cloned_repos/yantra-frontend/src/components/form/tags.tsx
2024-09-17 16:30:38,095 - code_review.logger - INFO - Skipping file with unknown language: code_review/cloned_repos/yantra-frontend/src/components/form/tags.tsx
2024-09-17 16:30:38,095 - code_review.logger - INFO - Skipping file with unknown language: code_review/cloned_repos/yantra-frontend/src/components/form/tags.tsx
2024-09-17 16:30:38,095 - code_review.logger - INFO - Skipping file with unknown language: code_review/cloned_repos/yantra-frontend/src/components/form/checkbox.tsx
2024-09-17 16:30:38,095 - code_review.logger - INFO - Skipping file with unknown language: code_review/cloned_repos/yantra-frontend/src/components/form/checkbox.tsx
2024-09-17 16:30:38,095 - code_review.logger - INFO - Skipping file with unknown language: code_review/cloned_repos/yantra-frontend/src/components/form/checkbox.tsx
2024-09-17 16:30:38,095 - code_review.logger - INFO - Skipping file with unknown language: code_review/cloned_repos/yantra-frontend/src/components/form/links.tsx
2024-09-17 16:30:38,095 - code_review.logger - INFO - Skipping file with unknown language: code_review/cloned_repos/yantra-frontend/src/components/form/links.tsx
2024-09-17 16:30:38,095 - code_review.logger - INFO - Skipping file with unknown language: code_review/cloned_repos/yantra-frontend/src/components/form/links.tsx
2024-09-17 16:30:38,095 - code_review.logger - INFO - Skipping file with unknown language: code_review/cloned_repos/yantra-frontend/src/components/form/select.tsx
2024-09-17 16:30:38,095 - code_review.logger - INFO - Skipping file with unknown language: code_review/cloned_repos/yantra-frontend/src/components/form/select.tsx
2024-09-17 16:30:38,095 - code_review.logger - INFO - Skipping file with unknown language: code_review/cloned_repos/yantra-frontend/src/components/form/select.tsx
2024-09-17 16:30:38,095 - code_review.logger - INFO - Skipping file with unknown language: code_review/cloned_repos/yantra-frontend/src/components/form/textarea.tsx
2024-09-17 16:30:38,095 - code_review.logger - INFO - Skipping file with unknown language: code_review/cloned_repos/yantra-frontend/src/components/form/textarea.tsx
2024-09-17 16:30:38,095 - code_review.logger - INFO - Skipping file with unknown language: code_review/cloned_repos/yantra-frontend/src/components/form/textarea.tsx
2024-09-17 16:30:38,095 - code_review.logger - INFO - Skipping file with unknown language: code_review/cloned_repos/yantra-frontend/src/components/form/input.tsx
2024-09-17 16:30:38,095 - code_review.logger - INFO - Skipping file with unknown language: code_review/cloned_repos/yantra-frontend/src/components/form/input.tsx
2024-09-17 16:30:38,095 - code_review.logger - INFO - Skipping file with unknown language: code_review/cloned_repos/yantra-frontend/src/components/form/input.tsx
2024-09-17 16:30:38,095 - code_review.logger - INFO - Skipping file with unknown language: code_review/cloned_repos/yantra-frontend/src/components/buttons/primary_btn.tsx
2024-09-17 16:30:38,095 - code_review.logger - INFO - Skipping file with unknown language: code_review/cloned_repos/yantra-frontend/src/components/buttons/primary_btn.tsx
2024-09-17 16:30:38,095 - code_review.logger - INFO - Skipping file with unknown language: code_review/cloned_repos/yantra-frontend/src/components/buttons/primary_btn.tsx
2024-09-17 16:30:38,095 - code_review.logger - INFO - Skipping file with unknown language: code_review/cloned_repos/yantra-frontend/src/components/buttons/join_btn.tsx
2024-09-17 16:30:38,095 - code_review.logger - INFO - Skipping file with unknown language: code_review/cloned_repos/yantra-frontend/src/components/buttons/join_btn.tsx
2024-09-17 16:30:38,095 - code_review.logger - INFO - Skipping file with unknown language: code_review/cloned_repos/yantra-frontend/src/components/buttons/join_btn.tsx
2024-09-17 16:30:38,095 - code_review.logger - INFO - Skipping file with unknown language: code_review/cloned_repos/yantra-frontend/src/components/buttons/build_btn.tsx
2024-09-17 16:30:38,095 - code_review.logger - INFO - Skipping file with unknown language: code_review/cloned_repos/yantra-frontend/src/components/buttons/build_btn.tsx
2024-09-17 16:30:38,095 - code_review.logger - INFO - Skipping file with unknown language: code_review/cloned_repos/yantra-frontend/src/components/buttons/build_btn.tsx
2024-09-17 16:30:38,095 - code_review.logger - INFO - Skipping file with unknown language: code_review/cloned_repos/yantra-frontend/src/components/buttons/registration_btn.tsx
2024-09-17 16:30:38,095 - code_review.logger - INFO - Skipping file with unknown language: code_review/cloned_repos/yantra-frontend/src/components/buttons/registration_btn.tsx
2024-09-17 16:30:38,095 - code_review.logger - INFO - Skipping file with unknown language: code_review/cloned_repos/yantra-frontend/src/components/buttons/registration_btn.tsx
2024-09-17 16:30:38,095 - code_review.logger - INFO - Skipping file with unknown language: code_review/cloned_repos/yantra-frontend/src/components/buttons/danger_btn.tsx
2024-09-17 16:30:38,095 - code_review.logger - INFO - Skipping file with unknown language: code_review/cloned_repos/yantra-frontend/src/components/buttons/danger_btn.tsx
2024-09-17 16:30:38,095 - code_review.logger - INFO - Skipping file with unknown language: code_review/cloned_repos/yantra-frontend/src/components/buttons/danger_btn.tsx
2024-09-17 16:30:38,095 - code_review.logger - INFO - Skipping file with unknown language: code_review/cloned_repos/yantra-frontend/src/components/empty_fillers/search.tsx
2024-09-17 16:30:38,095 - code_review.logger - INFO - Skipping file with unknown language: code_review/cloned_repos/yantra-frontend/src/components/empty_fillers/search.tsx
2024-09-17 16:30:38,095 - code_review.logger - INFO - Skipping file with unknown language: code_review/cloned_repos/yantra-frontend/src/components/empty_fillers/search.tsx
2024-09-17 16:30:38,095 - code_review.logger - INFO - Skipping file with unknown language: code_review/cloned_repos/yantra-frontend/src/components/uncommon/meet.tsx
2024-09-17 16:30:38,095 - code_review.logger - INFO - Skipping file with unknown language: code_review/cloned_repos/yantra-frontend/src/components/uncommon/meet.tsx
2024-09-17 16:30:38,095 - code_review.logger - INFO - Skipping file with unknown language: code_review/cloned_repos/yantra-frontend/src/components/uncommon/meet.tsx
2024-09-17 16:30:38,096 - code_review.logger - INFO - Skipping file with unknown language: code_review/cloned_repos/yantra-frontend/src/components/uncommon/Journal/page_box.tsx
2024-09-17 16:30:38,096 - code_review.logger - INFO - Skipping file with unknown language: code_review/cloned_repos/yantra-frontend/src/components/uncommon/Journal/page_box.tsx
2024-09-17 16:30:38,096 - code_review.logger - INFO - Skipping file with unknown language: code_review/cloned_repos/yantra-frontend/src/components/uncommon/Journal/page_box.tsx
2024-09-17 16:30:38,096 - code_review.logger - INFO - Skipping file with unknown language: code_review/cloned_repos/yantra-frontend/src/components/uncommon/Journal/page.tsx
2024-09-17 16:30:38,096 - code_review.logger - INFO - Skipping file with unknown language: code_review/cloned_repos/yantra-frontend/src/components/uncommon/Journal/page.tsx
2024-09-17 16:30:38,096 - code_review.logger - INFO - Skipping file with unknown language: code_review/cloned_repos/yantra-frontend/src/components/uncommon/Journal/page.tsx
2024-09-17 16:30:38,096 - code_review.logger - INFO - Skipping file with unknown language: code_review/cloned_repos/yantra-frontend/src/components/uncommon/Post/new_post.tsx
2024-09-17 16:30:38,096 - code_review.logger - INFO - Skipping file with unknown language: code_review/cloned_repos/yantra-frontend/src/components/uncommon/Post/new_post.tsx
2024-09-17 16:30:38,096 - code_review.logger - INFO - Skipping file with unknown language: code_review/cloned_repos/yantra-frontend/src/components/uncommon/Post/new_post.tsx
2024-09-17 16:30:38,096 - code_review.logger - INFO - Skipping file with unknown language: code_review/cloned_repos/yantra-frontend/src/components/uncommon/Post/index.tsx
2024-09-17 16:30:38,096 - code_review.logger - INFO - Skipping file with unknown language: code_review/cloned_repos/yantra-frontend/src/components/uncommon/Post/index.tsx
2024-09-17 16:30:38,096 - code_review.logger - INFO - Skipping file with unknown language: code_review/cloned_repos/yantra-frontend/src/components/uncommon/Post/index.tsx
2024-09-17 16:30:38,096 - code_review.logger - INFO - Skipping file with unknown language: code_review/cloned_repos/yantra-frontend/src/components/uncommon/Post/new_post_images.tsx
2024-09-17 16:30:38,096 - code_review.logger - INFO - Skipping file with unknown language: code_review/cloned_repos/yantra-frontend/src/components/uncommon/Post/new_post_images.tsx
2024-09-17 16:30:38,096 - code_review.logger - INFO - Skipping file with unknown language: code_review/cloned_repos/yantra-frontend/src/components/uncommon/Post/new_post_images.tsx
2024-09-17 16:30:38,096 - code_review.logger - INFO - Skipping file with unknown language: code_review/cloned_repos/yantra-frontend/src/components/uncommon/Polls/new_poll.tsx
2024-09-17 16:30:38,096 - code_review.logger - INFO - Skipping file with unknown language: code_review/cloned_repos/yantra-frontend/src/components/uncommon/Polls/new_poll.tsx
2024-09-17 16:30:38,096 - code_review.logger - INFO - Skipping file with unknown language: code_review/cloned_repos/yantra-frontend/src/components/uncommon/Polls/new_poll.tsx
2024-09-17 16:30:38,096 - code_review.logger - INFO - Skipping file with unknown language: code_review/cloned_repos/yantra-frontend/src/components/uncommon/EventCard/index.tsx
2024-09-17 16:30:38,096 - code_review.logger - INFO - Skipping file with unknown language: code_review/cloned_repos/yantra-frontend/src/components/uncommon/EventCard/index.tsx
2024-09-17 16:30:38,096 - code_review.logger - INFO - Skipping file with unknown language: code_review/cloned_repos/yantra-frontend/src/components/uncommon/EventCard/index.tsx
2024-09-17 16:30:38,096 - code_review.logger - INFO - Skipping file with unknown language: code_review/cloned_repos/yantra-frontend/src/components/uncommon/Announcements/new_announcement.tsx
2024-09-17 16:30:38,096 - code_review.logger - INFO - Skipping file with unknown language: code_review/cloned_repos/yantra-frontend/src/components/uncommon/Announcements/new_announcement.tsx
2024-09-17 16:30:38,096 - code_review.logger - INFO - Skipping file with unknown language: code_review/cloned_repos/yantra-frontend/src/components/uncommon/Announcements/new_announcement.tsx
2024-09-17 16:30:38,096 - code_review.logger - INFO - Skipping file with unknown language: code_review/cloned_repos/yantra-frontend/src/components/uncommon/ResourceFile/index.tsx
2024-09-17 16:30:38,096 - code_review.logger - INFO - Skipping file with unknown language: code_review/cloned_repos/yantra-frontend/src/components/uncommon/ResourceFile/index.tsx
2024-09-17 16:30:38,096 - code_review.logger - INFO - Skipping file with unknown language: code_review/cloned_repos/yantra-frontend/src/components/uncommon/ResourceFile/index.tsx
2024-09-17 16:30:38,096 - code_review.logger - INFO - Skipping file with unknown language: code_review/cloned_repos/yantra-frontend/src/components/uncommon/EmojiScale/index.tsx
2024-09-17 16:30:38,096 - code_review.logger - INFO - Skipping file with unknown language: code_review/cloned_repos/yantra-frontend/src/components/uncommon/EmojiScale/index.tsx
2024-09-17 16:30:38,096 - code_review.logger - INFO - Skipping file with unknown language: code_review/cloned_repos/yantra-frontend/src/components/uncommon/EmojiScale/index.tsx
2024-09-17 16:30:38,097 - code_review.logger - INFO - Skipping file with unknown language: code_review/cloned_repos/yantra-frontend/src/components/charts/lineGraph.tsx
2024-09-17 16:30:38,097 - code_review.logger - INFO - Skipping file with unknown language: code_review/cloned_repos/yantra-frontend/src/components/charts/lineGraph.tsx
2024-09-17 16:30:38,097 - code_review.logger - INFO - Skipping file with unknown language: code_review/cloned_repos/yantra-frontend/src/components/charts/lineGraph.tsx
2024-09-17 16:30:38,097 - code_review.logger - INFO - Skipping file with unknown language: code_review/cloned_repos/yantra-frontend/src/components/charts/polarGraph.tsx
2024-09-17 16:30:38,097 - code_review.logger - INFO - Skipping file with unknown language: code_review/cloned_repos/yantra-frontend/src/components/charts/polarGraph.tsx
2024-09-17 16:30:38,097 - code_review.logger - INFO - Skipping file with unknown language: code_review/cloned_repos/yantra-frontend/src/components/charts/polarGraph.tsx
2024-09-17 16:30:38,097 - code_review.logger - INFO - Skipping file with unknown language: code_review/cloned_repos/yantra-frontend/src/components/utils/tag_suggestions.tsx
2024-09-17 16:30:38,097 - code_review.logger - INFO - Skipping file with unknown language: code_review/cloned_repos/yantra-frontend/src/components/utils/tag_suggestions.tsx
2024-09-17 16:30:38,097 - code_review.logger - INFO - Skipping file with unknown language: code_review/cloned_repos/yantra-frontend/src/components/utils/tag_suggestions.tsx
2024-09-17 16:30:38,097 - code_review.logger - INFO - Skipping file with unknown language: code_review/cloned_repos/yantra-frontend/src/components/utils/new_cover.tsx
2024-09-17 16:30:38,097 - code_review.logger - INFO - Skipping file with unknown language: code_review/cloned_repos/yantra-frontend/src/components/utils/new_cover.tsx
2024-09-17 16:30:38,097 - code_review.logger - INFO - Skipping file with unknown language: code_review/cloned_repos/yantra-frontend/src/components/utils/new_cover.tsx
2024-09-17 16:30:38,097 - code_review.logger - INFO - Skipping file with unknown language: code_review/cloned_repos/yantra-frontend/src/components/utils/edit_tags.tsx
2024-09-17 16:30:38,097 - code_review.logger - INFO - Skipping file with unknown language: code_review/cloned_repos/yantra-frontend/src/components/utils/edit_tags.tsx
2024-09-17 16:30:38,097 - code_review.logger - INFO - Skipping file with unknown language: code_review/cloned_repos/yantra-frontend/src/components/utils/edit_tags.tsx
2024-09-17 16:30:38,097 - code_review.logger - INFO - Skipping file with unknown language: code_review/cloned_repos/yantra-frontend/src/components/utils/edit_links.tsx
2024-09-17 16:30:38,097 - code_review.logger - INFO - Skipping file with unknown language: code_review/cloned_repos/yantra-frontend/src/components/utils/edit_links.tsx
2024-09-17 16:30:38,097 - code_review.logger - INFO - Skipping file with unknown language: code_review/cloned_repos/yantra-frontend/src/components/utils/edit_links.tsx
2024-09-17 16:30:38,097 - code_review.logger - INFO - Skipping file with unknown language: code_review/cloned_repos/yantra-frontend/src/components/common/loader.tsx
2024-09-17 16:30:38,097 - code_review.logger - INFO - Skipping file with unknown language: code_review/cloned_repos/yantra-frontend/src/components/common/loader.tsx
2024-09-17 16:30:38,097 - code_review.logger - INFO - Skipping file with unknown language: code_review/cloned_repos/yantra-frontend/src/components/common/loader.tsx
2024-09-17 16:30:38,097 - code_review.logger - INFO - Skipping file with unknown language: code_review/cloned_repos/yantra-frontend/src/components/common/strong_pass_info.tsx
2024-09-17 16:30:38,097 - code_review.logger - INFO - Skipping file with unknown language: code_review/cloned_repos/yantra-frontend/src/components/common/strong_pass_info.tsx
2024-09-17 16:30:38,097 - code_review.logger - INFO - Skipping file with unknown language: code_review/cloned_repos/yantra-frontend/src/components/common/strong_pass_info.tsx
2024-09-17 16:30:38,097 - code_review.logger - INFO - Skipping file with unknown language: code_review/cloned_repos/yantra-frontend/src/components/common/confirm_delete.tsx
2024-09-17 16:30:38,097 - code_review.logger - INFO - Skipping file with unknown language: code_review/cloned_repos/yantra-frontend/src/components/common/confirm_delete.tsx
2024-09-17 16:30:38,097 - code_review.logger - INFO - Skipping file with unknown language: code_review/cloned_repos/yantra-frontend/src/components/common/confirm_delete.tsx
2024-09-17 16:30:38,097 - code_review.logger - INFO - Skipping file with unknown language: code_review/cloned_repos/yantra-frontend/src/components/common/user_hover_card.tsx
2024-09-17 16:30:38,097 - code_review.logger - INFO - Skipping file with unknown language: code_review/cloned_repos/yantra-frontend/src/components/common/user_hover_card.tsx
2024-09-17 16:30:38,097 - code_review.logger - INFO - Skipping file with unknown language: code_review/cloned_repos/yantra-frontend/src/components/common/user_hover_card.tsx
2024-09-17 16:30:38,097 - code_review.logger - INFO - Skipping file with unknown language: code_review/cloned_repos/yantra-frontend/src/components/common/follow_btn.tsx
2024-09-17 16:30:38,097 - code_review.logger - INFO - Skipping file with unknown language: code_review/cloned_repos/yantra-frontend/src/components/common/follow_btn.tsx
2024-09-17 16:30:38,097 - code_review.logger - INFO - Skipping file with unknown language: code_review/cloned_repos/yantra-frontend/src/components/common/follow_btn.tsx
2024-09-17 16:30:38,097 - code_review.logger - INFO - Skipping file with unknown language: code_review/cloned_repos/yantra-frontend/src/components/common/Background/index.tsx
2024-09-17 16:30:38,097 - code_review.logger - INFO - Skipping file with unknown language: code_review/cloned_repos/yantra-frontend/src/components/common/Background/index.tsx
2024-09-17 16:30:38,097 - code_review.logger - INFO - Skipping file with unknown language: code_review/cloned_repos/yantra-frontend/src/components/common/Background/index.tsx
2024-09-17 16:30:38,097 - code_review.logger - INFO - Skipping file with unknown language: code_review/cloned_repos/yantra-frontend/src/components/common/Resource/ResourceBucket.tsx
2024-09-17 16:30:38,097 - code_review.logger - INFO - Skipping file with unknown language: code_review/cloned_repos/yantra-frontend/src/components/common/Resource/ResourceBucket.tsx
2024-09-17 16:30:38,097 - code_review.logger - INFO - Skipping file with unknown language: code_review/cloned_repos/yantra-frontend/src/components/common/Resource/ResourceBucket.tsx
2024-09-17 16:30:38,098 - code_review.logger - INFO - Skipping file with unknown language: code_review/cloned_repos/yantra-frontend/src/components/common/Resource/NewResourceFile.tsx
2024-09-17 16:30:38,098 - code_review.logger - INFO - Skipping file with unknown language: code_review/cloned_repos/yantra-frontend/src/components/common/Resource/NewResourceFile.tsx
2024-09-17 16:30:38,098 - code_review.logger - INFO - Skipping file with unknown language: code_review/cloned_repos/yantra-frontend/src/components/common/Resource/NewResourceFile.tsx
2024-09-17 16:30:38,098 - code_review.logger - INFO - Skipping file with unknown language: code_review/cloned_repos/yantra-frontend/src/components/common/Resource/NewResource.tsx
2024-09-17 16:30:38,098 - code_review.logger - INFO - Skipping file with unknown language: code_review/cloned_repos/yantra-frontend/src/components/common/Resource/NewResource.tsx
2024-09-17 16:30:38,098 - code_review.logger - INFO - Skipping file with unknown language: code_review/cloned_repos/yantra-frontend/src/components/common/Resource/NewResource.tsx
2024-09-17 16:30:38,098 - code_review.logger - INFO - Skipping file with unknown language: code_review/cloned_repos/yantra-frontend/src/components/common/Resource/ResoureFileView.tsx
2024-09-17 16:30:38,098 - code_review.logger - INFO - Skipping file with unknown language: code_review/cloned_repos/yantra-frontend/src/components/common/Resource/ResoureFileView.tsx
2024-09-17 16:30:38,098 - code_review.logger - INFO - Skipping file with unknown language: code_review/cloned_repos/yantra-frontend/src/components/common/Resource/ResoureFileView.tsx
2024-09-17 16:30:38,098 - code_review.logger - INFO - Skipping file with unknown language: code_review/cloned_repos/yantra-frontend/src/components/common/Resource/ResourceView.tsx
2024-09-17 16:30:38,098 - code_review.logger - INFO - Skipping file with unknown language: code_review/cloned_repos/yantra-frontend/src/components/common/Resource/ResourceView.tsx
2024-09-17 16:30:38,098 - code_review.logger - INFO - Skipping file with unknown language: code_review/cloned_repos/yantra-frontend/src/components/common/Resource/ResourceView.tsx
2024-09-17 16:30:38,098 - code_review.logger - INFO - Skipping file with unknown language: code_review/cloned_repos/yantra-frontend/src/components/feed/announcement_card.tsx
2024-09-17 16:30:38,098 - code_review.logger - INFO - Skipping file with unknown language: code_review/cloned_repos/yantra-frontend/src/components/feed/announcement_card.tsx
2024-09-17 16:30:38,098 - code_review.logger - INFO - Skipping file with unknown language: code_review/cloned_repos/yantra-frontend/src/components/feed/announcement_card.tsx
2024-09-17 16:30:38,098 - code_review.logger - INFO - Skipping file with unknown language: code_review/cloned_repos/yantra-frontend/src/components/feed/poll_card.tsx
2024-09-17 16:30:38,098 - code_review.logger - INFO - Skipping file with unknown language: code_review/cloned_repos/yantra-frontend/src/components/feed/poll_card.tsx
2024-09-17 16:30:38,098 - code_review.logger - INFO - Skipping file with unknown language: code_review/cloned_repos/yantra-frontend/src/components/feed/poll_card.tsx
2024-09-17 16:30:38,098 - code_review.logger - INFO - Skipping file with unknown language: code_review/cloned_repos/yantra-frontend/src/components/feed/poll_option.tsx
2024-09-17 16:30:38,098 - code_review.logger - INFO - Skipping file with unknown language: code_review/cloned_repos/yantra-frontend/src/components/feed/poll_option.tsx
2024-09-17 16:30:38,098 - code_review.logger - INFO - Skipping file with unknown language: code_review/cloned_repos/yantra-frontend/src/components/feed/poll_option.tsx
2024-09-17 16:30:38,098 - code_review.logger - INFO - Skipping file with unknown language: code_review/cloned_repos/yantra-frontend/src/components/messaging/message_group.tsx
2024-09-17 16:30:38,098 - code_review.logger - INFO - Skipping file with unknown language: code_review/cloned_repos/yantra-frontend/src/components/messaging/message_group.tsx
2024-09-17 16:30:38,098 - code_review.logger - INFO - Skipping file with unknown language: code_review/cloned_repos/yantra-frontend/src/components/messaging/message_group.tsx
2024-09-17 16:30:38,098 - code_review.logger - INFO - Skipping file with unknown language: code_review/cloned_repos/yantra-frontend/src/components/messaging/GroupChat.tsx
2024-09-17 16:30:38,098 - code_review.logger - INFO - Skipping file with unknown language: code_review/cloned_repos/yantra-frontend/src/components/messaging/GroupChat.tsx
2024-09-17 16:30:38,098 - code_review.logger - INFO - Skipping file with unknown language: code_review/cloned_repos/yantra-frontend/src/components/messaging/GroupChat.tsx
2024-09-17 16:30:38,098 - code_review.logger - INFO - Skipping file with unknown language: code_review/cloned_repos/yantra-frontend/src/components/messaging/regular_message.tsx
2024-09-17 16:30:38,098 - code_review.logger - INFO - Skipping file with unknown language: code_review/cloned_repos/yantra-frontend/src/components/messaging/regular_message.tsx
2024-09-17 16:30:38,098 - code_review.logger - INFO - Skipping file with unknown language: code_review/cloned_repos/yantra-frontend/src/components/messaging/regular_message.tsx
2024-09-17 16:30:38,098 - code_review.logger - INFO - Skipping file with unknown language: code_review/cloned_repos/yantra-frontend/src/components/messaging/group_chat_textarea.tsx
2024-09-17 16:30:38,098 - code_review.logger - INFO - Skipping file with unknown language: code_review/cloned_repos/yantra-frontend/src/components/messaging/group_chat_textarea.tsx
2024-09-17 16:30:38,098 - code_review.logger - INFO - Skipping file with unknown language: code_review/cloned_repos/yantra-frontend/src/components/messaging/group_chat_textarea.tsx
2024-09-17 16:30:38,098 - code_review.logger - INFO - Skipping file with unknown language: code_review/cloned_repos/yantra-frontend/src/components/messaging/group_header.tsx
2024-09-17 16:30:38,098 - code_review.logger - INFO - Skipping file with unknown language: code_review/cloned_repos/yantra-frontend/src/components/messaging/group_header.tsx
2024-09-17 16:30:38,098 - code_review.logger - INFO - Skipping file with unknown language: code_review/cloned_repos/yantra-frontend/src/components/messaging/group_header.tsx
2024-09-17 16:30:38,098 - code_review.logger - INFO - Skipping file with unknown language: code_review/cloned_repos/yantra-frontend/src/components/loaders/posts.tsx
2024-09-17 16:30:38,098 - code_review.logger - INFO - Skipping file with unknown language: code_review/cloned_repos/yantra-frontend/src/components/loaders/posts.tsx
2024-09-17 16:30:38,098 - code_review.logger - INFO - Skipping file with unknown language: code_review/cloned_repos/yantra-frontend/src/components/loaders/posts.tsx
2024-09-17 16:30:38,098 - code_review.logger - INFO - Skipping file with unknown language: code_review/cloned_repos/yantra-frontend/src/components/Header/navModal.tsx
2024-09-17 16:30:38,098 - code_review.logger - INFO - Skipping file with unknown language: code_review/cloned_repos/yantra-frontend/src/components/Header/navModal.tsx
2024-09-17 16:30:38,098 - code_review.logger - INFO - Skipping file with unknown language: code_review/cloned_repos/yantra-frontend/src/components/Header/navModal.tsx
2024-09-17 16:30:38,098 - code_review.logger - INFO - Skipping file with unknown language: code_review/cloned_repos/yantra-frontend/src/components/Header/index.tsx
2024-09-17 16:30:38,098 - code_review.logger - INFO - Skipping file with unknown language: code_review/cloned_repos/yantra-frontend/src/components/Header/index.tsx
2024-09-17 16:30:38,098 - code_review.logger - INFO - Skipping file with unknown language: code_review/cloned_repos/yantra-frontend/src/components/Header/index.tsx
2024-09-17 16:30:38,099 - code_review.logger - INFO - Skipping file with unknown language: code_review/cloned_repos/yantra-frontend/src/components/Header/profile_dropdown.tsx
2024-09-17 16:30:38,099 - code_review.logger - INFO - Skipping file with unknown language: code_review/cloned_repos/yantra-frontend/src/components/Header/profile_dropdown.tsx
2024-09-17 16:30:38,099 - code_review.logger - INFO - Skipping file with unknown language: code_review/cloned_repos/yantra-frontend/src/components/Header/profile_dropdown.tsx
2024-09-17 16:30:38,099 - code_review.logger - INFO - Skipping file with unknown language: code_review/cloned_repos/yantra-frontend/src/components/Header/Dropdown.tsx
2024-09-17 16:30:38,099 - code_review.logger - INFO - Skipping file with unknown language: code_review/cloned_repos/yantra-frontend/src/components/Header/Dropdown.tsx
2024-09-17 16:30:38,099 - code_review.logger - INFO - Skipping file with unknown language: code_review/cloned_repos/yantra-frontend/src/components/Header/Dropdown.tsx
2024-09-17 16:30:38,099 - code_review.logger - INFO - Skipping file with unknown language: code_review/cloned_repos/yantra-frontend/src/components/onboarding/dummy_user_card.tsx
2024-09-17 16:30:38,099 - code_review.logger - INFO - Skipping file with unknown language: code_review/cloned_repos/yantra-frontend/src/components/onboarding/dummy_user_card.tsx
2024-09-17 16:30:38,099 - code_review.logger - INFO - Skipping file with unknown language: code_review/cloned_repos/yantra-frontend/src/components/onboarding/dummy_user_card.tsx
2024-09-17 16:30:38,099 - code_review.logger - INFO - Skipping file with unknown language: code_review/cloned_repos/yantra-frontend/src/components/onboarding/user_card.tsx
2024-09-17 16:30:38,099 - code_review.logger - INFO - Skipping file with unknown language: code_review/cloned_repos/yantra-frontend/src/components/onboarding/user_card.tsx
2024-09-17 16:30:38,099 - code_review.logger - INFO - Skipping file with unknown language: code_review/cloned_repos/yantra-frontend/src/components/onboarding/user_card.tsx
2024-09-17 16:30:38,099 - code_review.logger - INFO - Skipping file with unknown language: code_review/cloned_repos/yantra-frontend/src/components/onboarding/progress_bar.tsx
2024-09-17 16:30:38,099 - code_review.logger - INFO - Skipping file with unknown language: code_review/cloned_repos/yantra-frontend/src/components/onboarding/progress_bar.tsx
2024-09-17 16:30:38,099 - code_review.logger - INFO - Skipping file with unknown language: code_review/cloned_repos/yantra-frontend/src/components/onboarding/progress_bar.tsx
2024-09-17 16:30:38,101 - code_review.logger - INFO - Skipping file with unknown language: code_review/cloned_repos/yantra-frontend/src/pages/index.tsx
2024-09-17 16:30:38,101 - code_review.logger - INFO - Skipping file with unknown language: code_review/cloned_repos/yantra-frontend/src/pages/index.tsx
2024-09-17 16:30:38,101 - code_review.logger - INFO - Skipping file with unknown language: code_review/cloned_repos/yantra-frontend/src/pages/index.tsx
2024-09-17 16:30:38,101 - code_review.logger - INFO - Skipping file with unknown language: code_review/cloned_repos/yantra-frontend/src/pages/verification.tsx
2024-09-17 16:30:38,101 - code_review.logger - INFO - Skipping file with unknown language: code_review/cloned_repos/yantra-frontend/src/pages/verification.tsx
2024-09-17 16:30:38,101 - code_review.logger - INFO - Skipping file with unknown language: code_review/cloned_repos/yantra-frontend/src/pages/verification.tsx
2024-09-17 16:30:38,101 - code_review.logger - INFO - Skipping file with unknown language: code_review/cloned_repos/yantra-frontend/src/pages/_document.tsx
2024-09-17 16:30:38,101 - code_review.logger - INFO - Skipping file with unknown language: code_review/cloned_repos/yantra-frontend/src/pages/_document.tsx
2024-09-17 16:30:38,101 - code_review.logger - INFO - Skipping file with unknown language: code_review/cloned_repos/yantra-frontend/src/pages/_document.tsx
2024-09-17 16:30:38,101 - code_review.logger - INFO - Skipping file with unknown language: code_review/cloned_repos/yantra-frontend/src/pages/newGroup.tsx
2024-09-17 16:30:38,101 - code_review.logger - INFO - Skipping file with unknown language: code_review/cloned_repos/yantra-frontend/src/pages/newGroup.tsx
2024-09-17 16:30:38,101 - code_review.logger - INFO - Skipping file with unknown language: code_review/cloned_repos/yantra-frontend/src/pages/newGroup.tsx
2024-09-17 16:30:38,101 - code_review.logger - INFO - Skipping file with unknown language: code_review/cloned_repos/yantra-frontend/src/pages/mod_onboarding.tsx
2024-09-17 16:30:38,101 - code_review.logger - INFO - Skipping file with unknown language: code_review/cloned_repos/yantra-frontend/src/pages/mod_onboarding.tsx
2024-09-17 16:30:38,101 - code_review.logger - INFO - Skipping file with unknown language: code_review/cloned_repos/yantra-frontend/src/pages/mod_onboarding.tsx
2024-09-17 16:30:38,102 - code_review.logger - INFO - Skipping file with unknown language: code_review/cloned_repos/yantra-frontend/src/pages/user_onboarding.tsx
2024-09-17 16:30:38,102 - code_review.logger - INFO - Skipping file with unknown language: code_review/cloned_repos/yantra-frontend/src/pages/user_onboarding.tsx
2024-09-17 16:30:38,102 - code_review.logger - INFO - Skipping file with unknown language: code_review/cloned_repos/yantra-frontend/src/pages/user_onboarding.tsx
2024-09-17 16:30:38,102 - code_review.logger - INFO - Skipping file with unknown language: code_review/cloned_repos/yantra-frontend/src/pages/_app.tsx
2024-09-17 16:30:38,102 - code_review.logger - INFO - Skipping file with unknown language: code_review/cloned_repos/yantra-frontend/src/pages/_app.tsx
2024-09-17 16:30:38,102 - code_review.logger - INFO - Skipping file with unknown language: code_review/cloned_repos/yantra-frontend/src/pages/_app.tsx
2024-09-17 16:30:38,102 - code_review.logger - INFO - Skipping file with unknown language: code_review/cloned_repos/yantra-frontend/src/pages/journal/index.tsx
2024-09-17 16:30:38,102 - code_review.logger - INFO - Skipping file with unknown language: code_review/cloned_repos/yantra-frontend/src/pages/journal/index.tsx
2024-09-17 16:30:38,102 - code_review.logger - INFO - Skipping file with unknown language: code_review/cloned_repos/yantra-frontend/src/pages/journal/index.tsx
2024-09-17 16:30:38,102 - code_review.logger - INFO - Skipping file with unknown language: code_review/cloned_repos/yantra-frontend/src/pages/home/index.tsx
2024-09-17 16:30:38,102 - code_review.logger - INFO - Skipping file with unknown language: code_review/cloned_repos/yantra-frontend/src/pages/home/index.tsx
2024-09-17 16:30:38,102 - code_review.logger - INFO - Skipping file with unknown language: code_review/cloned_repos/yantra-frontend/src/pages/home/index.tsx
2024-09-17 16:30:38,102 - code_review.logger - INFO - Skipping file with unknown language: code_review/cloned_repos/yantra-frontend/src/pages/group/index.tsx
2024-09-17 16:30:38,102 - code_review.logger - INFO - Skipping file with unknown language: code_review/cloned_repos/yantra-frontend/src/pages/group/index.tsx
2024-09-17 16:30:38,102 - code_review.logger - INFO - Skipping file with unknown language: code_review/cloned_repos/yantra-frontend/src/pages/group/index.tsx
2024-09-17 16:30:38,102 - code_review.logger - INFO - Skipping file with unknown language: code_review/cloned_repos/yantra-frontend/src/pages/signup/index.tsx
2024-09-17 16:30:38,102 - code_review.logger - INFO - Skipping file with unknown language: code_review/cloned_repos/yantra-frontend/src/pages/signup/index.tsx
2024-09-17 16:30:38,102 - code_review.logger - INFO - Skipping file with unknown language: code_review/cloned_repos/yantra-frontend/src/pages/signup/index.tsx
2024-09-17 16:30:38,102 - code_review.logger - INFO - Skipping file with unknown language: code_review/cloned_repos/yantra-frontend/src/pages/signup/callback.tsx
2024-09-17 16:30:38,102 - code_review.logger - INFO - Skipping file with unknown language: code_review/cloned_repos/yantra-frontend/src/pages/signup/callback.tsx
2024-09-17 16:30:38,102 - code_review.logger - INFO - Skipping file with unknown language: code_review/cloned_repos/yantra-frontend/src/pages/signup/callback.tsx
2024-09-17 16:30:38,102 - code_review.logger - INFO - Skipping file with unknown language: code_review/cloned_repos/yantra-frontend/src/pages/resources/index.tsx
2024-09-17 16:30:38,102 - code_review.logger - INFO - Skipping file with unknown language: code_review/cloned_repos/yantra-frontend/src/pages/resources/index.tsx
2024-09-17 16:30:38,102 - code_review.logger - INFO - Skipping file with unknown language: code_review/cloned_repos/yantra-frontend/src/pages/resources/index.tsx
2024-09-17 16:30:38,102 - code_review.logger - INFO - Skipping file with unknown language: code_review/cloned_repos/yantra-frontend/src/pages/resources/[id].tsx
2024-09-17 16:30:38,102 - code_review.logger - INFO - Skipping file with unknown language: code_review/cloned_repos/yantra-frontend/src/pages/resources/[id].tsx
2024-09-17 16:30:38,102 - code_review.logger - INFO - Skipping file with unknown language: code_review/cloned_repos/yantra-frontend/src/pages/resources/[id].tsx
2024-09-17 16:30:38,102 - code_review.logger - INFO - Skipping file with unknown language: code_review/cloned_repos/yantra-frontend/src/pages/profile/index.tsx
2024-09-17 16:30:38,102 - code_review.logger - INFO - Skipping file with unknown language: code_review/cloned_repos/yantra-frontend/src/pages/profile/index.tsx
2024-09-17 16:30:38,102 - code_review.logger - INFO - Skipping file with unknown language: code_review/cloned_repos/yantra-frontend/src/pages/profile/index.tsx
2024-09-17 16:30:38,102 - code_review.logger - INFO - Skipping file with unknown language: code_review/cloned_repos/yantra-frontend/src/pages/events/index.tsx
2024-09-17 16:30:38,102 - code_review.logger - INFO - Skipping file with unknown language: code_review/cloned_repos/yantra-frontend/src/pages/events/index.tsx
2024-09-17 16:30:38,102 - code_review.logger - INFO - Skipping file with unknown language: code_review/cloned_repos/yantra-frontend/src/pages/events/index.tsx
2024-09-17 16:30:38,102 - code_review.logger - INFO - Skipping file with unknown language: code_review/cloned_repos/yantra-frontend/src/pages/events/[id].tsx
2024-09-17 16:30:38,102 - code_review.logger - INFO - Skipping file with unknown language: code_review/cloned_repos/yantra-frontend/src/pages/events/[id].tsx
2024-09-17 16:30:38,102 - code_review.logger - INFO - Skipping file with unknown language: code_review/cloned_repos/yantra-frontend/src/pages/events/[id].tsx
2024-09-17 16:30:38,103 - code_review.logger - INFO - Skipping file with unknown language: code_review/cloned_repos/yantra-frontend/src/pages/events/meet/[token].tsx
2024-09-17 16:30:38,103 - code_review.logger - INFO - Skipping file with unknown language: code_review/cloned_repos/yantra-frontend/src/pages/events/meet/[token].tsx
2024-09-17 16:30:38,103 - code_review.logger - INFO - Skipping file with unknown language: code_review/cloned_repos/yantra-frontend/src/pages/events/meet/[token].tsx
2024-09-17 16:30:38,103 - code_review.logger - INFO - Skipping file with unknown language: code_review/cloned_repos/yantra-frontend/src/pages/login/index.tsx
2024-09-17 16:30:38,103 - code_review.logger - INFO - Skipping file with unknown language: code_review/cloned_repos/yantra-frontend/src/pages/login/index.tsx
2024-09-17 16:30:38,103 - code_review.logger - INFO - Skipping file with unknown language: code_review/cloned_repos/yantra-frontend/src/pages/login/index.tsx
2024-09-17 16:30:38,103 - code_review.logger - INFO - Skipping file with unknown language: code_review/cloned_repos/yantra-frontend/src/pages/login/callback.tsx
2024-09-17 16:30:38,103 - code_review.logger - INFO - Skipping file with unknown language: code_review/cloned_repos/yantra-frontend/src/pages/login/callback.tsx
2024-09-17 16:30:38,103 - code_review.logger - INFO - Skipping file with unknown language: code_review/cloned_repos/yantra-frontend/src/pages/login/callback.tsx
2024-09-17 16:30:38,115 - code_review.logger - INFO - Skipping file with unknown language: code_review/cloned_repos/wordy/.prettierrc
2024-09-17 16:30:38,115 - code_review.logger - INFO - Skipping file with unknown language: code_review/cloned_repos/wordy/.prettierrc
2024-09-17 16:30:38,115 - code_review.logger - INFO - Skipping file with unknown language: code_review/cloned_repos/wordy/.prettierrc
2024-09-17 16:30:38,115 - code_review.logger - INFO - Skipping file with unknown language: code_review/cloned_repos/wordy/docker-compose.yml
2024-09-17 16:30:38,115 - code_review.logger - INFO - Skipping file with unknown language: code_review/cloned_repos/wordy/docker-compose.yml
2024-09-17 16:30:38,115 - code_review.logger - INFO - Skipping file with unknown language: code_review/cloned_repos/wordy/docker-compose.yml
2024-09-17 16:30:38,115 - code_review.logger - INFO - Skipping file with unknown language: code_review/cloned_repos/wordy/chunk_data/.._code_review_cloned_repos_wordy_tsconfig.json_chunks.txt
2024-09-17 16:30:38,115 - code_review.logger - INFO - Skipping file with unknown language: code_review/cloned_repos/wordy/chunk_data/.._code_review_cloned_repos_wordy_tsconfig.json_chunks.txt
2024-09-17 16:30:38,115 - code_review.logger - INFO - Skipping file with unknown language: code_review/cloned_repos/wordy/chunk_data/.._code_review_cloned_repos_wordy_tsconfig.json_chunks.txt
2024-09-17 16:30:38,116 - code_review.logger - INFO - Skipping file with unknown language: code_review/cloned_repos/wordy/chunk_data/.._code_review_cloned_repos_wordy_next.config.js_chunks.txt
2024-09-17 16:30:38,116 - code_review.logger - INFO - Skipping file with unknown language: code_review/cloned_repos/wordy/chunk_data/.._code_review_cloned_repos_wordy_next.config.js_chunks.txt
2024-09-17 16:30:38,116 - code_review.logger - INFO - Skipping file with unknown language: code_review/cloned_repos/wordy/chunk_data/.._code_review_cloned_repos_wordy_next.config.js_chunks.txt
2024-09-17 16:30:38,116 - code_review.logger - INFO - Skipping file with unknown language: code_review/cloned_repos/wordy/chunk_data/.._code_review_cloned_repos_wordy_.eslintrc.json_chunks.txt
2024-09-17 16:30:38,116 - code_review.logger - INFO - Skipping file with unknown language: code_review/cloned_repos/wordy/chunk_data/.._code_review_cloned_repos_wordy_.eslintrc.json_chunks.txt
2024-09-17 16:30:38,116 - code_review.logger - INFO - Skipping file with unknown language: code_review/cloned_repos/wordy/chunk_data/.._code_review_cloned_repos_wordy_.eslintrc.json_chunks.txt
2024-09-17 16:30:38,116 - code_review.logger - INFO - Skipping file with unknown language: code_review/cloned_repos/wordy/chunk_data/.._code_review_cloned_repos_wordy_package-lock.json_chunks.txt
2024-09-17 16:30:38,116 - code_review.logger - INFO - Skipping file with unknown language: code_review/cloned_repos/wordy/chunk_data/.._code_review_cloned_repos_wordy_package-lock.json_chunks.txt
2024-09-17 16:30:38,116 - code_review.logger - INFO - Skipping file with unknown language: code_review/cloned_repos/wordy/chunk_data/.._code_review_cloned_repos_wordy_package-lock.json_chunks.txt
2024-09-17 16:30:38,116 - code_review.logger - INFO - Skipping file with unknown language: code_review/cloned_repos/wordy/chunk_data/.._code_review_cloned_repos_wordy_README.md_chunks.txt
2024-09-17 16:30:38,116 - code_review.logger - INFO - Skipping file with unknown language: code_review/cloned_repos/wordy/chunk_data/.._code_review_cloned_repos_wordy_README.md_chunks.txt
2024-09-17 16:30:38,116 - code_review.logger - INFO - Skipping file with unknown language: code_review/cloned_repos/wordy/chunk_data/.._code_review_cloned_repos_wordy_README.md_chunks.txt
2024-09-17 16:30:38,116 - code_review.logger - INFO - Skipping file with unknown language: code_review/cloned_repos/wordy/chunk_data/.._code_review_cloned_repos_wordy_package.json_chunks.txt
2024-09-17 16:30:38,116 - code_review.logger - INFO - Skipping file with unknown language: code_review/cloned_repos/wordy/chunk_data/.._code_review_cloned_repos_wordy_package.json_chunks.txt
2024-09-17 16:30:38,116 - code_review.logger - INFO - Skipping file with unknown language: code_review/cloned_repos/wordy/chunk_data/.._code_review_cloned_repos_wordy_package.json_chunks.txt
2024-09-17 16:30:38,116 - code_review.logger - INFO - Skipping file with unknown language: code_review/cloned_repos/wordy/public/favicon.ico
2024-09-17 16:30:38,116 - code_review.logger - INFO - Skipping file with unknown language: code_review/cloned_repos/wordy/public/favicon.ico
2024-09-17 16:30:38,116 - code_review.logger - INFO - Skipping file with unknown language: code_review/cloned_repos/wordy/public/favicon.ico
2024-09-17 16:30:38,116 - code_review.logger - INFO - Skipping file with unknown language: code_review/cloned_repos/wordy/public/thirteen.svg
2024-09-17 16:30:38,116 - code_review.logger - INFO - Skipping file with unknown language: code_review/cloned_repos/wordy/public/thirteen.svg
2024-09-17 16:30:38,116 - code_review.logger - INFO - Skipping file with unknown language: code_review/cloned_repos/wordy/public/thirteen.svg
2024-09-17 16:30:38,116 - code_review.logger - INFO - Skipping file with unknown language: code_review/cloned_repos/wordy/public/vercel.svg
2024-09-17 16:30:38,116 - code_review.logger - INFO - Skipping file with unknown language: code_review/cloned_repos/wordy/public/vercel.svg
2024-09-17 16:30:38,116 - code_review.logger - INFO - Skipping file with unknown language: code_review/cloned_repos/wordy/public/vercel.svg
2024-09-17 16:30:38,116 - code_review.logger - INFO - Skipping file with unknown language: code_review/cloned_repos/wordy/public/next.svg
2024-09-17 16:30:38,116 - code_review.logger - INFO - Skipping file with unknown language: code_review/cloned_repos/wordy/public/next.svg
2024-09-17 16:30:38,116 - code_review.logger - INFO - Skipping file with unknown language: code_review/cloned_repos/wordy/public/next.svg
2024-09-17 16:30:38,121 - code_review.logger - INFO - Skipping file with unknown language: code_review/cloned_repos/wordy/src/components/navbar.tsx
2024-09-17 16:30:38,121 - code_review.logger - INFO - Skipping file with unknown language: code_review/cloned_repos/wordy/src/components/navbar.tsx
2024-09-17 16:30:38,121 - code_review.logger - INFO - Skipping file with unknown language: code_review/cloned_repos/wordy/src/components/navbar.tsx
2024-09-17 16:30:38,121 - code_review.logger - INFO - Skipping file with unknown language: code_review/cloned_repos/wordy/src/components/flashcard.tsx
2024-09-17 16:30:38,121 - code_review.logger - INFO - Skipping file with unknown language: code_review/cloned_repos/wordy/src/components/flashcard.tsx
2024-09-17 16:30:38,121 - code_review.logger - INFO - Skipping file with unknown language: code_review/cloned_repos/wordy/src/components/flashcard.tsx
2024-09-17 16:30:38,121 - code_review.logger - INFO - Skipping file with unknown language: code_review/cloned_repos/wordy/src/components/add_word.tsx
2024-09-17 16:30:38,121 - code_review.logger - INFO - Skipping file with unknown language: code_review/cloned_repos/wordy/src/components/add_word.tsx
2024-09-17 16:30:38,121 - code_review.logger - INFO - Skipping file with unknown language: code_review/cloned_repos/wordy/src/components/add_word.tsx
2024-09-17 16:30:38,121 - code_review.logger - INFO - Skipping file with unknown language: code_review/cloned_repos/wordy/src/components/word.tsx
2024-09-17 16:30:38,121 - code_review.logger - INFO - Skipping file with unknown language: code_review/cloned_repos/wordy/src/components/word.tsx
2024-09-17 16:30:38,121 - code_review.logger - INFO - Skipping file with unknown language: code_review/cloned_repos/wordy/src/components/word.tsx
2024-09-17 16:30:38,121 - code_review.logger - INFO - Skipping file with unknown language: code_review/cloned_repos/wordy/src/components/quiz_results.tsx
2024-09-17 16:30:38,121 - code_review.logger - INFO - Skipping file with unknown language: code_review/cloned_repos/wordy/src/components/quiz_results.tsx
2024-09-17 16:30:38,121 - code_review.logger - INFO - Skipping file with unknown language: code_review/cloned_repos/wordy/src/components/quiz_results.tsx
2024-09-17 16:30:38,122 - code_review.logger - INFO - Skipping file with unknown language: code_review/cloned_repos/wordy/src/components/quiz.tsx
2024-09-17 16:30:38,122 - code_review.logger - INFO - Skipping file with unknown language: code_review/cloned_repos/wordy/src/components/quiz.tsx
2024-09-17 16:30:38,122 - code_review.logger - INFO - Skipping file with unknown language: code_review/cloned_repos/wordy/src/components/quiz.tsx
2024-09-17 16:30:38,122 - code_review.logger - INFO - Skipping file with unknown language: code_review/cloned_repos/wordy/src/components/add_words_bulk.tsx
2024-09-17 16:30:38,122 - code_review.logger - INFO - Skipping file with unknown language: code_review/cloned_repos/wordy/src/components/add_words_bulk.tsx
2024-09-17 16:30:38,122 - code_review.logger - INFO - Skipping file with unknown language: code_review/cloned_repos/wordy/src/components/add_words_bulk.tsx
2024-09-17 16:30:38,122 - code_review.logger - INFO - Skipping file with unknown language: code_review/cloned_repos/wordy/src/pages/index.tsx
2024-09-17 16:30:38,122 - code_review.logger - INFO - Skipping file with unknown language: code_review/cloned_repos/wordy/src/pages/index.tsx
2024-09-17 16:30:38,122 - code_review.logger - INFO - Skipping file with unknown language: code_review/cloned_repos/wordy/src/pages/index.tsx
2024-09-17 16:30:38,122 - code_review.logger - INFO - Skipping file with unknown language: code_review/cloned_repos/wordy/src/pages/flashcards.tsx
2024-09-17 16:30:38,122 - code_review.logger - INFO - Skipping file with unknown language: code_review/cloned_repos/wordy/src/pages/flashcards.tsx
2024-09-17 16:30:38,122 - code_review.logger - INFO - Skipping file with unknown language: code_review/cloned_repos/wordy/src/pages/flashcards.tsx
2024-09-17 16:30:38,122 - code_review.logger - INFO - Skipping file with unknown language: code_review/cloned_repos/wordy/src/pages/scores.tsx
2024-09-17 16:30:38,122 - code_review.logger - INFO - Skipping file with unknown language: code_review/cloned_repos/wordy/src/pages/scores.tsx
2024-09-17 16:30:38,122 - code_review.logger - INFO - Skipping file with unknown language: code_review/cloned_repos/wordy/src/pages/scores.tsx
2024-09-17 16:30:38,122 - code_review.logger - INFO - Skipping file with unknown language: code_review/cloned_repos/wordy/src/pages/_document.tsx
2024-09-17 16:30:38,122 - code_review.logger - INFO - Skipping file with unknown language: code_review/cloned_repos/wordy/src/pages/_document.tsx
2024-09-17 16:30:38,122 - code_review.logger - INFO - Skipping file with unknown language: code_review/cloned_repos/wordy/src/pages/_document.tsx
2024-09-17 16:30:38,122 - code_review.logger - INFO - Skipping file with unknown language: code_review/cloned_repos/wordy/src/pages/words.tsx
2024-09-17 16:30:38,122 - code_review.logger - INFO - Skipping file with unknown language: code_review/cloned_repos/wordy/src/pages/words.tsx
2024-09-17 16:30:38,122 - code_review.logger - INFO - Skipping file with unknown language: code_review/cloned_repos/wordy/src/pages/words.tsx
2024-09-17 16:30:38,122 - code_review.logger - INFO - Skipping file with unknown language: code_review/cloned_repos/wordy/src/pages/quiz.tsx
2024-09-17 16:30:38,122 - code_review.logger - INFO - Skipping file with unknown language: code_review/cloned_repos/wordy/src/pages/quiz.tsx
2024-09-17 16:30:38,122 - code_review.logger - INFO - Skipping file with unknown language: code_review/cloned_repos/wordy/src/pages/quiz.tsx
2024-09-17 16:30:38,122 - code_review.logger - INFO - Skipping file with unknown language: code_review/cloned_repos/wordy/src/pages/_app.tsx
2024-09-17 16:30:38,122 - code_review.logger - INFO - Skipping file with unknown language: code_review/cloned_repos/wordy/src/pages/_app.tsx
2024-09-17 16:30:38,122 - code_review.logger - INFO - Skipping file with unknown language: code_review/cloned_repos/wordy/src/pages/_app.tsx
2024-09-17 16:31:16,215 - code_review.logger - INFO - Error processing file code_review/cloned_repos/lyrikplasm_backend/chunk_data/.._code_review_cloned_repos_lyrikplasm_backend_controllers_authController.js_chunks.txt: RetryError[<Future at 0x28a297810 state=finished raised RateLimitError>]
2024-09-17 16:31:16,215 - code_review.logger - INFO - Error processing file code_review/cloned_repos/lyrikplasm_backend/chunk_data/.._code_review_cloned_repos_lyrikplasm_backend_controllers_authController.js_chunks.txt: RetryError[<Future at 0x28a297810 state=finished raised RateLimitError>]
2024-09-17 16:31:16,215 - code_review.logger - INFO - Error processing file code_review/cloned_repos/lyrikplasm_backend/chunk_data/.._code_review_cloned_repos_lyrikplasm_backend_controllers_authController.js_chunks.txt: RetryError[<Future at 0x28a297810 state=finished raised RateLimitError>]
2024-09-17 16:31:45,590 - code_review.logger - INFO - Error processing file code_review/cloned_repos/wordy/chunk_data/.._code_review_cloned_repos_wordy_package-lock.json_chunks.txt: RetryError[<Future at 0x28a42d290 state=finished raised RateLimitError>]
2024-09-17 16:31:45,590 - code_review.logger - INFO - Error processing file code_review/cloned_repos/wordy/chunk_data/.._code_review_cloned_repos_wordy_package-lock.json_chunks.txt: RetryError[<Future at 0x28a42d290 state=finished raised RateLimitError>]
2024-09-17 16:31:45,590 - code_review.logger - INFO - Error processing file code_review/cloned_repos/wordy/chunk_data/.._code_review_cloned_repos_wordy_package-lock.json_chunks.txt: RetryError[<Future at 0x28a42d290 state=finished raised RateLimitError>]
2024-09-17 16:32:19,792 - code_review.logger - INFO - Error processing file code_review/cloned_repos/lyrikplasm_backend/chunk_data/.._code_review_cloned_repos_lyrikplasm_backend_package-lock.json_chunks.txt: RetryError[<Future at 0x28a359bd0 state=finished raised RateLimitError>]
2024-09-17 16:32:19,792 - code_review.logger - INFO - Error processing file code_review/cloned_repos/lyrikplasm_backend/chunk_data/.._code_review_cloned_repos_lyrikplasm_backend_package-lock.json_chunks.txt: RetryError[<Future at 0x28a359bd0 state=finished raised RateLimitError>]
2024-09-17 16:32:19,792 - code_review.logger - INFO - Error processing file code_review/cloned_repos/lyrikplasm_backend/chunk_data/.._code_review_cloned_repos_lyrikplasm_backend_package-lock.json_chunks.txt: RetryError[<Future at 0x28a359bd0 state=finished raised RateLimitError>]
2024-09-17 16:32:52,764 - code_review.logger - INFO - Error processing file code_review/cloned_repos/yantra-frontend/chunk_data/.._code_review_cloned_repos_yantra-frontend_src_config_ws.ts_chunks.txt: RetryError[<Future at 0x28a3fc690 state=finished raised RateLimitError>]
2024-09-17 16:32:52,764 - code_review.logger - INFO - Error processing file code_review/cloned_repos/yantra-frontend/chunk_data/.._code_review_cloned_repos_yantra-frontend_src_config_ws.ts_chunks.txt: RetryError[<Future at 0x28a3fc690 state=finished raised RateLimitError>]
2024-09-17 16:32:52,764 - code_review.logger - INFO - Error processing file code_review/cloned_repos/yantra-frontend/chunk_data/.._code_review_cloned_repos_yantra-frontend_src_config_ws.ts_chunks.txt: RetryError[<Future at 0x28a3fc690 state=finished raised RateLimitError>]
2024-09-17 16:34:26,668 - code_review.logger - INFO - Error processing file code_review/cloned_repos/yantra-frontend/chunk_data/.._code_review_cloned_repos_yantra-frontend_package-lock.json_chunks.txt: RetryError[<Future at 0x28a3e2410 state=finished raised RateLimitError>]
2024-09-17 16:34:26,668 - code_review.logger - INFO - Error processing file code_review/cloned_repos/yantra-frontend/chunk_data/.._code_review_cloned_repos_yantra-frontend_package-lock.json_chunks.txt: RetryError[<Future at 0x28a3e2410 state=finished raised RateLimitError>]
2024-09-17 16:34:26,668 - code_review.logger - INFO - Error processing file code_review/cloned_repos/yantra-frontend/chunk_data/.._code_review_cloned_repos_yantra-frontend_package-lock.json_chunks.txt: RetryError[<Future at 0x28a3e2410 state=finished raised RateLimitError>]
2024-09-17 16:58:23,700 - code_review.logger - INFO - Cloning repository to: code_review/cloned_repos/wordy
2024-09-17 16:58:23,700 - code_review.logger - INFO - Cloning repository to: code_review/cloned_repos/wordy
2024-09-17 16:58:23,700 - code_review.logger - INFO - Cloning repository to: code_review/cloned_repos/yantra-frontend
2024-09-17 16:58:23,700 - code_review.logger - INFO - Cloning repository to: code_review/cloned_repos/wordy
2024-09-17 16:58:23,700 - code_review.logger - INFO - Cloning repository to: code_review/cloned_repos/yantra-frontend
2024-09-17 16:58:23,700 - code_review.logger - INFO - Cloning repository to: code_review/cloned_repos/lyrikplasm_backend
2024-09-17 16:58:23,700 - code_review.logger - INFO - Cloning repository to: code_review/cloned_repos/yantra-frontend
2024-09-17 16:58:23,700 - code_review.logger - INFO - Cloning repository to: code_review/cloned_repos/lyrikplasm_backend
2024-09-17 16:58:23,700 - code_review.logger - INFO - Cloning repository to: code_review/cloned_repos/lyrikplasm_backend
2024-09-17 16:58:30,474 - code_review.logger - INFO - Skipping file with unknown language: code_review/cloned_repos/wordy/Dockerfile
2024-09-17 16:58:30,474 - code_review.logger - INFO - Skipping file with unknown language: code_review/cloned_repos/wordy/Dockerfile
2024-09-17 16:58:30,474 - code_review.logger - INFO - Skipping file with unknown language: code_review/cloned_repos/wordy/Dockerfile
2024-09-17 16:58:30,590 - code_review.logger - INFO - Skipping file with unknown language: code_review/cloned_repos/lyrikplasm_backend/.gitignore
2024-09-17 16:58:30,590 - code_review.logger - INFO - Skipping file with unknown language: code_review/cloned_repos/lyrikplasm_backend/.gitignore
2024-09-17 16:58:30,590 - code_review.logger - INFO - Skipping file with unknown language: code_review/cloned_repos/lyrikplasm_backend/.gitignore
2024-09-17 16:58:30,592 - code_review.logger - INFO - Skipping file with unknown language: code_review/cloned_repos/wordy/.gitignore
2024-09-17 16:58:30,592 - code_review.logger - INFO - Skipping file with unknown language: code_review/cloned_repos/wordy/.gitignore
2024-09-17 16:58:30,592 - code_review.logger - INFO - Skipping file with unknown language: code_review/cloned_repos/wordy/.gitignore
2024-09-17 16:58:30,593 - code_review.logger - INFO - Skipping file with unknown language: code_review/cloned_repos/yantra-frontend/.gitignore
2024-09-17 16:58:30,593 - code_review.logger - INFO - Skipping file with unknown language: code_review/cloned_repos/yantra-frontend/.gitignore
2024-09-17 16:58:30,593 - code_review.logger - INFO - Skipping file with unknown language: code_review/cloned_repos/yantra-frontend/.gitignore
2024-09-17 16:58:30,776 - code_review.logger - INFO - Skipping file with unknown language: code_review/cloned_repos/lyrikplasm_backend/utils/email_templates/forgotPassword.handlebars
2024-09-17 16:58:30,776 - code_review.logger - INFO - Skipping file with unknown language: code_review/cloned_repos/lyrikplasm_backend/utils/email_templates/forgotPassword.handlebars
2024-09-17 16:58:30,776 - code_review.logger - INFO - Skipping file with unknown language: code_review/cloned_repos/lyrikplasm_backend/utils/email_templates/forgotPassword.handlebars
2024-09-17 16:58:30,781 - code_review.logger - INFO - Skipping file with unknown language: code_review/cloned_repos/lyrikplasm_backend/chunk_data/.._code_review_cloned_repos_lyrikplasm_backend_utils_joiValidators_songValidator.js_chunks.txt
2024-09-17 16:58:30,781 - code_review.logger - INFO - Skipping file with unknown language: code_review/cloned_repos/lyrikplasm_backend/chunk_data/.._code_review_cloned_repos_lyrikplasm_backend_utils_joiValidators_songValidator.js_chunks.txt
2024-09-17 16:58:30,781 - code_review.logger - INFO - Skipping file with unknown language: code_review/cloned_repos/lyrikplasm_backend/chunk_data/.._code_review_cloned_repos_lyrikplasm_backend_utils_joiValidators_songValidator.js_chunks.txt
2024-09-17 16:58:30,781 - code_review.logger - INFO - Skipping file with unknown language: code_review/cloned_repos/lyrikplasm_backend/chunk_data/.._code_review_cloned_repos_lyrikplasm_backend_utils_joiValidators_userValidator.js_chunks.txt
2024-09-17 16:58:30,781 - code_review.logger - INFO - Skipping file with unknown language: code_review/cloned_repos/lyrikplasm_backend/chunk_data/.._code_review_cloned_repos_lyrikplasm_backend_utils_joiValidators_userValidator.js_chunks.txt
2024-09-17 16:58:30,781 - code_review.logger - INFO - Skipping file with unknown language: code_review/cloned_repos/lyrikplasm_backend/chunk_data/.._code_review_cloned_repos_lyrikplasm_backend_utils_joiValidators_userValidator.js_chunks.txt
2024-09-17 16:58:30,781 - code_review.logger - INFO - Skipping file with unknown language: code_review/cloned_repos/lyrikplasm_backend/chunk_data/.._code_review_cloned_repos_lyrikplasm_backend_routers_userRouter.js_chunks.txt
2024-09-17 16:58:30,781 - code_review.logger - INFO - Skipping file with unknown language: code_review/cloned_repos/lyrikplasm_backend/chunk_data/.._code_review_cloned_repos_lyrikplasm_backend_routers_userRouter.js_chunks.txt
2024-09-17 16:58:30,781 - code_review.logger - INFO - Skipping file with unknown language: code_review/cloned_repos/lyrikplasm_backend/chunk_data/.._code_review_cloned_repos_lyrikplasm_backend_routers_userRouter.js_chunks.txt
2024-09-17 16:58:30,781 - code_review.logger - INFO - Skipping file with unknown language: code_review/cloned_repos/lyrikplasm_backend/chunk_data/.._code_review_cloned_repos_lyrikplasm_backend_managers_catchAsync.js_chunks.txt
2024-09-17 16:58:30,781 - code_review.logger - INFO - Skipping file with unknown language: code_review/cloned_repos/lyrikplasm_backend/chunk_data/.._code_review_cloned_repos_lyrikplasm_backend_managers_catchAsync.js_chunks.txt
2024-09-17 16:58:30,781 - code_review.logger - INFO - Skipping file with unknown language: code_review/cloned_repos/lyrikplasm_backend/chunk_data/.._code_review_cloned_repos_lyrikplasm_backend_managers_catchAsync.js_chunks.txt
2024-09-17 16:58:30,781 - code_review.logger - INFO - Skipping file with unknown language: code_review/cloned_repos/lyrikplasm_backend/chunk_data/.._code_review_cloned_repos_lyrikplasm_backend_utils_parserers_reviewUploadParserer.js_chunks.txt
2024-09-17 16:58:30,781 - code_review.logger - INFO - Skipping file with unknown language: code_review/cloned_repos/lyrikplasm_backend/chunk_data/.._code_review_cloned_repos_lyrikplasm_backend_utils_parserers_reviewUploadParserer.js_chunks.txt
2024-09-17 16:58:30,781 - code_review.logger - INFO - Skipping file with unknown language: code_review/cloned_repos/lyrikplasm_backend/chunk_data/.._code_review_cloned_repos_lyrikplasm_backend_utils_parserers_reviewUploadParserer.js_chunks.txt
2024-09-17 16:58:30,781 - code_review.logger - INFO - Skipping file with unknown language: code_review/cloned_repos/lyrikplasm_backend/chunk_data/.._code_review_cloned_repos_lyrikplasm_backend_utils_multerConfigs_multerFilter.js_chunks.txt
2024-09-17 16:58:30,781 - code_review.logger - INFO - Skipping file with unknown language: code_review/cloned_repos/lyrikplasm_backend/chunk_data/.._code_review_cloned_repos_lyrikplasm_backend_utils_multerConfigs_multerFilter.js_chunks.txt
2024-09-17 16:58:30,781 - code_review.logger - INFO - Skipping file with unknown language: code_review/cloned_repos/lyrikplasm_backend/chunk_data/.._code_review_cloned_repos_lyrikplasm_backend_utils_multerConfigs_multerFilter.js_chunks.txt
2024-09-17 16:58:30,782 - code_review.logger - INFO - Skipping file with unknown language: code_review/cloned_repos/lyrikplasm_backend/chunk_data/.._code_review_cloned_repos_lyrikplasm_backend_constants.js_chunks.txt
2024-09-17 16:58:30,782 - code_review.logger - INFO - Skipping file with unknown language: code_review/cloned_repos/lyrikplasm_backend/chunk_data/.._code_review_cloned_repos_lyrikplasm_backend_constants.js_chunks.txt
2024-09-17 16:58:30,782 - code_review.logger - INFO - Skipping file with unknown language: code_review/cloned_repos/lyrikplasm_backend/chunk_data/.._code_review_cloned_repos_lyrikplasm_backend_constants.js_chunks.txt
2024-09-17 16:58:30,782 - code_review.logger - INFO - Skipping file with unknown language: code_review/cloned_repos/lyrikplasm_backend/chunk_data/.._code_review_cloned_repos_lyrikplasm_backend_utils_uploadPic.js_chunks.txt
2024-09-17 16:58:30,782 - code_review.logger - INFO - Skipping file with unknown language: code_review/cloned_repos/lyrikplasm_backend/chunk_data/.._code_review_cloned_repos_lyrikplasm_backend_utils_uploadPic.js_chunks.txt
2024-09-17 16:58:30,782 - code_review.logger - INFO - Skipping file with unknown language: code_review/cloned_repos/lyrikplasm_backend/chunk_data/.._code_review_cloned_repos_lyrikplasm_backend_utils_uploadPic.js_chunks.txt
2024-09-17 16:58:30,782 - code_review.logger - INFO - Skipping file with unknown language: code_review/cloned_repos/lyrikplasm_backend/chunk_data/.._code_review_cloned_repos_lyrikplasm_backend_utils_paymentsHandler.js_chunks.txt
2024-09-17 16:58:30,782 - code_review.logger - INFO - Skipping file with unknown language: code_review/cloned_repos/lyrikplasm_backend/chunk_data/.._code_review_cloned_repos_lyrikplasm_backend_utils_paymentsHandler.js_chunks.txt
2024-09-17 16:58:30,782 - code_review.logger - INFO - Skipping file with unknown language: code_review/cloned_repos/lyrikplasm_backend/chunk_data/.._code_review_cloned_repos_lyrikplasm_backend_utils_paymentsHandler.js_chunks.txt
2024-09-17 16:58:30,782 - code_review.logger - INFO - Skipping file with unknown language: code_review/cloned_repos/lyrikplasm_backend/chunk_data/.._code_review_cloned_repos_lyrikplasm_backend_managers_DB.js_chunks.txt
2024-09-17 16:58:30,782 - code_review.logger - INFO - Skipping file with unknown language: code_review/cloned_repos/lyrikplasm_backend/chunk_data/.._code_review_cloned_repos_lyrikplasm_backend_managers_DB.js_chunks.txt
2024-09-17 16:58:30,782 - code_review.logger - INFO - Skipping file with unknown language: code_review/cloned_repos/lyrikplasm_backend/chunk_data/.._code_review_cloned_repos_lyrikplasm_backend_managers_DB.js_chunks.txt
2024-09-17 16:58:30,782 - code_review.logger - INFO - Skipping file with unknown language: code_review/cloned_repos/lyrikplasm_backend/chunk_data/.._code_review_cloned_repos_lyrikplasm_backend_package-lock.json_chunks.txt
2024-09-17 16:58:30,782 - code_review.logger - INFO - Skipping file with unknown language: code_review/cloned_repos/lyrikplasm_backend/chunk_data/.._code_review_cloned_repos_lyrikplasm_backend_package-lock.json_chunks.txt
2024-09-17 16:58:30,782 - code_review.logger - INFO - Skipping file with unknown language: code_review/cloned_repos/lyrikplasm_backend/chunk_data/.._code_review_cloned_repos_lyrikplasm_backend_package-lock.json_chunks.txt
2024-09-17 16:58:30,782 - code_review.logger - INFO - Skipping file with unknown language: code_review/cloned_repos/lyrikplasm_backend/chunk_data/.._code_review_cloned_repos_lyrikplasm_backend_utils_joiValidators_reviewValidator.js_chunks.txt
2024-09-17 16:58:30,782 - code_review.logger - INFO - Skipping file with unknown language: code_review/cloned_repos/lyrikplasm_backend/chunk_data/.._code_review_cloned_repos_lyrikplasm_backend_utils_joiValidators_reviewValidator.js_chunks.txt
2024-09-17 16:58:30,782 - code_review.logger - INFO - Skipping file with unknown language: code_review/cloned_repos/lyrikplasm_backend/chunk_data/.._code_review_cloned_repos_lyrikplasm_backend_utils_joiValidators_reviewValidator.js_chunks.txt
2024-09-17 16:58:30,782 - code_review.logger - INFO - Skipping file with unknown language: code_review/cloned_repos/lyrikplasm_backend/chunk_data/.._code_review_cloned_repos_lyrikplasm_backend_package.json_chunks.txt
2024-09-17 16:58:30,782 - code_review.logger - INFO - Skipping file with unknown language: code_review/cloned_repos/lyrikplasm_backend/chunk_data/.._code_review_cloned_repos_lyrikplasm_backend_package.json_chunks.txt
2024-09-17 16:58:30,782 - code_review.logger - INFO - Skipping file with unknown language: code_review/cloned_repos/lyrikplasm_backend/chunk_data/.._code_review_cloned_repos_lyrikplasm_backend_package.json_chunks.txt
2024-09-17 16:58:30,782 - code_review.logger - INFO - Skipping file with unknown language: code_review/cloned_repos/lyrikplasm_backend/chunk_data/.._code_review_cloned_repos_lyrikplasm_backend_app.js_chunks.txt
2024-09-17 16:58:30,782 - code_review.logger - INFO - Skipping file with unknown language: code_review/cloned_repos/lyrikplasm_backend/chunk_data/.._code_review_cloned_repos_lyrikplasm_backend_app.js_chunks.txt
2024-09-17 16:58:30,782 - code_review.logger - INFO - Skipping file with unknown language: code_review/cloned_repos/lyrikplasm_backend/chunk_data/.._code_review_cloned_repos_lyrikplasm_backend_app.js_chunks.txt
2024-09-17 16:58:30,782 - code_review.logger - INFO - Skipping file with unknown language: code_review/cloned_repos/lyrikplasm_backend/chunk_data/.._code_review_cloned_repos_lyrikplasm_backend_utils_resizePic.js_chunks.txt
2024-09-17 16:58:30,782 - code_review.logger - INFO - Skipping file with unknown language: code_review/cloned_repos/lyrikplasm_backend/chunk_data/.._code_review_cloned_repos_lyrikplasm_backend_utils_resizePic.js_chunks.txt
2024-09-17 16:58:30,782 - code_review.logger - INFO - Skipping file with unknown language: code_review/cloned_repos/lyrikplasm_backend/chunk_data/.._code_review_cloned_repos_lyrikplasm_backend_utils_resizePic.js_chunks.txt
2024-09-17 16:58:30,782 - code_review.logger - INFO - Skipping file with unknown language: code_review/cloned_repos/lyrikplasm_backend/chunk_data/.._code_review_cloned_repos_lyrikplasm_backend_managers_AppError.js_chunks.txt
2024-09-17 16:58:30,782 - code_review.logger - INFO - Skipping file with unknown language: code_review/cloned_repos/lyrikplasm_backend/chunk_data/.._code_review_cloned_repos_lyrikplasm_backend_managers_AppError.js_chunks.txt
2024-09-17 16:58:30,782 - code_review.logger - INFO - Skipping file with unknown language: code_review/cloned_repos/lyrikplasm_backend/chunk_data/.._code_review_cloned_repos_lyrikplasm_backend_managers_AppError.js_chunks.txt
2024-09-17 16:58:30,783 - code_review.logger - INFO - Skipping file with unknown language: code_review/cloned_repos/lyrikplasm_backend/chunk_data/.._code_review_cloned_repos_lyrikplasm_backend_utils_HandlerFactory.js_chunks.txt
2024-09-17 16:58:30,783 - code_review.logger - INFO - Skipping file with unknown language: code_review/cloned_repos/lyrikplasm_backend/chunk_data/.._code_review_cloned_repos_lyrikplasm_backend_utils_HandlerFactory.js_chunks.txt
2024-09-17 16:58:30,783 - code_review.logger - INFO - Skipping file with unknown language: code_review/cloned_repos/lyrikplasm_backend/chunk_data/.._code_review_cloned_repos_lyrikplasm_backend_utils_HandlerFactory.js_chunks.txt
2024-09-17 16:58:30,783 - code_review.logger - INFO - Skipping file with unknown language: code_review/cloned_repos/lyrikplasm_backend/chunk_data/.._code_review_cloned_repos_lyrikplasm_backend_utils_APIFeatures.js_chunks.txt
2024-09-17 16:58:30,783 - code_review.logger - INFO - Skipping file with unknown language: code_review/cloned_repos/lyrikplasm_backend/chunk_data/.._code_review_cloned_repos_lyrikplasm_backend_utils_APIFeatures.js_chunks.txt
2024-09-17 16:58:30,783 - code_review.logger - INFO - Skipping file with unknown language: code_review/cloned_repos/lyrikplasm_backend/chunk_data/.._code_review_cloned_repos_lyrikplasm_backend_utils_APIFeatures.js_chunks.txt
2024-09-17 16:58:30,783 - code_review.logger - INFO - Skipping file with unknown language: code_review/cloned_repos/lyrikplasm_backend/chunk_data/.._code_review_cloned_repos_lyrikplasm_backend_routers_reviewRouter.js_chunks.txt
2024-09-17 16:58:30,783 - code_review.logger - INFO - Skipping file with unknown language: code_review/cloned_repos/lyrikplasm_backend/chunk_data/.._code_review_cloned_repos_lyrikplasm_backend_routers_reviewRouter.js_chunks.txt
2024-09-17 16:58:30,783 - code_review.logger - INFO - Skipping file with unknown language: code_review/cloned_repos/lyrikplasm_backend/chunk_data/.._code_review_cloned_repos_lyrikplasm_backend_routers_reviewRouter.js_chunks.txt
2024-09-17 16:58:30,783 - code_review.logger - INFO - Skipping file with unknown language: code_review/cloned_repos/lyrikplasm_backend/chunk_data/.._code_review_cloned_repos_lyrikplasm_backend_routers_songRouter.js_chunks.txt
2024-09-17 16:58:30,783 - code_review.logger - INFO - Skipping file with unknown language: code_review/cloned_repos/lyrikplasm_backend/chunk_data/.._code_review_cloned_repos_lyrikplasm_backend_routers_songRouter.js_chunks.txt
2024-09-17 16:58:30,783 - code_review.logger - INFO - Skipping file with unknown language: code_review/cloned_repos/lyrikplasm_backend/chunk_data/.._code_review_cloned_repos_lyrikplasm_backend_routers_songRouter.js_chunks.txt
2024-09-17 16:58:30,783 - code_review.logger - INFO - Skipping file with unknown language: code_review/cloned_repos/lyrikplasm_backend/chunk_data/.._code_review_cloned_repos_lyrikplasm_backend_utils_Email.js_chunks.txt
2024-09-17 16:58:30,783 - code_review.logger - INFO - Skipping file with unknown language: code_review/cloned_repos/lyrikplasm_backend/chunk_data/.._code_review_cloned_repos_lyrikplasm_backend_utils_Email.js_chunks.txt
2024-09-17 16:58:30,783 - code_review.logger - INFO - Skipping file with unknown language: code_review/cloned_repos/lyrikplasm_backend/chunk_data/.._code_review_cloned_repos_lyrikplasm_backend_utils_Email.js_chunks.txt
2024-09-17 16:58:30,783 - code_review.logger - INFO - Skipping file with unknown language: code_review/cloned_repos/lyrikplasm_backend/chunk_data/.._code_review_cloned_repos_lyrikplasm_backend_managers_baseErrorManager.js_chunks.txt
2024-09-17 16:58:30,783 - code_review.logger - INFO - Skipping file with unknown language: code_review/cloned_repos/lyrikplasm_backend/chunk_data/.._code_review_cloned_repos_lyrikplasm_backend_managers_baseErrorManager.js_chunks.txt
2024-09-17 16:58:30,783 - code_review.logger - INFO - Skipping file with unknown language: code_review/cloned_repos/lyrikplasm_backend/chunk_data/.._code_review_cloned_repos_lyrikplasm_backend_managers_baseErrorManager.js_chunks.txt
2024-09-17 16:58:30,783 - code_review.logger - INFO - Skipping file with unknown language: code_review/cloned_repos/lyrikplasm_backend/chunk_data/.._code_review_cloned_repos_lyrikplasm_backend_utils_multerConfigs_multerDiskStorage.js_chunks.txt
2024-09-17 16:58:30,783 - code_review.logger - INFO - Skipping file with unknown language: code_review/cloned_repos/lyrikplasm_backend/chunk_data/.._code_review_cloned_repos_lyrikplasm_backend_utils_multerConfigs_multerDiskStorage.js_chunks.txt
2024-09-17 16:58:30,783 - code_review.logger - INFO - Skipping file with unknown language: code_review/cloned_repos/lyrikplasm_backend/chunk_data/.._code_review_cloned_repos_lyrikplasm_backend_utils_multerConfigs_multerDiskStorage.js_chunks.txt
2024-09-17 16:58:30,783 - code_review.logger - INFO - Skipping file with unknown language: code_review/cloned_repos/lyrikplasm_backend/chunk_data/.._code_review_cloned_repos_lyrikplasm_backend_managers_envHandler.js_chunks.txt
2024-09-17 16:58:30,783 - code_review.logger - INFO - Skipping file with unknown language: code_review/cloned_repos/lyrikplasm_backend/chunk_data/.._code_review_cloned_repos_lyrikplasm_backend_managers_envHandler.js_chunks.txt
2024-09-17 16:58:30,783 - code_review.logger - INFO - Skipping file with unknown language: code_review/cloned_repos/lyrikplasm_backend/chunk_data/.._code_review_cloned_repos_lyrikplasm_backend_managers_envHandler.js_chunks.txt
2024-09-17 16:58:30,783 - code_review.logger - INFO - Skipping file with unknown language: code_review/cloned_repos/lyrikplasm_backend/chunk_data/.._code_review_cloned_repos_lyrikplasm_backend_utils_parserers_songUploadParserer.js_chunks.txt
2024-09-17 16:58:30,783 - code_review.logger - INFO - Skipping file with unknown language: code_review/cloned_repos/lyrikplasm_backend/chunk_data/.._code_review_cloned_repos_lyrikplasm_backend_utils_parserers_songUploadParserer.js_chunks.txt
2024-09-17 16:58:30,783 - code_review.logger - INFO - Skipping file with unknown language: code_review/cloned_repos/lyrikplasm_backend/chunk_data/.._code_review_cloned_repos_lyrikplasm_backend_utils_parserers_songUploadParserer.js_chunks.txt
2024-09-17 16:58:30,787 - code_review.logger - INFO - Skipping file with unknown language: code_review/cloned_repos/lyrikplasm_backend/static/email_template_background.jpg
2024-09-17 16:58:30,787 - code_review.logger - INFO - Skipping file with unknown language: code_review/cloned_repos/lyrikplasm_backend/static/email_template_background.jpg
2024-09-17 16:58:30,787 - code_review.logger - INFO - Skipping file with unknown language: code_review/cloned_repos/lyrikplasm_backend/static/email_template_background.jpg
2024-09-17 16:58:30,815 - code_review.logger - INFO - Skipping file with unknown language: code_review/cloned_repos/yantra-frontend/chunk_data/.._code_review_cloned_repos_yantra-frontend_.eslintrc.json_chunks.txt
2024-09-17 16:58:30,815 - code_review.logger - INFO - Skipping file with unknown language: code_review/cloned_repos/yantra-frontend/chunk_data/.._code_review_cloned_repos_yantra-frontend_.eslintrc.json_chunks.txt
2024-09-17 16:58:30,815 - code_review.logger - INFO - Skipping file with unknown language: code_review/cloned_repos/yantra-frontend/chunk_data/.._code_review_cloned_repos_yantra-frontend_.eslintrc.json_chunks.txt
2024-09-17 16:58:30,815 - code_review.logger - INFO - Skipping file with unknown language: code_review/cloned_repos/yantra-frontend/chunk_data/.._code_review_cloned_repos_yantra-frontend_package.json_chunks.txt
2024-09-17 16:58:30,815 - code_review.logger - INFO - Skipping file with unknown language: code_review/cloned_repos/yantra-frontend/chunk_data/.._code_review_cloned_repos_yantra-frontend_package.json_chunks.txt
2024-09-17 16:58:30,815 - code_review.logger - INFO - Skipping file with unknown language: code_review/cloned_repos/yantra-frontend/chunk_data/.._code_review_cloned_repos_yantra-frontend_package.json_chunks.txt
2024-09-17 16:58:30,815 - code_review.logger - INFO - Skipping file with unknown language: code_review/cloned_repos/yantra-frontend/chunk_data/.._code_review_cloned_repos_yantra-frontend_tsconfig.json_chunks.txt
2024-09-17 16:58:30,815 - code_review.logger - INFO - Skipping file with unknown language: code_review/cloned_repos/yantra-frontend/chunk_data/.._code_review_cloned_repos_yantra-frontend_tsconfig.json_chunks.txt
2024-09-17 16:58:30,815 - code_review.logger - INFO - Skipping file with unknown language: code_review/cloned_repos/yantra-frontend/chunk_data/.._code_review_cloned_repos_yantra-frontend_tsconfig.json_chunks.txt
2024-09-17 16:58:30,815 - code_review.logger - INFO - Skipping file with unknown language: code_review/cloned_repos/yantra-frontend/chunk_data/.._code_review_cloned_repos_yantra-frontend_package-lock.json_chunks.txt
2024-09-17 16:58:30,815 - code_review.logger - INFO - Skipping file with unknown language: code_review/cloned_repos/yantra-frontend/chunk_data/.._code_review_cloned_repos_yantra-frontend_package-lock.json_chunks.txt
2024-09-17 16:58:30,815 - code_review.logger - INFO - Skipping file with unknown language: code_review/cloned_repos/yantra-frontend/chunk_data/.._code_review_cloned_repos_yantra-frontend_package-lock.json_chunks.txt
2024-09-17 16:58:30,815 - code_review.logger - INFO - Skipping file with unknown language: code_review/cloned_repos/yantra-frontend/chunk_data/.._code_review_cloned_repos_yantra-frontend_README.md_chunks.txt
2024-09-17 16:58:30,815 - code_review.logger - INFO - Skipping file with unknown language: code_review/cloned_repos/yantra-frontend/chunk_data/.._code_review_cloned_repos_yantra-frontend_README.md_chunks.txt
2024-09-17 16:58:30,815 - code_review.logger - INFO - Skipping file with unknown language: code_review/cloned_repos/yantra-frontend/chunk_data/.._code_review_cloned_repos_yantra-frontend_README.md_chunks.txt
2024-09-17 16:58:30,815 - code_review.logger - INFO - Skipping file with unknown language: code_review/cloned_repos/yantra-frontend/chunk_data/.._code_review_cloned_repos_yantra-frontend_postcss.config.js_chunks.txt
2024-09-17 16:58:30,815 - code_review.logger - INFO - Skipping file with unknown language: code_review/cloned_repos/yantra-frontend/chunk_data/.._code_review_cloned_repos_yantra-frontend_postcss.config.js_chunks.txt
2024-09-17 16:58:30,815 - code_review.logger - INFO - Skipping file with unknown language: code_review/cloned_repos/yantra-frontend/chunk_data/.._code_review_cloned_repos_yantra-frontend_postcss.config.js_chunks.txt
2024-09-17 16:58:30,815 - code_review.logger - INFO - Skipping file with unknown language: code_review/cloned_repos/yantra-frontend/chunk_data/.._code_review_cloned_repos_yantra-frontend_tailwind.config.js_chunks.txt
2024-09-17 16:58:30,815 - code_review.logger - INFO - Skipping file with unknown language: code_review/cloned_repos/yantra-frontend/chunk_data/.._code_review_cloned_repos_yantra-frontend_tailwind.config.js_chunks.txt
2024-09-17 16:58:30,815 - code_review.logger - INFO - Skipping file with unknown language: code_review/cloned_repos/yantra-frontend/chunk_data/.._code_review_cloned_repos_yantra-frontend_tailwind.config.js_chunks.txt
2024-09-17 16:58:30,815 - code_review.logger - INFO - Skipping file with unknown language: code_review/cloned_repos/yantra-frontend/chunk_data/.._code_review_cloned_repos_yantra-frontend_next.config.js_chunks.txt
2024-09-17 16:58:30,815 - code_review.logger - INFO - Skipping file with unknown language: code_review/cloned_repos/yantra-frontend/chunk_data/.._code_review_cloned_repos_yantra-frontend_next.config.js_chunks.txt
2024-09-17 16:58:30,815 - code_review.logger - INFO - Skipping file with unknown language: code_review/cloned_repos/yantra-frontend/chunk_data/.._code_review_cloned_repos_yantra-frontend_next.config.js_chunks.txt
2024-09-17 16:58:30,816 - code_review.logger - INFO - Skipping file with unknown language: code_review/cloned_repos/yantra-frontend/public/threePeople.png
2024-09-17 16:58:30,816 - code_review.logger - INFO - Skipping file with unknown language: code_review/cloned_repos/yantra-frontend/public/threePeople.png
2024-09-17 16:58:30,816 - code_review.logger - INFO - Skipping file with unknown language: code_review/cloned_repos/yantra-frontend/public/threePeople.png
2024-09-17 16:58:30,816 - code_review.logger - INFO - Skipping file with unknown language: code_review/cloned_repos/yantra-frontend/public/favicon.ico
2024-09-17 16:58:30,816 - code_review.logger - INFO - Skipping file with unknown language: code_review/cloned_repos/yantra-frontend/public/favicon.ico
2024-09-17 16:58:30,816 - code_review.logger - INFO - Skipping file with unknown language: code_review/cloned_repos/yantra-frontend/public/favicon.ico
2024-09-17 16:58:30,816 - code_review.logger - INFO - Skipping file with unknown language: code_review/cloned_repos/yantra-frontend/public/samplePhoto.avif
2024-09-17 16:58:30,816 - code_review.logger - INFO - Skipping file with unknown language: code_review/cloned_repos/yantra-frontend/public/samplePhoto.avif
2024-09-17 16:58:30,816 - code_review.logger - INFO - Skipping file with unknown language: code_review/cloned_repos/yantra-frontend/public/samplePhoto.avif
2024-09-17 16:58:30,816 - code_review.logger - INFO - Skipping file with unknown language: code_review/cloned_repos/yantra-frontend/public/singlePerson.svg
2024-09-17 16:58:30,816 - code_review.logger - INFO - Skipping file with unknown language: code_review/cloned_repos/yantra-frontend/public/singlePerson.svg
2024-09-17 16:58:30,816 - code_review.logger - INFO - Skipping file with unknown language: code_review/cloned_repos/yantra-frontend/public/singlePerson.svg
2024-09-17 16:58:30,816 - code_review.logger - INFO - Skipping file with unknown language: code_review/cloned_repos/yantra-frontend/public/SharingPeople.svg
2024-09-17 16:58:30,816 - code_review.logger - INFO - Skipping file with unknown language: code_review/cloned_repos/yantra-frontend/public/SharingPeople.svg
2024-09-17 16:58:30,816 - code_review.logger - INFO - Skipping file with unknown language: code_review/cloned_repos/yantra-frontend/public/SharingPeople.svg
2024-09-17 16:58:30,816 - code_review.logger - INFO - Skipping file with unknown language: code_review/cloned_repos/yantra-frontend/public/thirteen.svg
2024-09-17 16:58:30,816 - code_review.logger - INFO - Skipping file with unknown language: code_review/cloned_repos/yantra-frontend/public/thirteen.svg
2024-09-17 16:58:30,816 - code_review.logger - INFO - Skipping file with unknown language: code_review/cloned_repos/yantra-frontend/public/thirteen.svg
2024-09-17 16:58:30,816 - code_review.logger - INFO - Skipping file with unknown language: code_review/cloned_repos/yantra-frontend/public/peopleBox.png
2024-09-17 16:58:30,816 - code_review.logger - INFO - Skipping file with unknown language: code_review/cloned_repos/yantra-frontend/public/peopleBox.png
2024-09-17 16:58:30,816 - code_review.logger - INFO - Skipping file with unknown language: code_review/cloned_repos/yantra-frontend/public/peopleBox.png
2024-09-17 16:58:30,816 - code_review.logger - INFO - Skipping file with unknown language: code_review/cloned_repos/yantra-frontend/public/threePeople.svg
2024-09-17 16:58:30,816 - code_review.logger - INFO - Skipping file with unknown language: code_review/cloned_repos/yantra-frontend/public/threePeople.svg
2024-09-17 16:58:30,816 - code_review.logger - INFO - Skipping file with unknown language: code_review/cloned_repos/yantra-frontend/public/threePeople.svg
2024-09-17 16:58:30,816 - code_review.logger - INFO - Skipping file with unknown language: code_review/cloned_repos/yantra-frontend/public/Logo.png
2024-09-17 16:58:30,816 - code_review.logger - INFO - Skipping file with unknown language: code_review/cloned_repos/yantra-frontend/public/Logo.png
2024-09-17 16:58:30,816 - code_review.logger - INFO - Skipping file with unknown language: code_review/cloned_repos/yantra-frontend/public/Logo.png
2024-09-17 16:58:30,816 - code_review.logger - INFO - Skipping file with unknown language: code_review/cloned_repos/yantra-frontend/public/vercel.svg
2024-09-17 16:58:30,816 - code_review.logger - INFO - Skipping file with unknown language: code_review/cloned_repos/yantra-frontend/public/vercel.svg
2024-09-17 16:58:30,816 - code_review.logger - INFO - Skipping file with unknown language: code_review/cloned_repos/yantra-frontend/public/vercel.svg
2024-09-17 16:58:30,816 - code_review.logger - INFO - Skipping file with unknown language: code_review/cloned_repos/yantra-frontend/public/next.svg
2024-09-17 16:58:30,816 - code_review.logger - INFO - Skipping file with unknown language: code_review/cloned_repos/yantra-frontend/public/next.svg
2024-09-17 16:58:30,816 - code_review.logger - INFO - Skipping file with unknown language: code_review/cloned_repos/yantra-frontend/public/next.svg
2024-09-17 16:58:30,816 - code_review.logger - INFO - Skipping file with unknown language: code_review/cloned_repos/yantra-frontend/public/SmallLogoBlack.svg
2024-09-17 16:58:30,816 - code_review.logger - INFO - Skipping file with unknown language: code_review/cloned_repos/yantra-frontend/public/SmallLogoBlack.svg
2024-09-17 16:58:30,816 - code_review.logger - INFO - Skipping file with unknown language: code_review/cloned_repos/yantra-frontend/public/SmallLogoBlack.svg
2024-09-17 16:58:30,816 - code_review.logger - INFO - Skipping file with unknown language: code_review/cloned_repos/yantra-frontend/public/LogoBlack.svg
2024-09-17 16:58:30,816 - code_review.logger - INFO - Skipping file with unknown language: code_review/cloned_repos/yantra-frontend/public/LogoBlack.svg
2024-09-17 16:58:30,816 - code_review.logger - INFO - Skipping file with unknown language: code_review/cloned_repos/yantra-frontend/public/LogoBlack.svg
2024-09-17 16:58:30,817 - code_review.logger - INFO - Skipping file with unknown language: code_review/cloned_repos/yantra-frontend/public/singlePersonFlipped.svg
2024-09-17 16:58:30,817 - code_review.logger - INFO - Skipping file with unknown language: code_review/cloned_repos/yantra-frontend/public/singlePersonFlipped.svg
2024-09-17 16:58:30,817 - code_review.logger - INFO - Skipping file with unknown language: code_review/cloned_repos/yantra-frontend/public/singlePersonFlipped.svg
2024-09-17 16:58:30,817 - code_review.logger - INFO - Skipping file with unknown language: code_review/cloned_repos/yantra-frontend/public/Logo.svg
2024-09-17 16:58:30,817 - code_review.logger - INFO - Skipping file with unknown language: code_review/cloned_repos/yantra-frontend/public/Logo.svg
2024-09-17 16:58:30,817 - code_review.logger - INFO - Skipping file with unknown language: code_review/cloned_repos/yantra-frontend/public/Logo.svg
2024-09-17 16:58:30,817 - code_review.logger - INFO - Skipping file with unknown language: code_review/cloned_repos/yantra-frontend/public/svg-icons/LeftPencilStroke.png
2024-09-17 16:58:30,817 - code_review.logger - INFO - Skipping file with unknown language: code_review/cloned_repos/yantra-frontend/public/svg-icons/LeftPencilStroke.png
2024-09-17 16:58:30,817 - code_review.logger - INFO - Skipping file with unknown language: code_review/cloned_repos/yantra-frontend/public/svg-icons/LeftPencilStroke.png
2024-09-17 16:58:30,817 - code_review.logger - INFO - Skipping file with unknown language: code_review/cloned_repos/yantra-frontend/public/svg-icons/sad face.svg
2024-09-17 16:58:30,817 - code_review.logger - INFO - Skipping file with unknown language: code_review/cloned_repos/yantra-frontend/public/svg-icons/sad face.svg
2024-09-17 16:58:30,817 - code_review.logger - INFO - Skipping file with unknown language: code_review/cloned_repos/yantra-frontend/public/svg-icons/sad face.svg
2024-09-17 16:58:30,817 - code_review.logger - INFO - Skipping file with unknown language: code_review/cloned_repos/yantra-frontend/public/svg-icons/content face.svg
2024-09-17 16:58:30,817 - code_review.logger - INFO - Skipping file with unknown language: code_review/cloned_repos/yantra-frontend/public/svg-icons/content face.svg
2024-09-17 16:58:30,817 - code_review.logger - INFO - Skipping file with unknown language: code_review/cloned_repos/yantra-frontend/public/svg-icons/content face.svg
2024-09-17 16:58:30,817 - code_review.logger - INFO - Skipping file with unknown language: code_review/cloned_repos/yantra-frontend/public/svg-icons/angry face.svg
2024-09-17 16:58:30,817 - code_review.logger - INFO - Skipping file with unknown language: code_review/cloned_repos/yantra-frontend/public/svg-icons/angry face.svg
2024-09-17 16:58:30,817 - code_review.logger - INFO - Skipping file with unknown language: code_review/cloned_repos/yantra-frontend/public/svg-icons/angry face.svg
2024-09-17 16:58:30,817 - code_review.logger - INFO - Skipping file with unknown language: code_review/cloned_repos/yantra-frontend/public/svg-icons/happy face.svg
2024-09-17 16:58:30,817 - code_review.logger - INFO - Skipping file with unknown language: code_review/cloned_repos/yantra-frontend/public/svg-icons/happy face.svg
2024-09-17 16:58:30,817 - code_review.logger - INFO - Skipping file with unknown language: code_review/cloned_repos/yantra-frontend/public/svg-icons/happy face.svg
2024-09-17 16:58:30,817 - code_review.logger - INFO - Skipping file with unknown language: code_review/cloned_repos/yantra-frontend/public/svg-icons/RightPencilStroke.png
2024-09-17 16:58:30,817 - code_review.logger - INFO - Skipping file with unknown language: code_review/cloned_repos/yantra-frontend/public/svg-icons/RightPencilStroke.png
2024-09-17 16:58:30,817 - code_review.logger - INFO - Skipping file with unknown language: code_review/cloned_repos/yantra-frontend/public/svg-icons/RightPencilStroke.png
2024-09-17 16:58:30,817 - code_review.logger - INFO - Skipping file with unknown language: code_review/cloned_repos/yantra-frontend/public/svg-icons/meh face.svg
2024-09-17 16:58:30,817 - code_review.logger - INFO - Skipping file with unknown language: code_review/cloned_repos/yantra-frontend/public/svg-icons/meh face.svg
2024-09-17 16:58:30,817 - code_review.logger - INFO - Skipping file with unknown language: code_review/cloned_repos/yantra-frontend/public/svg-icons/meh face.svg
2024-09-17 16:58:30,818 - code_review.logger - INFO - Skipping file with unknown language: code_review/cloned_repos/yantra-frontend/src/wrappers/main.tsx
2024-09-17 16:58:30,818 - code_review.logger - INFO - Skipping file with unknown language: code_review/cloned_repos/yantra-frontend/src/wrappers/main.tsx
2024-09-17 16:58:30,818 - code_review.logger - INFO - Skipping file with unknown language: code_review/cloned_repos/yantra-frontend/src/wrappers/main.tsx
2024-09-17 16:58:30,818 - code_review.logger - INFO - Skipping file with unknown language: code_review/cloned_repos/yantra-frontend/src/sections/Groups/newGroup.tsx
2024-09-17 16:58:30,818 - code_review.logger - INFO - Skipping file with unknown language: code_review/cloned_repos/yantra-frontend/src/sections/Groups/newGroup.tsx
2024-09-17 16:58:30,818 - code_review.logger - INFO - Skipping file with unknown language: code_review/cloned_repos/yantra-frontend/src/sections/Groups/newGroup.tsx
2024-09-17 16:58:30,818 - code_review.logger - INFO - Skipping file with unknown language: code_review/cloned_repos/yantra-frontend/src/sections/Events/new_event.tsx
2024-09-17 16:58:30,818 - code_review.logger - INFO - Skipping file with unknown language: code_review/cloned_repos/yantra-frontend/src/sections/Events/new_event.tsx
2024-09-17 16:58:30,818 - code_review.logger - INFO - Skipping file with unknown language: code_review/cloned_repos/yantra-frontend/src/sections/Events/new_event.tsx
2024-09-17 16:58:30,818 - code_review.logger - INFO - Skipping file with unknown language: code_review/cloned_repos/yantra-frontend/src/sections/Events/edit_event.tsx
2024-09-17 16:58:30,818 - code_review.logger - INFO - Skipping file with unknown language: code_review/cloned_repos/yantra-frontend/src/sections/Events/edit_event.tsx
2024-09-17 16:58:30,818 - code_review.logger - INFO - Skipping file with unknown language: code_review/cloned_repos/yantra-frontend/src/sections/Events/edit_event.tsx
2024-09-17 16:58:30,826 - code_review.logger - INFO - Skipping file with unknown language: code_review/cloned_repos/yantra-frontend/src/config/cookies.tsx
2024-09-17 16:58:30,826 - code_review.logger - INFO - Skipping file with unknown language: code_review/cloned_repos/yantra-frontend/src/config/cookies.tsx
2024-09-17 16:58:30,826 - code_review.logger - INFO - Skipping file with unknown language: code_review/cloned_repos/yantra-frontend/src/config/cookies.tsx
2024-09-17 16:58:30,837 - code_review.logger - INFO - Skipping file with unknown language: code_review/cloned_repos/yantra-frontend/src/utils/render_content_with_links.tsx
2024-09-17 16:58:30,837 - code_review.logger - INFO - Skipping file with unknown language: code_review/cloned_repos/yantra-frontend/src/utils/render_content_with_links.tsx
2024-09-17 16:58:30,837 - code_review.logger - INFO - Skipping file with unknown language: code_review/cloned_repos/yantra-frontend/src/utils/render_content_with_links.tsx
2024-09-17 16:58:30,838 - code_review.logger - INFO - Skipping file with unknown language: code_review/cloned_repos/yantra-frontend/src/utils/funcs/get_icon.tsx
2024-09-17 16:58:30,838 - code_review.logger - INFO - Skipping file with unknown language: code_review/cloned_repos/yantra-frontend/src/utils/funcs/get_icon.tsx
2024-09-17 16:58:30,838 - code_review.logger - INFO - Skipping file with unknown language: code_review/cloned_repos/yantra-frontend/src/utils/funcs/get_icon.tsx
2024-09-17 16:58:30,843 - code_review.logger - INFO - Skipping file with unknown language: code_review/cloned_repos/yantra-frontend/src/components/fillers/feed.tsx
2024-09-17 16:58:30,843 - code_review.logger - INFO - Skipping file with unknown language: code_review/cloned_repos/yantra-frontend/src/components/fillers/feed.tsx
2024-09-17 16:58:30,843 - code_review.logger - INFO - Skipping file with unknown language: code_review/cloned_repos/yantra-frontend/src/components/fillers/feed.tsx
2024-09-17 16:58:30,843 - code_review.logger - INFO - Skipping file with unknown language: code_review/cloned_repos/yantra-frontend/src/components/fillers/mascot.tsx
2024-09-17 16:58:30,843 - code_review.logger - INFO - Skipping file with unknown language: code_review/cloned_repos/yantra-frontend/src/components/fillers/mascot.tsx
2024-09-17 16:58:30,843 - code_review.logger - INFO - Skipping file with unknown language: code_review/cloned_repos/yantra-frontend/src/components/fillers/mascot.tsx
2024-09-17 16:58:30,843 - code_review.logger - INFO - Skipping file with unknown language: code_review/cloned_repos/yantra-frontend/src/components/Navbar/index.tsx
2024-09-17 16:58:30,843 - code_review.logger - INFO - Skipping file with unknown language: code_review/cloned_repos/yantra-frontend/src/components/Navbar/index.tsx
2024-09-17 16:58:30,843 - code_review.logger - INFO - Skipping file with unknown language: code_review/cloned_repos/yantra-frontend/src/components/Navbar/index.tsx
2024-09-17 16:58:30,843 - code_review.logger - INFO - Skipping file with unknown language: code_review/cloned_repos/yantra-frontend/src/components/Navbar/profile_dropdown.tsx
2024-09-17 16:58:30,843 - code_review.logger - INFO - Skipping file with unknown language: code_review/cloned_repos/yantra-frontend/src/components/Navbar/profile_dropdown.tsx
2024-09-17 16:58:30,843 - code_review.logger - INFO - Skipping file with unknown language: code_review/cloned_repos/yantra-frontend/src/components/Navbar/profile_dropdown.tsx
2024-09-17 16:58:30,844 - code_review.logger - INFO - Skipping file with unknown language: code_review/cloned_repos/yantra-frontend/src/components/form/time.tsx
2024-09-17 16:58:30,844 - code_review.logger - INFO - Skipping file with unknown language: code_review/cloned_repos/yantra-frontend/src/components/form/time.tsx
2024-09-17 16:58:30,844 - code_review.logger - INFO - Skipping file with unknown language: code_review/cloned_repos/yantra-frontend/src/components/form/time.tsx
2024-09-17 16:58:30,844 - code_review.logger - INFO - Skipping file with unknown language: code_review/cloned_repos/yantra-frontend/src/components/form/tags.tsx
2024-09-17 16:58:30,844 - code_review.logger - INFO - Skipping file with unknown language: code_review/cloned_repos/yantra-frontend/src/components/form/tags.tsx
2024-09-17 16:58:30,844 - code_review.logger - INFO - Skipping file with unknown language: code_review/cloned_repos/yantra-frontend/src/components/form/tags.tsx
2024-09-17 16:58:30,844 - code_review.logger - INFO - Skipping file with unknown language: code_review/cloned_repos/yantra-frontend/src/components/form/checkbox.tsx
2024-09-17 16:58:30,844 - code_review.logger - INFO - Skipping file with unknown language: code_review/cloned_repos/yantra-frontend/src/components/form/checkbox.tsx
2024-09-17 16:58:30,844 - code_review.logger - INFO - Skipping file with unknown language: code_review/cloned_repos/yantra-frontend/src/components/form/checkbox.tsx
2024-09-17 16:58:30,844 - code_review.logger - INFO - Skipping file with unknown language: code_review/cloned_repos/yantra-frontend/src/components/form/links.tsx
2024-09-17 16:58:30,844 - code_review.logger - INFO - Skipping file with unknown language: code_review/cloned_repos/yantra-frontend/src/components/form/links.tsx
2024-09-17 16:58:30,844 - code_review.logger - INFO - Skipping file with unknown language: code_review/cloned_repos/yantra-frontend/src/components/form/links.tsx
2024-09-17 16:58:30,844 - code_review.logger - INFO - Skipping file with unknown language: code_review/cloned_repos/yantra-frontend/src/components/form/select.tsx
2024-09-17 16:58:30,844 - code_review.logger - INFO - Skipping file with unknown language: code_review/cloned_repos/yantra-frontend/src/components/form/select.tsx
2024-09-17 16:58:30,844 - code_review.logger - INFO - Skipping file with unknown language: code_review/cloned_repos/yantra-frontend/src/components/form/select.tsx
2024-09-17 16:58:30,844 - code_review.logger - INFO - Skipping file with unknown language: code_review/cloned_repos/yantra-frontend/src/components/form/textarea.tsx
2024-09-17 16:58:30,844 - code_review.logger - INFO - Skipping file with unknown language: code_review/cloned_repos/yantra-frontend/src/components/form/textarea.tsx
2024-09-17 16:58:30,844 - code_review.logger - INFO - Skipping file with unknown language: code_review/cloned_repos/yantra-frontend/src/components/form/textarea.tsx
2024-09-17 16:58:30,844 - code_review.logger - INFO - Skipping file with unknown language: code_review/cloned_repos/yantra-frontend/src/components/form/input.tsx
2024-09-17 16:58:30,844 - code_review.logger - INFO - Skipping file with unknown language: code_review/cloned_repos/yantra-frontend/src/components/form/input.tsx
2024-09-17 16:58:30,844 - code_review.logger - INFO - Skipping file with unknown language: code_review/cloned_repos/yantra-frontend/src/components/form/input.tsx
2024-09-17 16:58:30,844 - code_review.logger - INFO - Skipping file with unknown language: code_review/cloned_repos/yantra-frontend/src/components/buttons/primary_btn.tsx
2024-09-17 16:58:30,844 - code_review.logger - INFO - Skipping file with unknown language: code_review/cloned_repos/yantra-frontend/src/components/buttons/primary_btn.tsx
2024-09-17 16:58:30,844 - code_review.logger - INFO - Skipping file with unknown language: code_review/cloned_repos/yantra-frontend/src/components/buttons/primary_btn.tsx
2024-09-17 16:58:30,845 - code_review.logger - INFO - Skipping file with unknown language: code_review/cloned_repos/yantra-frontend/src/components/buttons/join_btn.tsx
2024-09-17 16:58:30,845 - code_review.logger - INFO - Skipping file with unknown language: code_review/cloned_repos/yantra-frontend/src/components/buttons/join_btn.tsx
2024-09-17 16:58:30,845 - code_review.logger - INFO - Skipping file with unknown language: code_review/cloned_repos/yantra-frontend/src/components/buttons/join_btn.tsx
2024-09-17 16:58:30,845 - code_review.logger - INFO - Skipping file with unknown language: code_review/cloned_repos/yantra-frontend/src/components/buttons/build_btn.tsx
2024-09-17 16:58:30,845 - code_review.logger - INFO - Skipping file with unknown language: code_review/cloned_repos/yantra-frontend/src/components/buttons/build_btn.tsx
2024-09-17 16:58:30,845 - code_review.logger - INFO - Skipping file with unknown language: code_review/cloned_repos/yantra-frontend/src/components/buttons/build_btn.tsx
2024-09-17 16:58:30,845 - code_review.logger - INFO - Skipping file with unknown language: code_review/cloned_repos/yantra-frontend/src/components/buttons/registration_btn.tsx
2024-09-17 16:58:30,845 - code_review.logger - INFO - Skipping file with unknown language: code_review/cloned_repos/yantra-frontend/src/components/buttons/registration_btn.tsx
2024-09-17 16:58:30,845 - code_review.logger - INFO - Skipping file with unknown language: code_review/cloned_repos/yantra-frontend/src/components/buttons/registration_btn.tsx
2024-09-17 16:58:30,845 - code_review.logger - INFO - Skipping file with unknown language: code_review/cloned_repos/yantra-frontend/src/components/buttons/danger_btn.tsx
2024-09-17 16:58:30,845 - code_review.logger - INFO - Skipping file with unknown language: code_review/cloned_repos/yantra-frontend/src/components/buttons/danger_btn.tsx
2024-09-17 16:58:30,845 - code_review.logger - INFO - Skipping file with unknown language: code_review/cloned_repos/yantra-frontend/src/components/buttons/danger_btn.tsx
2024-09-17 16:58:30,845 - code_review.logger - INFO - Skipping file with unknown language: code_review/cloned_repos/yantra-frontend/src/components/empty_fillers/search.tsx
2024-09-17 16:58:30,845 - code_review.logger - INFO - Skipping file with unknown language: code_review/cloned_repos/yantra-frontend/src/components/empty_fillers/search.tsx
2024-09-17 16:58:30,845 - code_review.logger - INFO - Skipping file with unknown language: code_review/cloned_repos/yantra-frontend/src/components/empty_fillers/search.tsx
2024-09-17 16:58:30,845 - code_review.logger - INFO - Skipping file with unknown language: code_review/cloned_repos/yantra-frontend/src/components/uncommon/meet.tsx
2024-09-17 16:58:30,845 - code_review.logger - INFO - Skipping file with unknown language: code_review/cloned_repos/yantra-frontend/src/components/uncommon/meet.tsx
2024-09-17 16:58:30,845 - code_review.logger - INFO - Skipping file with unknown language: code_review/cloned_repos/yantra-frontend/src/components/uncommon/meet.tsx
2024-09-17 16:58:30,845 - code_review.logger - INFO - Skipping file with unknown language: code_review/cloned_repos/yantra-frontend/src/components/uncommon/Journal/page_box.tsx
2024-09-17 16:58:30,845 - code_review.logger - INFO - Skipping file with unknown language: code_review/cloned_repos/yantra-frontend/src/components/uncommon/Journal/page_box.tsx
2024-09-17 16:58:30,845 - code_review.logger - INFO - Skipping file with unknown language: code_review/cloned_repos/yantra-frontend/src/components/uncommon/Journal/page_box.tsx
2024-09-17 16:58:30,845 - code_review.logger - INFO - Skipping file with unknown language: code_review/cloned_repos/yantra-frontend/src/components/uncommon/Journal/page.tsx
2024-09-17 16:58:30,845 - code_review.logger - INFO - Skipping file with unknown language: code_review/cloned_repos/yantra-frontend/src/components/uncommon/Journal/page.tsx
2024-09-17 16:58:30,845 - code_review.logger - INFO - Skipping file with unknown language: code_review/cloned_repos/yantra-frontend/src/components/uncommon/Journal/page.tsx
2024-09-17 16:58:30,845 - code_review.logger - INFO - Skipping file with unknown language: code_review/cloned_repos/yantra-frontend/src/components/uncommon/Post/new_post.tsx
2024-09-17 16:58:30,845 - code_review.logger - INFO - Skipping file with unknown language: code_review/cloned_repos/yantra-frontend/src/components/uncommon/Post/new_post.tsx
2024-09-17 16:58:30,845 - code_review.logger - INFO - Skipping file with unknown language: code_review/cloned_repos/yantra-frontend/src/components/uncommon/Post/new_post.tsx
2024-09-17 16:58:30,845 - code_review.logger - INFO - Skipping file with unknown language: code_review/cloned_repos/yantra-frontend/src/components/uncommon/Post/index.tsx
2024-09-17 16:58:30,845 - code_review.logger - INFO - Skipping file with unknown language: code_review/cloned_repos/yantra-frontend/src/components/uncommon/Post/index.tsx
2024-09-17 16:58:30,845 - code_review.logger - INFO - Skipping file with unknown language: code_review/cloned_repos/yantra-frontend/src/components/uncommon/Post/index.tsx
2024-09-17 16:58:30,845 - code_review.logger - INFO - Skipping file with unknown language: code_review/cloned_repos/yantra-frontend/src/components/uncommon/Post/new_post_images.tsx
2024-09-17 16:58:30,845 - code_review.logger - INFO - Skipping file with unknown language: code_review/cloned_repos/yantra-frontend/src/components/uncommon/Post/new_post_images.tsx
2024-09-17 16:58:30,845 - code_review.logger - INFO - Skipping file with unknown language: code_review/cloned_repos/yantra-frontend/src/components/uncommon/Post/new_post_images.tsx
2024-09-17 16:58:30,846 - code_review.logger - INFO - Skipping file with unknown language: code_review/cloned_repos/yantra-frontend/src/components/uncommon/Polls/new_poll.tsx
2024-09-17 16:58:30,846 - code_review.logger - INFO - Skipping file with unknown language: code_review/cloned_repos/yantra-frontend/src/components/uncommon/Polls/new_poll.tsx
2024-09-17 16:58:30,846 - code_review.logger - INFO - Skipping file with unknown language: code_review/cloned_repos/yantra-frontend/src/components/uncommon/Polls/new_poll.tsx
2024-09-17 16:58:30,846 - code_review.logger - INFO - Skipping file with unknown language: code_review/cloned_repos/yantra-frontend/src/components/uncommon/EventCard/index.tsx
2024-09-17 16:58:30,846 - code_review.logger - INFO - Skipping file with unknown language: code_review/cloned_repos/yantra-frontend/src/components/uncommon/EventCard/index.tsx
2024-09-17 16:58:30,846 - code_review.logger - INFO - Skipping file with unknown language: code_review/cloned_repos/yantra-frontend/src/components/uncommon/EventCard/index.tsx
2024-09-17 16:58:30,846 - code_review.logger - INFO - Skipping file with unknown language: code_review/cloned_repos/yantra-frontend/src/components/uncommon/Announcements/new_announcement.tsx
2024-09-17 16:58:30,846 - code_review.logger - INFO - Skipping file with unknown language: code_review/cloned_repos/yantra-frontend/src/components/uncommon/Announcements/new_announcement.tsx
2024-09-17 16:58:30,846 - code_review.logger - INFO - Skipping file with unknown language: code_review/cloned_repos/yantra-frontend/src/components/uncommon/Announcements/new_announcement.tsx
2024-09-17 16:58:30,846 - code_review.logger - INFO - Skipping file with unknown language: code_review/cloned_repos/yantra-frontend/src/components/uncommon/ResourceFile/index.tsx
2024-09-17 16:58:30,846 - code_review.logger - INFO - Skipping file with unknown language: code_review/cloned_repos/yantra-frontend/src/components/uncommon/ResourceFile/index.tsx
2024-09-17 16:58:30,846 - code_review.logger - INFO - Skipping file with unknown language: code_review/cloned_repos/yantra-frontend/src/components/uncommon/ResourceFile/index.tsx
2024-09-17 16:58:30,846 - code_review.logger - INFO - Skipping file with unknown language: code_review/cloned_repos/yantra-frontend/src/components/uncommon/EmojiScale/index.tsx
2024-09-17 16:58:30,846 - code_review.logger - INFO - Skipping file with unknown language: code_review/cloned_repos/yantra-frontend/src/components/uncommon/EmojiScale/index.tsx
2024-09-17 16:58:30,846 - code_review.logger - INFO - Skipping file with unknown language: code_review/cloned_repos/yantra-frontend/src/components/uncommon/EmojiScale/index.tsx
2024-09-17 16:58:30,846 - code_review.logger - INFO - Skipping file with unknown language: code_review/cloned_repos/yantra-frontend/src/components/charts/lineGraph.tsx
2024-09-17 16:58:30,846 - code_review.logger - INFO - Skipping file with unknown language: code_review/cloned_repos/yantra-frontend/src/components/charts/lineGraph.tsx
2024-09-17 16:58:30,846 - code_review.logger - INFO - Skipping file with unknown language: code_review/cloned_repos/yantra-frontend/src/components/charts/lineGraph.tsx
2024-09-17 16:58:30,846 - code_review.logger - INFO - Skipping file with unknown language: code_review/cloned_repos/yantra-frontend/src/components/charts/polarGraph.tsx
2024-09-17 16:58:30,846 - code_review.logger - INFO - Skipping file with unknown language: code_review/cloned_repos/yantra-frontend/src/components/charts/polarGraph.tsx
2024-09-17 16:58:30,846 - code_review.logger - INFO - Skipping file with unknown language: code_review/cloned_repos/yantra-frontend/src/components/charts/polarGraph.tsx
2024-09-17 16:58:30,846 - code_review.logger - INFO - Skipping file with unknown language: code_review/cloned_repos/yantra-frontend/src/components/utils/tag_suggestions.tsx
2024-09-17 16:58:30,846 - code_review.logger - INFO - Skipping file with unknown language: code_review/cloned_repos/yantra-frontend/src/components/utils/tag_suggestions.tsx
2024-09-17 16:58:30,846 - code_review.logger - INFO - Skipping file with unknown language: code_review/cloned_repos/yantra-frontend/src/components/utils/tag_suggestions.tsx
2024-09-17 16:58:30,846 - code_review.logger - INFO - Skipping file with unknown language: code_review/cloned_repos/yantra-frontend/src/components/utils/new_cover.tsx
2024-09-17 16:58:30,846 - code_review.logger - INFO - Skipping file with unknown language: code_review/cloned_repos/yantra-frontend/src/components/utils/new_cover.tsx
2024-09-17 16:58:30,846 - code_review.logger - INFO - Skipping file with unknown language: code_review/cloned_repos/yantra-frontend/src/components/utils/new_cover.tsx
2024-09-17 16:58:30,846 - code_review.logger - INFO - Skipping file with unknown language: code_review/cloned_repos/yantra-frontend/src/components/utils/edit_tags.tsx
2024-09-17 16:58:30,846 - code_review.logger - INFO - Skipping file with unknown language: code_review/cloned_repos/yantra-frontend/src/components/utils/edit_tags.tsx
2024-09-17 16:58:30,846 - code_review.logger - INFO - Skipping file with unknown language: code_review/cloned_repos/yantra-frontend/src/components/utils/edit_tags.tsx
2024-09-17 16:58:30,846 - code_review.logger - INFO - Skipping file with unknown language: code_review/cloned_repos/yantra-frontend/src/components/utils/edit_links.tsx
2024-09-17 16:58:30,846 - code_review.logger - INFO - Skipping file with unknown language: code_review/cloned_repos/yantra-frontend/src/components/utils/edit_links.tsx
2024-09-17 16:58:30,846 - code_review.logger - INFO - Skipping file with unknown language: code_review/cloned_repos/yantra-frontend/src/components/utils/edit_links.tsx
2024-09-17 16:58:30,847 - code_review.logger - INFO - Skipping file with unknown language: code_review/cloned_repos/yantra-frontend/src/components/common/loader.tsx
2024-09-17 16:58:30,847 - code_review.logger - INFO - Skipping file with unknown language: code_review/cloned_repos/yantra-frontend/src/components/common/loader.tsx
2024-09-17 16:58:30,847 - code_review.logger - INFO - Skipping file with unknown language: code_review/cloned_repos/yantra-frontend/src/components/common/loader.tsx
2024-09-17 16:58:30,847 - code_review.logger - INFO - Skipping file with unknown language: code_review/cloned_repos/yantra-frontend/src/components/common/strong_pass_info.tsx
2024-09-17 16:58:30,847 - code_review.logger - INFO - Skipping file with unknown language: code_review/cloned_repos/yantra-frontend/src/components/common/strong_pass_info.tsx
2024-09-17 16:58:30,847 - code_review.logger - INFO - Skipping file with unknown language: code_review/cloned_repos/yantra-frontend/src/components/common/strong_pass_info.tsx
2024-09-17 16:58:30,847 - code_review.logger - INFO - Skipping file with unknown language: code_review/cloned_repos/yantra-frontend/src/components/common/confirm_delete.tsx
2024-09-17 16:58:30,847 - code_review.logger - INFO - Skipping file with unknown language: code_review/cloned_repos/yantra-frontend/src/components/common/confirm_delete.tsx
2024-09-17 16:58:30,847 - code_review.logger - INFO - Skipping file with unknown language: code_review/cloned_repos/yantra-frontend/src/components/common/confirm_delete.tsx
2024-09-17 16:58:30,847 - code_review.logger - INFO - Skipping file with unknown language: code_review/cloned_repos/yantra-frontend/src/components/common/user_hover_card.tsx
2024-09-17 16:58:30,847 - code_review.logger - INFO - Skipping file with unknown language: code_review/cloned_repos/yantra-frontend/src/components/common/user_hover_card.tsx
2024-09-17 16:58:30,847 - code_review.logger - INFO - Skipping file with unknown language: code_review/cloned_repos/yantra-frontend/src/components/common/user_hover_card.tsx
2024-09-17 16:58:30,847 - code_review.logger - INFO - Skipping file with unknown language: code_review/cloned_repos/yantra-frontend/src/components/common/follow_btn.tsx
2024-09-17 16:58:30,847 - code_review.logger - INFO - Skipping file with unknown language: code_review/cloned_repos/yantra-frontend/src/components/common/follow_btn.tsx
2024-09-17 16:58:30,847 - code_review.logger - INFO - Skipping file with unknown language: code_review/cloned_repos/yantra-frontend/src/components/common/follow_btn.tsx
2024-09-17 16:58:30,847 - code_review.logger - INFO - Skipping file with unknown language: code_review/cloned_repos/yantra-frontend/src/components/common/Background/index.tsx
2024-09-17 16:58:30,847 - code_review.logger - INFO - Skipping file with unknown language: code_review/cloned_repos/yantra-frontend/src/components/common/Background/index.tsx
2024-09-17 16:58:30,847 - code_review.logger - INFO - Skipping file with unknown language: code_review/cloned_repos/yantra-frontend/src/components/common/Background/index.tsx
2024-09-17 16:58:30,847 - code_review.logger - INFO - Skipping file with unknown language: code_review/cloned_repos/yantra-frontend/src/components/common/Resource/ResourceBucket.tsx
2024-09-17 16:58:30,847 - code_review.logger - INFO - Skipping file with unknown language: code_review/cloned_repos/yantra-frontend/src/components/common/Resource/ResourceBucket.tsx
2024-09-17 16:58:30,847 - code_review.logger - INFO - Skipping file with unknown language: code_review/cloned_repos/yantra-frontend/src/components/common/Resource/ResourceBucket.tsx
2024-09-17 16:58:30,847 - code_review.logger - INFO - Skipping file with unknown language: code_review/cloned_repos/yantra-frontend/src/components/common/Resource/NewResourceFile.tsx
2024-09-17 16:58:30,847 - code_review.logger - INFO - Skipping file with unknown language: code_review/cloned_repos/yantra-frontend/src/components/common/Resource/NewResourceFile.tsx
2024-09-17 16:58:30,847 - code_review.logger - INFO - Skipping file with unknown language: code_review/cloned_repos/yantra-frontend/src/components/common/Resource/NewResourceFile.tsx
2024-09-17 16:58:30,847 - code_review.logger - INFO - Skipping file with unknown language: code_review/cloned_repos/yantra-frontend/src/components/common/Resource/NewResource.tsx
2024-09-17 16:58:30,847 - code_review.logger - INFO - Skipping file with unknown language: code_review/cloned_repos/yantra-frontend/src/components/common/Resource/NewResource.tsx
2024-09-17 16:58:30,847 - code_review.logger - INFO - Skipping file with unknown language: code_review/cloned_repos/yantra-frontend/src/components/common/Resource/NewResource.tsx
2024-09-17 16:58:30,847 - code_review.logger - INFO - Skipping file with unknown language: code_review/cloned_repos/yantra-frontend/src/components/common/Resource/ResoureFileView.tsx
2024-09-17 16:58:30,847 - code_review.logger - INFO - Skipping file with unknown language: code_review/cloned_repos/yantra-frontend/src/components/common/Resource/ResoureFileView.tsx
2024-09-17 16:58:30,847 - code_review.logger - INFO - Skipping file with unknown language: code_review/cloned_repos/yantra-frontend/src/components/common/Resource/ResoureFileView.tsx
2024-09-17 16:58:30,847 - code_review.logger - INFO - Skipping file with unknown language: code_review/cloned_repos/yantra-frontend/src/components/common/Resource/ResourceView.tsx
2024-09-17 16:58:30,847 - code_review.logger - INFO - Skipping file with unknown language: code_review/cloned_repos/yantra-frontend/src/components/common/Resource/ResourceView.tsx
2024-09-17 16:58:30,847 - code_review.logger - INFO - Skipping file with unknown language: code_review/cloned_repos/yantra-frontend/src/components/common/Resource/ResourceView.tsx
2024-09-17 16:58:30,848 - code_review.logger - INFO - Skipping file with unknown language: code_review/cloned_repos/yantra-frontend/src/components/feed/announcement_card.tsx
2024-09-17 16:58:30,848 - code_review.logger - INFO - Skipping file with unknown language: code_review/cloned_repos/yantra-frontend/src/components/feed/announcement_card.tsx
2024-09-17 16:58:30,848 - code_review.logger - INFO - Skipping file with unknown language: code_review/cloned_repos/yantra-frontend/src/components/feed/announcement_card.tsx
2024-09-17 16:58:30,848 - code_review.logger - INFO - Skipping file with unknown language: code_review/cloned_repos/yantra-frontend/src/components/feed/poll_card.tsx
2024-09-17 16:58:30,848 - code_review.logger - INFO - Skipping file with unknown language: code_review/cloned_repos/yantra-frontend/src/components/feed/poll_card.tsx
2024-09-17 16:58:30,848 - code_review.logger - INFO - Skipping file with unknown language: code_review/cloned_repos/yantra-frontend/src/components/feed/poll_card.tsx
2024-09-17 16:58:30,848 - code_review.logger - INFO - Skipping file with unknown language: code_review/cloned_repos/yantra-frontend/src/components/feed/poll_option.tsx
2024-09-17 16:58:30,848 - code_review.logger - INFO - Skipping file with unknown language: code_review/cloned_repos/yantra-frontend/src/components/feed/poll_option.tsx
2024-09-17 16:58:30,848 - code_review.logger - INFO - Skipping file with unknown language: code_review/cloned_repos/yantra-frontend/src/components/feed/poll_option.tsx
2024-09-17 16:58:30,848 - code_review.logger - INFO - Skipping file with unknown language: code_review/cloned_repos/yantra-frontend/src/components/messaging/message_group.tsx
2024-09-17 16:58:30,848 - code_review.logger - INFO - Skipping file with unknown language: code_review/cloned_repos/yantra-frontend/src/components/messaging/message_group.tsx
2024-09-17 16:58:30,848 - code_review.logger - INFO - Skipping file with unknown language: code_review/cloned_repos/yantra-frontend/src/components/messaging/message_group.tsx
2024-09-17 16:58:30,848 - code_review.logger - INFO - Skipping file with unknown language: code_review/cloned_repos/yantra-frontend/src/components/messaging/GroupChat.tsx
2024-09-17 16:58:30,848 - code_review.logger - INFO - Skipping file with unknown language: code_review/cloned_repos/yantra-frontend/src/components/messaging/GroupChat.tsx
2024-09-17 16:58:30,848 - code_review.logger - INFO - Skipping file with unknown language: code_review/cloned_repos/yantra-frontend/src/components/messaging/GroupChat.tsx
2024-09-17 16:58:30,848 - code_review.logger - INFO - Skipping file with unknown language: code_review/cloned_repos/yantra-frontend/src/components/messaging/regular_message.tsx
2024-09-17 16:58:30,848 - code_review.logger - INFO - Skipping file with unknown language: code_review/cloned_repos/yantra-frontend/src/components/messaging/regular_message.tsx
2024-09-17 16:58:30,848 - code_review.logger - INFO - Skipping file with unknown language: code_review/cloned_repos/yantra-frontend/src/components/messaging/regular_message.tsx
2024-09-17 16:58:30,848 - code_review.logger - INFO - Skipping file with unknown language: code_review/cloned_repos/yantra-frontend/src/components/messaging/group_chat_textarea.tsx
2024-09-17 16:58:30,848 - code_review.logger - INFO - Skipping file with unknown language: code_review/cloned_repos/yantra-frontend/src/components/messaging/group_chat_textarea.tsx
2024-09-17 16:58:30,848 - code_review.logger - INFO - Skipping file with unknown language: code_review/cloned_repos/yantra-frontend/src/components/messaging/group_chat_textarea.tsx
2024-09-17 16:58:30,848 - code_review.logger - INFO - Skipping file with unknown language: code_review/cloned_repos/yantra-frontend/src/components/messaging/group_header.tsx
2024-09-17 16:58:30,848 - code_review.logger - INFO - Skipping file with unknown language: code_review/cloned_repos/yantra-frontend/src/components/messaging/group_header.tsx
2024-09-17 16:58:30,848 - code_review.logger - INFO - Skipping file with unknown language: code_review/cloned_repos/yantra-frontend/src/components/messaging/group_header.tsx
2024-09-17 16:58:30,848 - code_review.logger - INFO - Skipping file with unknown language: code_review/cloned_repos/yantra-frontend/src/components/loaders/posts.tsx
2024-09-17 16:58:30,848 - code_review.logger - INFO - Skipping file with unknown language: code_review/cloned_repos/yantra-frontend/src/components/loaders/posts.tsx
2024-09-17 16:58:30,848 - code_review.logger - INFO - Skipping file with unknown language: code_review/cloned_repos/yantra-frontend/src/components/loaders/posts.tsx
2024-09-17 16:58:30,848 - code_review.logger - INFO - Skipping file with unknown language: code_review/cloned_repos/yantra-frontend/src/components/Header/navModal.tsx
2024-09-17 16:58:30,848 - code_review.logger - INFO - Skipping file with unknown language: code_review/cloned_repos/yantra-frontend/src/components/Header/navModal.tsx
2024-09-17 16:58:30,848 - code_review.logger - INFO - Skipping file with unknown language: code_review/cloned_repos/yantra-frontend/src/components/Header/navModal.tsx
2024-09-17 16:58:30,848 - code_review.logger - INFO - Skipping file with unknown language: code_review/cloned_repos/yantra-frontend/src/components/Header/index.tsx
2024-09-17 16:58:30,848 - code_review.logger - INFO - Skipping file with unknown language: code_review/cloned_repos/yantra-frontend/src/components/Header/index.tsx
2024-09-17 16:58:30,848 - code_review.logger - INFO - Skipping file with unknown language: code_review/cloned_repos/yantra-frontend/src/components/Header/index.tsx
2024-09-17 16:58:30,849 - code_review.logger - INFO - Skipping file with unknown language: code_review/cloned_repos/yantra-frontend/src/components/Header/profile_dropdown.tsx
2024-09-17 16:58:30,849 - code_review.logger - INFO - Skipping file with unknown language: code_review/cloned_repos/yantra-frontend/src/components/Header/profile_dropdown.tsx
2024-09-17 16:58:30,849 - code_review.logger - INFO - Skipping file with unknown language: code_review/cloned_repos/yantra-frontend/src/components/Header/profile_dropdown.tsx
2024-09-17 16:58:30,849 - code_review.logger - INFO - Skipping file with unknown language: code_review/cloned_repos/yantra-frontend/src/components/Header/Dropdown.tsx
2024-09-17 16:58:30,849 - code_review.logger - INFO - Skipping file with unknown language: code_review/cloned_repos/yantra-frontend/src/components/Header/Dropdown.tsx
2024-09-17 16:58:30,849 - code_review.logger - INFO - Skipping file with unknown language: code_review/cloned_repos/yantra-frontend/src/components/Header/Dropdown.tsx
2024-09-17 16:58:30,849 - code_review.logger - INFO - Skipping file with unknown language: code_review/cloned_repos/yantra-frontend/src/components/onboarding/dummy_user_card.tsx
2024-09-17 16:58:30,849 - code_review.logger - INFO - Skipping file with unknown language: code_review/cloned_repos/yantra-frontend/src/components/onboarding/dummy_user_card.tsx
2024-09-17 16:58:30,849 - code_review.logger - INFO - Skipping file with unknown language: code_review/cloned_repos/yantra-frontend/src/components/onboarding/dummy_user_card.tsx
2024-09-17 16:58:30,849 - code_review.logger - INFO - Skipping file with unknown language: code_review/cloned_repos/yantra-frontend/src/components/onboarding/user_card.tsx
2024-09-17 16:58:30,849 - code_review.logger - INFO - Skipping file with unknown language: code_review/cloned_repos/yantra-frontend/src/components/onboarding/user_card.tsx
2024-09-17 16:58:30,849 - code_review.logger - INFO - Skipping file with unknown language: code_review/cloned_repos/yantra-frontend/src/components/onboarding/user_card.tsx
2024-09-17 16:58:30,849 - code_review.logger - INFO - Skipping file with unknown language: code_review/cloned_repos/yantra-frontend/src/components/onboarding/progress_bar.tsx
2024-09-17 16:58:30,849 - code_review.logger - INFO - Skipping file with unknown language: code_review/cloned_repos/yantra-frontend/src/components/onboarding/progress_bar.tsx
2024-09-17 16:58:30,849 - code_review.logger - INFO - Skipping file with unknown language: code_review/cloned_repos/yantra-frontend/src/components/onboarding/progress_bar.tsx
2024-09-17 16:58:30,851 - code_review.logger - INFO - Skipping file with unknown language: code_review/cloned_repos/yantra-frontend/src/pages/index.tsx
2024-09-17 16:58:30,851 - code_review.logger - INFO - Skipping file with unknown language: code_review/cloned_repos/yantra-frontend/src/pages/index.tsx
2024-09-17 16:58:30,851 - code_review.logger - INFO - Skipping file with unknown language: code_review/cloned_repos/yantra-frontend/src/pages/index.tsx
2024-09-17 16:58:30,851 - code_review.logger - INFO - Skipping file with unknown language: code_review/cloned_repos/yantra-frontend/src/pages/verification.tsx
2024-09-17 16:58:30,851 - code_review.logger - INFO - Skipping file with unknown language: code_review/cloned_repos/yantra-frontend/src/pages/verification.tsx
2024-09-17 16:58:30,851 - code_review.logger - INFO - Skipping file with unknown language: code_review/cloned_repos/yantra-frontend/src/pages/verification.tsx
2024-09-17 16:58:30,851 - code_review.logger - INFO - Skipping file with unknown language: code_review/cloned_repos/yantra-frontend/src/pages/_document.tsx
2024-09-17 16:58:30,851 - code_review.logger - INFO - Skipping file with unknown language: code_review/cloned_repos/yantra-frontend/src/pages/_document.tsx
2024-09-17 16:58:30,851 - code_review.logger - INFO - Skipping file with unknown language: code_review/cloned_repos/yantra-frontend/src/pages/_document.tsx
2024-09-17 16:58:30,851 - code_review.logger - INFO - Skipping file with unknown language: code_review/cloned_repos/yantra-frontend/src/pages/newGroup.tsx
2024-09-17 16:58:30,851 - code_review.logger - INFO - Skipping file with unknown language: code_review/cloned_repos/yantra-frontend/src/pages/newGroup.tsx
2024-09-17 16:58:30,851 - code_review.logger - INFO - Skipping file with unknown language: code_review/cloned_repos/yantra-frontend/src/pages/newGroup.tsx
2024-09-17 16:58:30,851 - code_review.logger - INFO - Skipping file with unknown language: code_review/cloned_repos/yantra-frontend/src/pages/mod_onboarding.tsx
2024-09-17 16:58:30,851 - code_review.logger - INFO - Skipping file with unknown language: code_review/cloned_repos/yantra-frontend/src/pages/mod_onboarding.tsx
2024-09-17 16:58:30,851 - code_review.logger - INFO - Skipping file with unknown language: code_review/cloned_repos/yantra-frontend/src/pages/mod_onboarding.tsx
2024-09-17 16:58:30,851 - code_review.logger - INFO - Skipping file with unknown language: code_review/cloned_repos/yantra-frontend/src/pages/user_onboarding.tsx
2024-09-17 16:58:30,851 - code_review.logger - INFO - Skipping file with unknown language: code_review/cloned_repos/yantra-frontend/src/pages/user_onboarding.tsx
2024-09-17 16:58:30,851 - code_review.logger - INFO - Skipping file with unknown language: code_review/cloned_repos/yantra-frontend/src/pages/user_onboarding.tsx
2024-09-17 16:58:30,852 - code_review.logger - INFO - Skipping file with unknown language: code_review/cloned_repos/yantra-frontend/src/pages/_app.tsx
2024-09-17 16:58:30,852 - code_review.logger - INFO - Skipping file with unknown language: code_review/cloned_repos/yantra-frontend/src/pages/_app.tsx
2024-09-17 16:58:30,852 - code_review.logger - INFO - Skipping file with unknown language: code_review/cloned_repos/yantra-frontend/src/pages/_app.tsx
2024-09-17 16:58:30,852 - code_review.logger - INFO - Skipping file with unknown language: code_review/cloned_repos/yantra-frontend/src/pages/journal/index.tsx
2024-09-17 16:58:30,852 - code_review.logger - INFO - Skipping file with unknown language: code_review/cloned_repos/yantra-frontend/src/pages/journal/index.tsx
2024-09-17 16:58:30,852 - code_review.logger - INFO - Skipping file with unknown language: code_review/cloned_repos/yantra-frontend/src/pages/journal/index.tsx
2024-09-17 16:58:30,857 - code_review.logger - INFO - Skipping file with unknown language: code_review/cloned_repos/yantra-frontend/src/pages/home/index.tsx
2024-09-17 16:58:30,857 - code_review.logger - INFO - Skipping file with unknown language: code_review/cloned_repos/yantra-frontend/src/pages/home/index.tsx
2024-09-17 16:58:30,857 - code_review.logger - INFO - Skipping file with unknown language: code_review/cloned_repos/yantra-frontend/src/pages/home/index.tsx
2024-09-17 16:58:30,858 - code_review.logger - INFO - Skipping file with unknown language: code_review/cloned_repos/yantra-frontend/src/pages/group/index.tsx
2024-09-17 16:58:30,858 - code_review.logger - INFO - Skipping file with unknown language: code_review/cloned_repos/yantra-frontend/src/pages/group/index.tsx
2024-09-17 16:58:30,858 - code_review.logger - INFO - Skipping file with unknown language: code_review/cloned_repos/yantra-frontend/src/pages/group/index.tsx
2024-09-17 16:58:30,859 - code_review.logger - INFO - Skipping file with unknown language: code_review/cloned_repos/yantra-frontend/src/pages/signup/index.tsx
2024-09-17 16:58:30,859 - code_review.logger - INFO - Skipping file with unknown language: code_review/cloned_repos/yantra-frontend/src/pages/signup/index.tsx
2024-09-17 16:58:30,859 - code_review.logger - INFO - Skipping file with unknown language: code_review/cloned_repos/yantra-frontend/src/pages/signup/index.tsx
2024-09-17 16:58:30,859 - code_review.logger - INFO - Skipping file with unknown language: code_review/cloned_repos/yantra-frontend/src/pages/signup/callback.tsx
2024-09-17 16:58:30,859 - code_review.logger - INFO - Skipping file with unknown language: code_review/cloned_repos/yantra-frontend/src/pages/signup/callback.tsx
2024-09-17 16:58:30,859 - code_review.logger - INFO - Skipping file with unknown language: code_review/cloned_repos/yantra-frontend/src/pages/signup/callback.tsx
2024-09-17 16:58:30,859 - code_review.logger - INFO - Skipping file with unknown language: code_review/cloned_repos/yantra-frontend/src/pages/resources/index.tsx
2024-09-17 16:58:30,859 - code_review.logger - INFO - Skipping file with unknown language: code_review/cloned_repos/yantra-frontend/src/pages/resources/index.tsx
2024-09-17 16:58:30,859 - code_review.logger - INFO - Skipping file with unknown language: code_review/cloned_repos/yantra-frontend/src/pages/resources/index.tsx
2024-09-17 16:58:30,859 - code_review.logger - INFO - Skipping file with unknown language: code_review/cloned_repos/yantra-frontend/src/pages/resources/[id].tsx
2024-09-17 16:58:30,859 - code_review.logger - INFO - Skipping file with unknown language: code_review/cloned_repos/yantra-frontend/src/pages/resources/[id].tsx
2024-09-17 16:58:30,859 - code_review.logger - INFO - Skipping file with unknown language: code_review/cloned_repos/yantra-frontend/src/pages/resources/[id].tsx
2024-09-17 16:58:30,859 - code_review.logger - INFO - Skipping file with unknown language: code_review/cloned_repos/yantra-frontend/src/pages/profile/index.tsx
2024-09-17 16:58:30,859 - code_review.logger - INFO - Skipping file with unknown language: code_review/cloned_repos/yantra-frontend/src/pages/profile/index.tsx
2024-09-17 16:58:30,859 - code_review.logger - INFO - Skipping file with unknown language: code_review/cloned_repos/yantra-frontend/src/pages/profile/index.tsx
2024-09-17 16:58:30,859 - code_review.logger - INFO - Skipping file with unknown language: code_review/cloned_repos/yantra-frontend/src/pages/events/index.tsx
2024-09-17 16:58:30,859 - code_review.logger - INFO - Skipping file with unknown language: code_review/cloned_repos/yantra-frontend/src/pages/events/index.tsx
2024-09-17 16:58:30,859 - code_review.logger - INFO - Skipping file with unknown language: code_review/cloned_repos/yantra-frontend/src/pages/events/index.tsx
2024-09-17 16:58:30,859 - code_review.logger - INFO - Skipping file with unknown language: code_review/cloned_repos/yantra-frontend/src/pages/events/[id].tsx
2024-09-17 16:58:30,859 - code_review.logger - INFO - Skipping file with unknown language: code_review/cloned_repos/yantra-frontend/src/pages/events/[id].tsx
2024-09-17 16:58:30,859 - code_review.logger - INFO - Skipping file with unknown language: code_review/cloned_repos/yantra-frontend/src/pages/events/[id].tsx
2024-09-17 16:58:30,860 - code_review.logger - INFO - Skipping file with unknown language: code_review/cloned_repos/yantra-frontend/src/pages/events/meet/[token].tsx
2024-09-17 16:58:30,860 - code_review.logger - INFO - Skipping file with unknown language: code_review/cloned_repos/yantra-frontend/src/pages/events/meet/[token].tsx
2024-09-17 16:58:30,860 - code_review.logger - INFO - Skipping file with unknown language: code_review/cloned_repos/yantra-frontend/src/pages/events/meet/[token].tsx
2024-09-17 16:58:30,860 - code_review.logger - INFO - Skipping file with unknown language: code_review/cloned_repos/yantra-frontend/src/pages/login/index.tsx
2024-09-17 16:58:30,860 - code_review.logger - INFO - Skipping file with unknown language: code_review/cloned_repos/yantra-frontend/src/pages/login/index.tsx
2024-09-17 16:58:30,860 - code_review.logger - INFO - Skipping file with unknown language: code_review/cloned_repos/yantra-frontend/src/pages/login/index.tsx
2024-09-17 16:58:30,860 - code_review.logger - INFO - Skipping file with unknown language: code_review/cloned_repos/yantra-frontend/src/pages/login/callback.tsx
2024-09-17 16:58:30,860 - code_review.logger - INFO - Skipping file with unknown language: code_review/cloned_repos/yantra-frontend/src/pages/login/callback.tsx
2024-09-17 16:58:30,860 - code_review.logger - INFO - Skipping file with unknown language: code_review/cloned_repos/yantra-frontend/src/pages/login/callback.tsx
2024-09-17 16:58:30,860 - code_review.logger - INFO - Skipping file with unknown language: code_review/cloned_repos/wordy/.prettierrc
2024-09-17 16:58:30,860 - code_review.logger - INFO - Skipping file with unknown language: code_review/cloned_repos/wordy/.prettierrc
2024-09-17 16:58:30,860 - code_review.logger - INFO - Skipping file with unknown language: code_review/cloned_repos/wordy/.prettierrc
2024-09-17 16:58:30,861 - code_review.logger - INFO - Skipping file with unknown language: code_review/cloned_repos/wordy/docker-compose.yml
2024-09-17 16:58:30,861 - code_review.logger - INFO - Skipping file with unknown language: code_review/cloned_repos/wordy/docker-compose.yml
2024-09-17 16:58:30,861 - code_review.logger - INFO - Skipping file with unknown language: code_review/cloned_repos/wordy/docker-compose.yml
2024-09-17 16:58:30,862 - code_review.logger - INFO - Skipping file with unknown language: code_review/cloned_repos/wordy/chunk_data/.._code_review_cloned_repos_wordy_tsconfig.json_chunks.txt
2024-09-17 16:58:30,862 - code_review.logger - INFO - Skipping file with unknown language: code_review/cloned_repos/wordy/chunk_data/.._code_review_cloned_repos_wordy_tsconfig.json_chunks.txt
2024-09-17 16:58:30,862 - code_review.logger - INFO - Skipping file with unknown language: code_review/cloned_repos/wordy/chunk_data/.._code_review_cloned_repos_wordy_tsconfig.json_chunks.txt
2024-09-17 16:58:30,862 - code_review.logger - INFO - Skipping file with unknown language: code_review/cloned_repos/wordy/chunk_data/.._code_review_cloned_repos_wordy_next.config.js_chunks.txt
2024-09-17 16:58:30,862 - code_review.logger - INFO - Skipping file with unknown language: code_review/cloned_repos/wordy/chunk_data/.._code_review_cloned_repos_wordy_next.config.js_chunks.txt
2024-09-17 16:58:30,862 - code_review.logger - INFO - Skipping file with unknown language: code_review/cloned_repos/wordy/chunk_data/.._code_review_cloned_repos_wordy_next.config.js_chunks.txt
2024-09-17 16:58:30,862 - code_review.logger - INFO - Skipping file with unknown language: code_review/cloned_repos/wordy/chunk_data/.._code_review_cloned_repos_wordy_.eslintrc.json_chunks.txt
2024-09-17 16:58:30,862 - code_review.logger - INFO - Skipping file with unknown language: code_review/cloned_repos/wordy/chunk_data/.._code_review_cloned_repos_wordy_.eslintrc.json_chunks.txt
2024-09-17 16:58:30,862 - code_review.logger - INFO - Skipping file with unknown language: code_review/cloned_repos/wordy/chunk_data/.._code_review_cloned_repos_wordy_.eslintrc.json_chunks.txt
2024-09-17 16:58:30,862 - code_review.logger - INFO - Skipping file with unknown language: code_review/cloned_repos/wordy/chunk_data/.._code_review_cloned_repos_wordy_package-lock.json_chunks.txt
2024-09-17 16:58:30,862 - code_review.logger - INFO - Skipping file with unknown language: code_review/cloned_repos/wordy/chunk_data/.._code_review_cloned_repos_wordy_package-lock.json_chunks.txt
2024-09-17 16:58:30,862 - code_review.logger - INFO - Skipping file with unknown language: code_review/cloned_repos/wordy/chunk_data/.._code_review_cloned_repos_wordy_package-lock.json_chunks.txt
2024-09-17 16:58:30,862 - code_review.logger - INFO - Skipping file with unknown language: code_review/cloned_repos/wordy/chunk_data/.._code_review_cloned_repos_wordy_README.md_chunks.txt
2024-09-17 16:58:30,862 - code_review.logger - INFO - Skipping file with unknown language: code_review/cloned_repos/wordy/chunk_data/.._code_review_cloned_repos_wordy_README.md_chunks.txt
2024-09-17 16:58:30,862 - code_review.logger - INFO - Skipping file with unknown language: code_review/cloned_repos/wordy/chunk_data/.._code_review_cloned_repos_wordy_README.md_chunks.txt
2024-09-17 16:58:30,862 - code_review.logger - INFO - Skipping file with unknown language: code_review/cloned_repos/wordy/chunk_data/.._code_review_cloned_repos_wordy_package.json_chunks.txt
2024-09-17 16:58:30,862 - code_review.logger - INFO - Skipping file with unknown language: code_review/cloned_repos/wordy/chunk_data/.._code_review_cloned_repos_wordy_package.json_chunks.txt
2024-09-17 16:58:30,862 - code_review.logger - INFO - Skipping file with unknown language: code_review/cloned_repos/wordy/chunk_data/.._code_review_cloned_repos_wordy_package.json_chunks.txt
2024-09-17 16:58:30,862 - code_review.logger - INFO - Skipping file with unknown language: code_review/cloned_repos/wordy/public/favicon.ico
2024-09-17 16:58:30,862 - code_review.logger - INFO - Skipping file with unknown language: code_review/cloned_repos/wordy/public/favicon.ico
2024-09-17 16:58:30,862 - code_review.logger - INFO - Skipping file with unknown language: code_review/cloned_repos/wordy/public/favicon.ico
2024-09-17 16:58:30,863 - code_review.logger - INFO - Skipping file with unknown language: code_review/cloned_repos/wordy/public/thirteen.svg
2024-09-17 16:58:30,863 - code_review.logger - INFO - Skipping file with unknown language: code_review/cloned_repos/wordy/public/thirteen.svg
2024-09-17 16:58:30,863 - code_review.logger - INFO - Skipping file with unknown language: code_review/cloned_repos/wordy/public/thirteen.svg
2024-09-17 16:58:30,863 - code_review.logger - INFO - Skipping file with unknown language: code_review/cloned_repos/wordy/public/vercel.svg
2024-09-17 16:58:30,863 - code_review.logger - INFO - Skipping file with unknown language: code_review/cloned_repos/wordy/public/vercel.svg
2024-09-17 16:58:30,863 - code_review.logger - INFO - Skipping file with unknown language: code_review/cloned_repos/wordy/public/vercel.svg
2024-09-17 16:58:30,863 - code_review.logger - INFO - Skipping file with unknown language: code_review/cloned_repos/wordy/public/next.svg
2024-09-17 16:58:30,863 - code_review.logger - INFO - Skipping file with unknown language: code_review/cloned_repos/wordy/public/next.svg
2024-09-17 16:58:30,863 - code_review.logger - INFO - Skipping file with unknown language: code_review/cloned_repos/wordy/public/next.svg
2024-09-17 16:58:30,869 - code_review.logger - INFO - Skipping file with unknown language: code_review/cloned_repos/wordy/src/components/navbar.tsx
2024-09-17 16:58:30,869 - code_review.logger - INFO - Skipping file with unknown language: code_review/cloned_repos/wordy/src/components/navbar.tsx
2024-09-17 16:58:30,869 - code_review.logger - INFO - Skipping file with unknown language: code_review/cloned_repos/wordy/src/components/navbar.tsx
2024-09-17 16:58:30,869 - code_review.logger - INFO - Skipping file with unknown language: code_review/cloned_repos/wordy/src/components/flashcard.tsx
2024-09-17 16:58:30,869 - code_review.logger - INFO - Skipping file with unknown language: code_review/cloned_repos/wordy/src/components/flashcard.tsx
2024-09-17 16:58:30,869 - code_review.logger - INFO - Skipping file with unknown language: code_review/cloned_repos/wordy/src/components/flashcard.tsx
2024-09-17 16:58:30,869 - code_review.logger - INFO - Skipping file with unknown language: code_review/cloned_repos/wordy/src/components/add_word.tsx
2024-09-17 16:58:30,869 - code_review.logger - INFO - Skipping file with unknown language: code_review/cloned_repos/wordy/src/components/add_word.tsx
2024-09-17 16:58:30,869 - code_review.logger - INFO - Skipping file with unknown language: code_review/cloned_repos/wordy/src/components/add_word.tsx
2024-09-17 16:58:30,869 - code_review.logger - INFO - Skipping file with unknown language: code_review/cloned_repos/wordy/src/components/word.tsx
2024-09-17 16:58:30,869 - code_review.logger - INFO - Skipping file with unknown language: code_review/cloned_repos/wordy/src/components/word.tsx
2024-09-17 16:58:30,869 - code_review.logger - INFO - Skipping file with unknown language: code_review/cloned_repos/wordy/src/components/word.tsx
2024-09-17 16:58:30,869 - code_review.logger - INFO - Skipping file with unknown language: code_review/cloned_repos/wordy/src/components/quiz_results.tsx
2024-09-17 16:58:30,869 - code_review.logger - INFO - Skipping file with unknown language: code_review/cloned_repos/wordy/src/components/quiz_results.tsx
2024-09-17 16:58:30,869 - code_review.logger - INFO - Skipping file with unknown language: code_review/cloned_repos/wordy/src/components/quiz_results.tsx
2024-09-17 16:58:30,869 - code_review.logger - INFO - Skipping file with unknown language: code_review/cloned_repos/wordy/src/components/quiz.tsx
2024-09-17 16:58:30,869 - code_review.logger - INFO - Skipping file with unknown language: code_review/cloned_repos/wordy/src/components/quiz.tsx
2024-09-17 16:58:30,869 - code_review.logger - INFO - Skipping file with unknown language: code_review/cloned_repos/wordy/src/components/quiz.tsx
2024-09-17 16:58:30,869 - code_review.logger - INFO - Skipping file with unknown language: code_review/cloned_repos/wordy/src/components/add_words_bulk.tsx
2024-09-17 16:58:30,869 - code_review.logger - INFO - Skipping file with unknown language: code_review/cloned_repos/wordy/src/components/add_words_bulk.tsx
2024-09-17 16:58:30,869 - code_review.logger - INFO - Skipping file with unknown language: code_review/cloned_repos/wordy/src/components/add_words_bulk.tsx
2024-09-17 16:58:30,869 - code_review.logger - INFO - Skipping file with unknown language: code_review/cloned_repos/wordy/src/pages/index.tsx
2024-09-17 16:58:30,869 - code_review.logger - INFO - Skipping file with unknown language: code_review/cloned_repos/wordy/src/pages/index.tsx
2024-09-17 16:58:30,869 - code_review.logger - INFO - Skipping file with unknown language: code_review/cloned_repos/wordy/src/pages/index.tsx
2024-09-17 16:58:30,869 - code_review.logger - INFO - Skipping file with unknown language: code_review/cloned_repos/wordy/src/pages/flashcards.tsx
2024-09-17 16:58:30,869 - code_review.logger - INFO - Skipping file with unknown language: code_review/cloned_repos/wordy/src/pages/flashcards.tsx
2024-09-17 16:58:30,869 - code_review.logger - INFO - Skipping file with unknown language: code_review/cloned_repos/wordy/src/pages/flashcards.tsx
2024-09-17 16:58:30,869 - code_review.logger - INFO - Skipping file with unknown language: code_review/cloned_repos/wordy/src/pages/scores.tsx
2024-09-17 16:58:30,869 - code_review.logger - INFO - Skipping file with unknown language: code_review/cloned_repos/wordy/src/pages/scores.tsx
2024-09-17 16:58:30,869 - code_review.logger - INFO - Skipping file with unknown language: code_review/cloned_repos/wordy/src/pages/scores.tsx
2024-09-17 16:58:30,869 - code_review.logger - INFO - Skipping file with unknown language: code_review/cloned_repos/wordy/src/pages/_document.tsx
2024-09-17 16:58:30,869 - code_review.logger - INFO - Skipping file with unknown language: code_review/cloned_repos/wordy/src/pages/_document.tsx
2024-09-17 16:58:30,869 - code_review.logger - INFO - Skipping file with unknown language: code_review/cloned_repos/wordy/src/pages/_document.tsx
2024-09-17 16:58:30,869 - code_review.logger - INFO - Skipping file with unknown language: code_review/cloned_repos/wordy/src/pages/words.tsx
2024-09-17 16:58:30,869 - code_review.logger - INFO - Skipping file with unknown language: code_review/cloned_repos/wordy/src/pages/words.tsx
2024-09-17 16:58:30,869 - code_review.logger - INFO - Skipping file with unknown language: code_review/cloned_repos/wordy/src/pages/words.tsx
2024-09-17 16:58:30,869 - code_review.logger - INFO - Skipping file with unknown language: code_review/cloned_repos/wordy/src/pages/quiz.tsx
2024-09-17 16:58:30,869 - code_review.logger - INFO - Skipping file with unknown language: code_review/cloned_repos/wordy/src/pages/quiz.tsx
2024-09-17 16:58:30,869 - code_review.logger - INFO - Skipping file with unknown language: code_review/cloned_repos/wordy/src/pages/quiz.tsx
2024-09-17 16:58:30,869 - code_review.logger - INFO - Skipping file with unknown language: code_review/cloned_repos/wordy/src/pages/_app.tsx
2024-09-17 16:58:30,869 - code_review.logger - INFO - Skipping file with unknown language: code_review/cloned_repos/wordy/src/pages/_app.tsx
2024-09-17 16:58:30,869 - code_review.logger - INFO - Skipping file with unknown language: code_review/cloned_repos/wordy/src/pages/_app.tsx
2024-09-17 16:58:58,461 - code_review.logger - INFO - Error processing file code_review/cloned_repos/yantra-frontend/chunk_data/.._code_review_cloned_repos_yantra-frontend_src_config_ws.ts_chunks.txt: RetryError[<Future at 0x28a0d9510 state=finished raised BadRequestError>]
2024-09-17 16:58:58,461 - code_review.logger - INFO - Error processing file code_review/cloned_repos/yantra-frontend/chunk_data/.._code_review_cloned_repos_yantra-frontend_src_config_ws.ts_chunks.txt: RetryError[<Future at 0x28a0d9510 state=finished raised BadRequestError>]
2024-09-17 16:58:58,461 - code_review.logger - INFO - Error processing file code_review/cloned_repos/yantra-frontend/chunk_data/.._code_review_cloned_repos_yantra-frontend_src_config_ws.ts_chunks.txt: RetryError[<Future at 0x28a0d9510 state=finished raised BadRequestError>]
2024-09-17 16:59:08,809 - code_review.logger - INFO - Error processing file code_review/cloned_repos/wordy/chunk_data/.._code_review_cloned_repos_wordy_package-lock.json_chunks.txt: RetryError[<Future at 0x28a05f4d0 state=finished raised RateLimitError>]
2024-09-17 16:59:08,809 - code_review.logger - INFO - Error processing file code_review/cloned_repos/wordy/chunk_data/.._code_review_cloned_repos_wordy_package-lock.json_chunks.txt: RetryError[<Future at 0x28a05f4d0 state=finished raised RateLimitError>]
2024-09-17 16:59:08,809 - code_review.logger - INFO - Error processing file code_review/cloned_repos/wordy/chunk_data/.._code_review_cloned_repos_wordy_package-lock.json_chunks.txt: RetryError[<Future at 0x28a05f4d0 state=finished raised RateLimitError>]
2024-09-17 16:59:09,210 - code_review.logger - INFO - Error processing file code_review/cloned_repos/lyrikplasm_backend/chunk_data/.._code_review_cloned_repos_lyrikplasm_backend_package-lock.json_chunks.txt: RetryError[<Future at 0x28a0d9650 state=finished raised RateLimitError>]
2024-09-17 16:59:09,210 - code_review.logger - INFO - Error processing file code_review/cloned_repos/lyrikplasm_backend/chunk_data/.._code_review_cloned_repos_lyrikplasm_backend_package-lock.json_chunks.txt: RetryError[<Future at 0x28a0d9650 state=finished raised RateLimitError>]
2024-09-17 16:59:09,210 - code_review.logger - INFO - Error processing file code_review/cloned_repos/lyrikplasm_backend/chunk_data/.._code_review_cloned_repos_lyrikplasm_backend_package-lock.json_chunks.txt: RetryError[<Future at 0x28a0d9650 state=finished raised RateLimitError>]
2024-09-17 16:59:58,155 - code_review.logger - INFO - Error processing file code_review/cloned_repos/wordy/chunk_data/.._code_review_cloned_repos_wordy_src_pages_api_quiz_personalized.ts_chunks.txt: RetryError[<Future at 0x289fed110 state=finished raised RateLimitError>]
2024-09-17 16:59:58,155 - code_review.logger - INFO - Error processing file code_review/cloned_repos/wordy/chunk_data/.._code_review_cloned_repos_wordy_src_pages_api_quiz_personalized.ts_chunks.txt: RetryError[<Future at 0x289fed110 state=finished raised RateLimitError>]
2024-09-17 16:59:58,155 - code_review.logger - INFO - Error processing file code_review/cloned_repos/wordy/chunk_data/.._code_review_cloned_repos_wordy_src_pages_api_quiz_personalized.ts_chunks.txt: RetryError[<Future at 0x289fed110 state=finished raised RateLimitError>]
2024-09-17 17:00:34,018 - code_review.logger - INFO - Error processing file code_review/cloned_repos/yantra-frontend/chunk_data/.._code_review_cloned_repos_yantra-frontend_src_slices_userSlice.ts_chunks.txt: RetryError[<Future at 0x28a0f09d0 state=finished raised RateLimitError>]
2024-09-17 17:00:34,018 - code_review.logger - INFO - Error processing file code_review/cloned_repos/yantra-frontend/chunk_data/.._code_review_cloned_repos_yantra-frontend_src_slices_userSlice.ts_chunks.txt: RetryError[<Future at 0x28a0f09d0 state=finished raised RateLimitError>]
2024-09-17 17:00:34,018 - code_review.logger - INFO - Error processing file code_review/cloned_repos/yantra-frontend/chunk_data/.._code_review_cloned_repos_yantra-frontend_src_slices_userSlice.ts_chunks.txt: RetryError[<Future at 0x28a0f09d0 state=finished raised RateLimitError>]
2024-09-17 17:01:14,778 - code_review.logger - INFO - Error processing file code_review/cloned_repos/yantra-frontend/chunk_data/.._code_review_cloned_repos_yantra-frontend_package-lock.json_chunks.txt: RetryError[<Future at 0x28a05fcd0 state=finished raised RateLimitError>]
2024-09-17 17:01:14,778 - code_review.logger - INFO - Error processing file code_review/cloned_repos/yantra-frontend/chunk_data/.._code_review_cloned_repos_yantra-frontend_package-lock.json_chunks.txt: RetryError[<Future at 0x28a05fcd0 state=finished raised RateLimitError>]
2024-09-17 17:01:14,778 - code_review.logger - INFO - Error processing file code_review/cloned_repos/yantra-frontend/chunk_data/.._code_review_cloned_repos_yantra-frontend_package-lock.json_chunks.txt: RetryError[<Future at 0x28a05fcd0 state=finished raised RateLimitError>]
2024-09-17 17:02:00,478 - code_review.logger - INFO - Error processing file code_review/cloned_repos/yantra-frontend/chunk_data/.._code_review_cloned_repos_yantra-frontend_src_utils_generate_profile_picture.ts_chunks.txt: RetryError[<Future at 0x28a054d50 state=finished raised BadRequestError>]
2024-09-17 17:02:00,478 - code_review.logger - INFO - Error processing file code_review/cloned_repos/yantra-frontend/chunk_data/.._code_review_cloned_repos_yantra-frontend_src_utils_generate_profile_picture.ts_chunks.txt: RetryError[<Future at 0x28a054d50 state=finished raised BadRequestError>]
2024-09-17 17:02:00,478 - code_review.logger - INFO - Error processing file code_review/cloned_repos/yantra-frontend/chunk_data/.._code_review_cloned_repos_yantra-frontend_src_utils_generate_profile_picture.ts_chunks.txt: RetryError[<Future at 0x28a054d50 state=finished raised BadRequestError>]
2024-09-17 17:05:28,573 - code_review.logger - INFO - Cloning repository to: code_review/cloned_repos/lyrikplasm_backend
2024-09-17 17:05:28,573 - code_review.logger - INFO - Cloning repository to: code_review/cloned_repos/lyrikplasm_backend
2024-09-17 17:05:28,573 - code_review.logger - INFO - Cloning repository to: code_review/cloned_repos/wordy
2024-09-17 17:05:28,573 - code_review.logger - INFO - Cloning repository to: code_review/cloned_repos/lyrikplasm_backend
2024-09-17 17:05:28,573 - code_review.logger - INFO - Cloning repository to: code_review/cloned_repos/wordy
2024-09-17 17:05:28,574 - code_review.logger - INFO - Cloning repository to: code_review/cloned_repos/yantra-frontend
2024-09-17 17:05:28,573 - code_review.logger - INFO - Cloning repository to: code_review/cloned_repos/wordy
2024-09-17 17:05:28,574 - code_review.logger - INFO - Cloning repository to: code_review/cloned_repos/yantra-frontend
2024-09-17 17:05:28,574 - code_review.logger - INFO - Cloning repository to: code_review/cloned_repos/yantra-frontend
2024-09-17 17:05:35,039 - code_review.logger - INFO - Skipping file with unknown language: code_review/cloned_repos/wordy/Dockerfile
2024-09-17 17:05:35,039 - code_review.logger - INFO - Skipping file with unknown language: code_review/cloned_repos/wordy/Dockerfile
2024-09-17 17:05:35,039 - code_review.logger - INFO - Skipping file with unknown language: code_review/cloned_repos/wordy/Dockerfile
2024-09-17 17:05:35,145 - code_review.logger - INFO - Skipping file with unknown language: code_review/cloned_repos/lyrikplasm_backend/.gitignore
2024-09-17 17:05:35,145 - code_review.logger - INFO - Skipping file with unknown language: code_review/cloned_repos/lyrikplasm_backend/.gitignore
2024-09-17 17:05:35,145 - code_review.logger - INFO - Skipping file with unknown language: code_review/cloned_repos/lyrikplasm_backend/.gitignore
2024-09-17 17:05:35,147 - code_review.logger - INFO - Skipping file with unknown language: code_review/cloned_repos/wordy/.gitignore
2024-09-17 17:05:35,147 - code_review.logger - INFO - Skipping file with unknown language: code_review/cloned_repos/wordy/.gitignore
2024-09-17 17:05:35,147 - code_review.logger - INFO - Skipping file with unknown language: code_review/cloned_repos/wordy/.gitignore
2024-09-17 17:05:35,149 - code_review.logger - INFO - Skipping file with unknown language: code_review/cloned_repos/yantra-frontend/.gitignore
2024-09-17 17:05:35,149 - code_review.logger - INFO - Skipping file with unknown language: code_review/cloned_repos/yantra-frontend/.gitignore
2024-09-17 17:05:35,149 - code_review.logger - INFO - Skipping file with unknown language: code_review/cloned_repos/yantra-frontend/.gitignore
2024-09-17 17:05:35,330 - code_review.logger - INFO - Skipping file with unknown language: code_review/cloned_repos/lyrikplasm_backend/utils/email_templates/forgotPassword.handlebars
2024-09-17 17:05:35,330 - code_review.logger - INFO - Skipping file with unknown language: code_review/cloned_repos/lyrikplasm_backend/utils/email_templates/forgotPassword.handlebars
2024-09-17 17:05:35,330 - code_review.logger - INFO - Skipping file with unknown language: code_review/cloned_repos/lyrikplasm_backend/utils/email_templates/forgotPassword.handlebars
2024-09-17 17:05:35,334 - code_review.logger - INFO - Skipping file with unknown language: code_review/cloned_repos/lyrikplasm_backend/chunk_data/.._code_review_cloned_repos_lyrikplasm_backend_utils_joiValidators_songValidator.js_chunks.txt
2024-09-17 17:05:35,334 - code_review.logger - INFO - Skipping file with unknown language: code_review/cloned_repos/lyrikplasm_backend/chunk_data/.._code_review_cloned_repos_lyrikplasm_backend_utils_joiValidators_songValidator.js_chunks.txt
2024-09-17 17:05:35,334 - code_review.logger - INFO - Skipping file with unknown language: code_review/cloned_repos/lyrikplasm_backend/chunk_data/.._code_review_cloned_repos_lyrikplasm_backend_utils_joiValidators_songValidator.js_chunks.txt
2024-09-17 17:05:35,334 - code_review.logger - INFO - Skipping file with unknown language: code_review/cloned_repos/lyrikplasm_backend/chunk_data/.._code_review_cloned_repos_lyrikplasm_backend_utils_joiValidators_userValidator.js_chunks.txt
2024-09-17 17:05:35,334 - code_review.logger - INFO - Skipping file with unknown language: code_review/cloned_repos/lyrikplasm_backend/chunk_data/.._code_review_cloned_repos_lyrikplasm_backend_utils_joiValidators_userValidator.js_chunks.txt
2024-09-17 17:05:35,334 - code_review.logger - INFO - Skipping file with unknown language: code_review/cloned_repos/lyrikplasm_backend/chunk_data/.._code_review_cloned_repos_lyrikplasm_backend_utils_joiValidators_userValidator.js_chunks.txt
2024-09-17 17:05:35,334 - code_review.logger - INFO - Skipping file with unknown language: code_review/cloned_repos/lyrikplasm_backend/chunk_data/.._code_review_cloned_repos_lyrikplasm_backend_routers_userRouter.js_chunks.txt
2024-09-17 17:05:35,334 - code_review.logger - INFO - Skipping file with unknown language: code_review/cloned_repos/lyrikplasm_backend/chunk_data/.._code_review_cloned_repos_lyrikplasm_backend_routers_userRouter.js_chunks.txt
2024-09-17 17:05:35,334 - code_review.logger - INFO - Skipping file with unknown language: code_review/cloned_repos/lyrikplasm_backend/chunk_data/.._code_review_cloned_repos_lyrikplasm_backend_routers_userRouter.js_chunks.txt
2024-09-17 17:05:35,334 - code_review.logger - INFO - Skipping file with unknown language: code_review/cloned_repos/lyrikplasm_backend/chunk_data/.._code_review_cloned_repos_lyrikplasm_backend_managers_catchAsync.js_chunks.txt
2024-09-17 17:05:35,334 - code_review.logger - INFO - Skipping file with unknown language: code_review/cloned_repos/lyrikplasm_backend/chunk_data/.._code_review_cloned_repos_lyrikplasm_backend_managers_catchAsync.js_chunks.txt
2024-09-17 17:05:35,334 - code_review.logger - INFO - Skipping file with unknown language: code_review/cloned_repos/lyrikplasm_backend/chunk_data/.._code_review_cloned_repos_lyrikplasm_backend_managers_catchAsync.js_chunks.txt
2024-09-17 17:05:35,335 - code_review.logger - INFO - Skipping file with unknown language: code_review/cloned_repos/lyrikplasm_backend/chunk_data/.._code_review_cloned_repos_lyrikplasm_backend_utils_parserers_reviewUploadParserer.js_chunks.txt
2024-09-17 17:05:35,335 - code_review.logger - INFO - Skipping file with unknown language: code_review/cloned_repos/lyrikplasm_backend/chunk_data/.._code_review_cloned_repos_lyrikplasm_backend_utils_parserers_reviewUploadParserer.js_chunks.txt
2024-09-17 17:05:35,335 - code_review.logger - INFO - Skipping file with unknown language: code_review/cloned_repos/lyrikplasm_backend/chunk_data/.._code_review_cloned_repos_lyrikplasm_backend_utils_parserers_reviewUploadParserer.js_chunks.txt
2024-09-17 17:05:35,335 - code_review.logger - INFO - Skipping file with unknown language: code_review/cloned_repos/lyrikplasm_backend/chunk_data/.._code_review_cloned_repos_lyrikplasm_backend_utils_multerConfigs_multerFilter.js_chunks.txt
2024-09-17 17:05:35,335 - code_review.logger - INFO - Skipping file with unknown language: code_review/cloned_repos/lyrikplasm_backend/chunk_data/.._code_review_cloned_repos_lyrikplasm_backend_utils_multerConfigs_multerFilter.js_chunks.txt
2024-09-17 17:05:35,335 - code_review.logger - INFO - Skipping file with unknown language: code_review/cloned_repos/lyrikplasm_backend/chunk_data/.._code_review_cloned_repos_lyrikplasm_backend_utils_multerConfigs_multerFilter.js_chunks.txt
2024-09-17 17:05:35,335 - code_review.logger - INFO - Skipping file with unknown language: code_review/cloned_repos/lyrikplasm_backend/chunk_data/.._code_review_cloned_repos_lyrikplasm_backend_constants.js_chunks.txt
2024-09-17 17:05:35,335 - code_review.logger - INFO - Skipping file with unknown language: code_review/cloned_repos/lyrikplasm_backend/chunk_data/.._code_review_cloned_repos_lyrikplasm_backend_constants.js_chunks.txt
2024-09-17 17:05:35,335 - code_review.logger - INFO - Skipping file with unknown language: code_review/cloned_repos/lyrikplasm_backend/chunk_data/.._code_review_cloned_repos_lyrikplasm_backend_constants.js_chunks.txt
2024-09-17 17:05:35,335 - code_review.logger - INFO - Skipping file with unknown language: code_review/cloned_repos/lyrikplasm_backend/chunk_data/.._code_review_cloned_repos_lyrikplasm_backend_utils_uploadPic.js_chunks.txt
2024-09-17 17:05:35,335 - code_review.logger - INFO - Skipping file with unknown language: code_review/cloned_repos/lyrikplasm_backend/chunk_data/.._code_review_cloned_repos_lyrikplasm_backend_utils_uploadPic.js_chunks.txt
2024-09-17 17:05:35,335 - code_review.logger - INFO - Skipping file with unknown language: code_review/cloned_repos/lyrikplasm_backend/chunk_data/.._code_review_cloned_repos_lyrikplasm_backend_utils_uploadPic.js_chunks.txt
2024-09-17 17:05:35,335 - code_review.logger - INFO - Skipping file with unknown language: code_review/cloned_repos/lyrikplasm_backend/chunk_data/.._code_review_cloned_repos_lyrikplasm_backend_utils_paymentsHandler.js_chunks.txt
2024-09-17 17:05:35,335 - code_review.logger - INFO - Skipping file with unknown language: code_review/cloned_repos/lyrikplasm_backend/chunk_data/.._code_review_cloned_repos_lyrikplasm_backend_utils_paymentsHandler.js_chunks.txt
2024-09-17 17:05:35,335 - code_review.logger - INFO - Skipping file with unknown language: code_review/cloned_repos/lyrikplasm_backend/chunk_data/.._code_review_cloned_repos_lyrikplasm_backend_utils_paymentsHandler.js_chunks.txt
2024-09-17 17:05:35,335 - code_review.logger - INFO - Skipping file with unknown language: code_review/cloned_repos/lyrikplasm_backend/chunk_data/.._code_review_cloned_repos_lyrikplasm_backend_managers_DB.js_chunks.txt
2024-09-17 17:05:35,335 - code_review.logger - INFO - Skipping file with unknown language: code_review/cloned_repos/lyrikplasm_backend/chunk_data/.._code_review_cloned_repos_lyrikplasm_backend_managers_DB.js_chunks.txt
2024-09-17 17:05:35,335 - code_review.logger - INFO - Skipping file with unknown language: code_review/cloned_repos/lyrikplasm_backend/chunk_data/.._code_review_cloned_repos_lyrikplasm_backend_managers_DB.js_chunks.txt
2024-09-17 17:05:35,335 - code_review.logger - INFO - Skipping file with unknown language: code_review/cloned_repos/lyrikplasm_backend/chunk_data/.._code_review_cloned_repos_lyrikplasm_backend_package-lock.json_chunks.txt
2024-09-17 17:05:35,335 - code_review.logger - INFO - Skipping file with unknown language: code_review/cloned_repos/lyrikplasm_backend/chunk_data/.._code_review_cloned_repos_lyrikplasm_backend_package-lock.json_chunks.txt
2024-09-17 17:05:35,335 - code_review.logger - INFO - Skipping file with unknown language: code_review/cloned_repos/lyrikplasm_backend/chunk_data/.._code_review_cloned_repos_lyrikplasm_backend_package-lock.json_chunks.txt
2024-09-17 17:05:35,335 - code_review.logger - INFO - Skipping file with unknown language: code_review/cloned_repos/lyrikplasm_backend/chunk_data/.._code_review_cloned_repos_lyrikplasm_backend_utils_joiValidators_reviewValidator.js_chunks.txt
2024-09-17 17:05:35,335 - code_review.logger - INFO - Skipping file with unknown language: code_review/cloned_repos/lyrikplasm_backend/chunk_data/.._code_review_cloned_repos_lyrikplasm_backend_utils_joiValidators_reviewValidator.js_chunks.txt
2024-09-17 17:05:35,335 - code_review.logger - INFO - Skipping file with unknown language: code_review/cloned_repos/lyrikplasm_backend/chunk_data/.._code_review_cloned_repos_lyrikplasm_backend_utils_joiValidators_reviewValidator.js_chunks.txt
2024-09-17 17:05:35,335 - code_review.logger - INFO - Skipping file with unknown language: code_review/cloned_repos/lyrikplasm_backend/chunk_data/.._code_review_cloned_repos_lyrikplasm_backend_package.json_chunks.txt
2024-09-17 17:05:35,335 - code_review.logger - INFO - Skipping file with unknown language: code_review/cloned_repos/lyrikplasm_backend/chunk_data/.._code_review_cloned_repos_lyrikplasm_backend_package.json_chunks.txt
2024-09-17 17:05:35,335 - code_review.logger - INFO - Skipping file with unknown language: code_review/cloned_repos/lyrikplasm_backend/chunk_data/.._code_review_cloned_repos_lyrikplasm_backend_package.json_chunks.txt
2024-09-17 17:05:35,335 - code_review.logger - INFO - Skipping file with unknown language: code_review/cloned_repos/lyrikplasm_backend/chunk_data/.._code_review_cloned_repos_lyrikplasm_backend_app.js_chunks.txt
2024-09-17 17:05:35,335 - code_review.logger - INFO - Skipping file with unknown language: code_review/cloned_repos/lyrikplasm_backend/chunk_data/.._code_review_cloned_repos_lyrikplasm_backend_app.js_chunks.txt
2024-09-17 17:05:35,335 - code_review.logger - INFO - Skipping file with unknown language: code_review/cloned_repos/lyrikplasm_backend/chunk_data/.._code_review_cloned_repos_lyrikplasm_backend_app.js_chunks.txt
2024-09-17 17:05:35,336 - code_review.logger - INFO - Skipping file with unknown language: code_review/cloned_repos/lyrikplasm_backend/chunk_data/.._code_review_cloned_repos_lyrikplasm_backend_utils_resizePic.js_chunks.txt
2024-09-17 17:05:35,336 - code_review.logger - INFO - Skipping file with unknown language: code_review/cloned_repos/lyrikplasm_backend/chunk_data/.._code_review_cloned_repos_lyrikplasm_backend_utils_resizePic.js_chunks.txt
2024-09-17 17:05:35,336 - code_review.logger - INFO - Skipping file with unknown language: code_review/cloned_repos/lyrikplasm_backend/chunk_data/.._code_review_cloned_repos_lyrikplasm_backend_utils_resizePic.js_chunks.txt
2024-09-17 17:05:35,336 - code_review.logger - INFO - Skipping file with unknown language: code_review/cloned_repos/lyrikplasm_backend/chunk_data/.._code_review_cloned_repos_lyrikplasm_backend_managers_AppError.js_chunks.txt
2024-09-17 17:05:35,336 - code_review.logger - INFO - Skipping file with unknown language: code_review/cloned_repos/lyrikplasm_backend/chunk_data/.._code_review_cloned_repos_lyrikplasm_backend_managers_AppError.js_chunks.txt
2024-09-17 17:05:35,336 - code_review.logger - INFO - Skipping file with unknown language: code_review/cloned_repos/lyrikplasm_backend/chunk_data/.._code_review_cloned_repos_lyrikplasm_backend_managers_AppError.js_chunks.txt
2024-09-17 17:05:35,336 - code_review.logger - INFO - Skipping file with unknown language: code_review/cloned_repos/lyrikplasm_backend/chunk_data/.._code_review_cloned_repos_lyrikplasm_backend_utils_HandlerFactory.js_chunks.txt
2024-09-17 17:05:35,336 - code_review.logger - INFO - Skipping file with unknown language: code_review/cloned_repos/lyrikplasm_backend/chunk_data/.._code_review_cloned_repos_lyrikplasm_backend_utils_HandlerFactory.js_chunks.txt
2024-09-17 17:05:35,336 - code_review.logger - INFO - Skipping file with unknown language: code_review/cloned_repos/lyrikplasm_backend/chunk_data/.._code_review_cloned_repos_lyrikplasm_backend_utils_HandlerFactory.js_chunks.txt
2024-09-17 17:05:35,336 - code_review.logger - INFO - Skipping file with unknown language: code_review/cloned_repos/lyrikplasm_backend/chunk_data/.._code_review_cloned_repos_lyrikplasm_backend_utils_APIFeatures.js_chunks.txt
2024-09-17 17:05:35,336 - code_review.logger - INFO - Skipping file with unknown language: code_review/cloned_repos/lyrikplasm_backend/chunk_data/.._code_review_cloned_repos_lyrikplasm_backend_utils_APIFeatures.js_chunks.txt
2024-09-17 17:05:35,336 - code_review.logger - INFO - Skipping file with unknown language: code_review/cloned_repos/lyrikplasm_backend/chunk_data/.._code_review_cloned_repos_lyrikplasm_backend_utils_APIFeatures.js_chunks.txt
2024-09-17 17:05:35,336 - code_review.logger - INFO - Skipping file with unknown language: code_review/cloned_repos/lyrikplasm_backend/chunk_data/.._code_review_cloned_repos_lyrikplasm_backend_routers_reviewRouter.js_chunks.txt
2024-09-17 17:05:35,336 - code_review.logger - INFO - Skipping file with unknown language: code_review/cloned_repos/lyrikplasm_backend/chunk_data/.._code_review_cloned_repos_lyrikplasm_backend_routers_reviewRouter.js_chunks.txt
2024-09-17 17:05:35,336 - code_review.logger - INFO - Skipping file with unknown language: code_review/cloned_repos/lyrikplasm_backend/chunk_data/.._code_review_cloned_repos_lyrikplasm_backend_routers_reviewRouter.js_chunks.txt
2024-09-17 17:05:35,336 - code_review.logger - INFO - Skipping file with unknown language: code_review/cloned_repos/lyrikplasm_backend/chunk_data/.._code_review_cloned_repos_lyrikplasm_backend_routers_songRouter.js_chunks.txt
2024-09-17 17:05:35,336 - code_review.logger - INFO - Skipping file with unknown language: code_review/cloned_repos/lyrikplasm_backend/chunk_data/.._code_review_cloned_repos_lyrikplasm_backend_routers_songRouter.js_chunks.txt
2024-09-17 17:05:35,336 - code_review.logger - INFO - Skipping file with unknown language: code_review/cloned_repos/lyrikplasm_backend/chunk_data/.._code_review_cloned_repos_lyrikplasm_backend_routers_songRouter.js_chunks.txt
2024-09-17 17:05:35,336 - code_review.logger - INFO - Skipping file with unknown language: code_review/cloned_repos/lyrikplasm_backend/chunk_data/.._code_review_cloned_repos_lyrikplasm_backend_utils_Email.js_chunks.txt
2024-09-17 17:05:35,336 - code_review.logger - INFO - Skipping file with unknown language: code_review/cloned_repos/lyrikplasm_backend/chunk_data/.._code_review_cloned_repos_lyrikplasm_backend_utils_Email.js_chunks.txt
2024-09-17 17:05:35,336 - code_review.logger - INFO - Skipping file with unknown language: code_review/cloned_repos/lyrikplasm_backend/chunk_data/.._code_review_cloned_repos_lyrikplasm_backend_utils_Email.js_chunks.txt
2024-09-17 17:05:35,336 - code_review.logger - INFO - Skipping file with unknown language: code_review/cloned_repos/lyrikplasm_backend/chunk_data/.._code_review_cloned_repos_lyrikplasm_backend_managers_baseErrorManager.js_chunks.txt
2024-09-17 17:05:35,336 - code_review.logger - INFO - Skipping file with unknown language: code_review/cloned_repos/lyrikplasm_backend/chunk_data/.._code_review_cloned_repos_lyrikplasm_backend_managers_baseErrorManager.js_chunks.txt
2024-09-17 17:05:35,336 - code_review.logger - INFO - Skipping file with unknown language: code_review/cloned_repos/lyrikplasm_backend/chunk_data/.._code_review_cloned_repos_lyrikplasm_backend_managers_baseErrorManager.js_chunks.txt
2024-09-17 17:05:35,336 - code_review.logger - INFO - Skipping file with unknown language: code_review/cloned_repos/lyrikplasm_backend/chunk_data/.._code_review_cloned_repos_lyrikplasm_backend_utils_multerConfigs_multerDiskStorage.js_chunks.txt
2024-09-17 17:05:35,336 - code_review.logger - INFO - Skipping file with unknown language: code_review/cloned_repos/lyrikplasm_backend/chunk_data/.._code_review_cloned_repos_lyrikplasm_backend_utils_multerConfigs_multerDiskStorage.js_chunks.txt
2024-09-17 17:05:35,336 - code_review.logger - INFO - Skipping file with unknown language: code_review/cloned_repos/lyrikplasm_backend/chunk_data/.._code_review_cloned_repos_lyrikplasm_backend_utils_multerConfigs_multerDiskStorage.js_chunks.txt
2024-09-17 17:05:35,336 - code_review.logger - INFO - Skipping file with unknown language: code_review/cloned_repos/lyrikplasm_backend/chunk_data/.._code_review_cloned_repos_lyrikplasm_backend_managers_envHandler.js_chunks.txt
2024-09-17 17:05:35,336 - code_review.logger - INFO - Skipping file with unknown language: code_review/cloned_repos/lyrikplasm_backend/chunk_data/.._code_review_cloned_repos_lyrikplasm_backend_managers_envHandler.js_chunks.txt
2024-09-17 17:05:35,336 - code_review.logger - INFO - Skipping file with unknown language: code_review/cloned_repos/lyrikplasm_backend/chunk_data/.._code_review_cloned_repos_lyrikplasm_backend_managers_envHandler.js_chunks.txt
2024-09-17 17:05:35,337 - code_review.logger - INFO - Skipping file with unknown language: code_review/cloned_repos/lyrikplasm_backend/chunk_data/.._code_review_cloned_repos_lyrikplasm_backend_utils_parserers_songUploadParserer.js_chunks.txt
2024-09-17 17:05:35,337 - code_review.logger - INFO - Skipping file with unknown language: code_review/cloned_repos/lyrikplasm_backend/chunk_data/.._code_review_cloned_repos_lyrikplasm_backend_utils_parserers_songUploadParserer.js_chunks.txt
2024-09-17 17:05:35,337 - code_review.logger - INFO - Skipping file with unknown language: code_review/cloned_repos/lyrikplasm_backend/chunk_data/.._code_review_cloned_repos_lyrikplasm_backend_utils_parserers_songUploadParserer.js_chunks.txt
2024-09-17 17:05:35,339 - code_review.logger - INFO - Skipping file with unknown language: code_review/cloned_repos/lyrikplasm_backend/static/email_template_background.jpg
2024-09-17 17:05:35,339 - code_review.logger - INFO - Skipping file with unknown language: code_review/cloned_repos/lyrikplasm_backend/static/email_template_background.jpg
2024-09-17 17:05:35,339 - code_review.logger - INFO - Skipping file with unknown language: code_review/cloned_repos/lyrikplasm_backend/static/email_template_background.jpg
2024-09-17 17:05:35,367 - code_review.logger - INFO - Skipping file with unknown language: code_review/cloned_repos/yantra-frontend/chunk_data/.._code_review_cloned_repos_yantra-frontend_.eslintrc.json_chunks.txt
2024-09-17 17:05:35,367 - code_review.logger - INFO - Skipping file with unknown language: code_review/cloned_repos/yantra-frontend/chunk_data/.._code_review_cloned_repos_yantra-frontend_.eslintrc.json_chunks.txt
2024-09-17 17:05:35,367 - code_review.logger - INFO - Skipping file with unknown language: code_review/cloned_repos/yantra-frontend/chunk_data/.._code_review_cloned_repos_yantra-frontend_.eslintrc.json_chunks.txt
2024-09-17 17:05:35,367 - code_review.logger - INFO - Skipping file with unknown language: code_review/cloned_repos/yantra-frontend/chunk_data/.._code_review_cloned_repos_yantra-frontend_package.json_chunks.txt
2024-09-17 17:05:35,367 - code_review.logger - INFO - Skipping file with unknown language: code_review/cloned_repos/yantra-frontend/chunk_data/.._code_review_cloned_repos_yantra-frontend_package.json_chunks.txt
2024-09-17 17:05:35,367 - code_review.logger - INFO - Skipping file with unknown language: code_review/cloned_repos/yantra-frontend/chunk_data/.._code_review_cloned_repos_yantra-frontend_package.json_chunks.txt
2024-09-17 17:05:35,367 - code_review.logger - INFO - Skipping file with unknown language: code_review/cloned_repos/yantra-frontend/chunk_data/.._code_review_cloned_repos_yantra-frontend_tsconfig.json_chunks.txt
2024-09-17 17:05:35,367 - code_review.logger - INFO - Skipping file with unknown language: code_review/cloned_repos/yantra-frontend/chunk_data/.._code_review_cloned_repos_yantra-frontend_tsconfig.json_chunks.txt
2024-09-17 17:05:35,367 - code_review.logger - INFO - Skipping file with unknown language: code_review/cloned_repos/yantra-frontend/chunk_data/.._code_review_cloned_repos_yantra-frontend_tsconfig.json_chunks.txt
2024-09-17 17:05:35,368 - code_review.logger - INFO - Skipping file with unknown language: code_review/cloned_repos/yantra-frontend/chunk_data/.._code_review_cloned_repos_yantra-frontend_package-lock.json_chunks.txt
2024-09-17 17:05:35,368 - code_review.logger - INFO - Skipping file with unknown language: code_review/cloned_repos/yantra-frontend/chunk_data/.._code_review_cloned_repos_yantra-frontend_package-lock.json_chunks.txt
2024-09-17 17:05:35,368 - code_review.logger - INFO - Skipping file with unknown language: code_review/cloned_repos/yantra-frontend/chunk_data/.._code_review_cloned_repos_yantra-frontend_package-lock.json_chunks.txt
2024-09-17 17:05:35,368 - code_review.logger - INFO - Skipping file with unknown language: code_review/cloned_repos/yantra-frontend/chunk_data/.._code_review_cloned_repos_yantra-frontend_README.md_chunks.txt
2024-09-17 17:05:35,368 - code_review.logger - INFO - Skipping file with unknown language: code_review/cloned_repos/yantra-frontend/chunk_data/.._code_review_cloned_repos_yantra-frontend_README.md_chunks.txt
2024-09-17 17:05:35,368 - code_review.logger - INFO - Skipping file with unknown language: code_review/cloned_repos/yantra-frontend/chunk_data/.._code_review_cloned_repos_yantra-frontend_README.md_chunks.txt
2024-09-17 17:05:35,368 - code_review.logger - INFO - Skipping file with unknown language: code_review/cloned_repos/yantra-frontend/chunk_data/.._code_review_cloned_repos_yantra-frontend_postcss.config.js_chunks.txt
2024-09-17 17:05:35,368 - code_review.logger - INFO - Skipping file with unknown language: code_review/cloned_repos/yantra-frontend/chunk_data/.._code_review_cloned_repos_yantra-frontend_postcss.config.js_chunks.txt
2024-09-17 17:05:35,368 - code_review.logger - INFO - Skipping file with unknown language: code_review/cloned_repos/yantra-frontend/chunk_data/.._code_review_cloned_repos_yantra-frontend_postcss.config.js_chunks.txt
2024-09-17 17:05:35,368 - code_review.logger - INFO - Skipping file with unknown language: code_review/cloned_repos/yantra-frontend/chunk_data/.._code_review_cloned_repos_yantra-frontend_tailwind.config.js_chunks.txt
2024-09-17 17:05:35,368 - code_review.logger - INFO - Skipping file with unknown language: code_review/cloned_repos/yantra-frontend/chunk_data/.._code_review_cloned_repos_yantra-frontend_tailwind.config.js_chunks.txt
2024-09-17 17:05:35,368 - code_review.logger - INFO - Skipping file with unknown language: code_review/cloned_repos/yantra-frontend/chunk_data/.._code_review_cloned_repos_yantra-frontend_tailwind.config.js_chunks.txt
2024-09-17 17:05:35,368 - code_review.logger - INFO - Skipping file with unknown language: code_review/cloned_repos/yantra-frontend/chunk_data/.._code_review_cloned_repos_yantra-frontend_next.config.js_chunks.txt
2024-09-17 17:05:35,368 - code_review.logger - INFO - Skipping file with unknown language: code_review/cloned_repos/yantra-frontend/chunk_data/.._code_review_cloned_repos_yantra-frontend_next.config.js_chunks.txt
2024-09-17 17:05:35,368 - code_review.logger - INFO - Skipping file with unknown language: code_review/cloned_repos/yantra-frontend/chunk_data/.._code_review_cloned_repos_yantra-frontend_next.config.js_chunks.txt
2024-09-17 17:05:35,368 - code_review.logger - INFO - Skipping file with unknown language: code_review/cloned_repos/yantra-frontend/public/threePeople.png
2024-09-17 17:05:35,368 - code_review.logger - INFO - Skipping file with unknown language: code_review/cloned_repos/yantra-frontend/public/threePeople.png
2024-09-17 17:05:35,368 - code_review.logger - INFO - Skipping file with unknown language: code_review/cloned_repos/yantra-frontend/public/threePeople.png
2024-09-17 17:05:35,368 - code_review.logger - INFO - Skipping file with unknown language: code_review/cloned_repos/yantra-frontend/public/favicon.ico
2024-09-17 17:05:35,368 - code_review.logger - INFO - Skipping file with unknown language: code_review/cloned_repos/yantra-frontend/public/favicon.ico
2024-09-17 17:05:35,368 - code_review.logger - INFO - Skipping file with unknown language: code_review/cloned_repos/yantra-frontend/public/favicon.ico
2024-09-17 17:05:35,368 - code_review.logger - INFO - Skipping file with unknown language: code_review/cloned_repos/yantra-frontend/public/samplePhoto.avif
2024-09-17 17:05:35,368 - code_review.logger - INFO - Skipping file with unknown language: code_review/cloned_repos/yantra-frontend/public/samplePhoto.avif
2024-09-17 17:05:35,368 - code_review.logger - INFO - Skipping file with unknown language: code_review/cloned_repos/yantra-frontend/public/samplePhoto.avif
2024-09-17 17:05:35,368 - code_review.logger - INFO - Skipping file with unknown language: code_review/cloned_repos/yantra-frontend/public/singlePerson.svg
2024-09-17 17:05:35,368 - code_review.logger - INFO - Skipping file with unknown language: code_review/cloned_repos/yantra-frontend/public/singlePerson.svg
2024-09-17 17:05:35,368 - code_review.logger - INFO - Skipping file with unknown language: code_review/cloned_repos/yantra-frontend/public/singlePerson.svg
2024-09-17 17:05:35,368 - code_review.logger - INFO - Skipping file with unknown language: code_review/cloned_repos/yantra-frontend/public/SharingPeople.svg
2024-09-17 17:05:35,368 - code_review.logger - INFO - Skipping file with unknown language: code_review/cloned_repos/yantra-frontend/public/SharingPeople.svg
2024-09-17 17:05:35,368 - code_review.logger - INFO - Skipping file with unknown language: code_review/cloned_repos/yantra-frontend/public/SharingPeople.svg
2024-09-17 17:05:35,368 - code_review.logger - INFO - Skipping file with unknown language: code_review/cloned_repos/yantra-frontend/public/thirteen.svg
2024-09-17 17:05:35,368 - code_review.logger - INFO - Skipping file with unknown language: code_review/cloned_repos/yantra-frontend/public/thirteen.svg
2024-09-17 17:05:35,368 - code_review.logger - INFO - Skipping file with unknown language: code_review/cloned_repos/yantra-frontend/public/thirteen.svg
2024-09-17 17:05:35,368 - code_review.logger - INFO - Skipping file with unknown language: code_review/cloned_repos/yantra-frontend/public/peopleBox.png
2024-09-17 17:05:35,368 - code_review.logger - INFO - Skipping file with unknown language: code_review/cloned_repos/yantra-frontend/public/peopleBox.png
2024-09-17 17:05:35,368 - code_review.logger - INFO - Skipping file with unknown language: code_review/cloned_repos/yantra-frontend/public/peopleBox.png
2024-09-17 17:05:35,368 - code_review.logger - INFO - Skipping file with unknown language: code_review/cloned_repos/yantra-frontend/public/threePeople.svg
2024-09-17 17:05:35,368 - code_review.logger - INFO - Skipping file with unknown language: code_review/cloned_repos/yantra-frontend/public/threePeople.svg
2024-09-17 17:05:35,368 - code_review.logger - INFO - Skipping file with unknown language: code_review/cloned_repos/yantra-frontend/public/threePeople.svg
2024-09-17 17:05:35,368 - code_review.logger - INFO - Skipping file with unknown language: code_review/cloned_repos/yantra-frontend/public/Logo.png
2024-09-17 17:05:35,368 - code_review.logger - INFO - Skipping file with unknown language: code_review/cloned_repos/yantra-frontend/public/Logo.png
2024-09-17 17:05:35,368 - code_review.logger - INFO - Skipping file with unknown language: code_review/cloned_repos/yantra-frontend/public/Logo.png
2024-09-17 17:05:35,369 - code_review.logger - INFO - Skipping file with unknown language: code_review/cloned_repos/yantra-frontend/public/vercel.svg
2024-09-17 17:05:35,369 - code_review.logger - INFO - Skipping file with unknown language: code_review/cloned_repos/yantra-frontend/public/vercel.svg
2024-09-17 17:05:35,369 - code_review.logger - INFO - Skipping file with unknown language: code_review/cloned_repos/yantra-frontend/public/vercel.svg
2024-09-17 17:05:35,369 - code_review.logger - INFO - Skipping file with unknown language: code_review/cloned_repos/yantra-frontend/public/next.svg
2024-09-17 17:05:35,369 - code_review.logger - INFO - Skipping file with unknown language: code_review/cloned_repos/yantra-frontend/public/next.svg
2024-09-17 17:05:35,369 - code_review.logger - INFO - Skipping file with unknown language: code_review/cloned_repos/yantra-frontend/public/next.svg
2024-09-17 17:05:35,369 - code_review.logger - INFO - Skipping file with unknown language: code_review/cloned_repos/yantra-frontend/public/SmallLogoBlack.svg
2024-09-17 17:05:35,369 - code_review.logger - INFO - Skipping file with unknown language: code_review/cloned_repos/yantra-frontend/public/SmallLogoBlack.svg
2024-09-17 17:05:35,369 - code_review.logger - INFO - Skipping file with unknown language: code_review/cloned_repos/yantra-frontend/public/SmallLogoBlack.svg
2024-09-17 17:05:35,369 - code_review.logger - INFO - Skipping file with unknown language: code_review/cloned_repos/yantra-frontend/public/LogoBlack.svg
2024-09-17 17:05:35,369 - code_review.logger - INFO - Skipping file with unknown language: code_review/cloned_repos/yantra-frontend/public/LogoBlack.svg
2024-09-17 17:05:35,369 - code_review.logger - INFO - Skipping file with unknown language: code_review/cloned_repos/yantra-frontend/public/LogoBlack.svg
2024-09-17 17:05:35,369 - code_review.logger - INFO - Skipping file with unknown language: code_review/cloned_repos/yantra-frontend/public/singlePersonFlipped.svg
2024-09-17 17:05:35,369 - code_review.logger - INFO - Skipping file with unknown language: code_review/cloned_repos/yantra-frontend/public/singlePersonFlipped.svg
2024-09-17 17:05:35,369 - code_review.logger - INFO - Skipping file with unknown language: code_review/cloned_repos/yantra-frontend/public/singlePersonFlipped.svg
2024-09-17 17:05:35,369 - code_review.logger - INFO - Skipping file with unknown language: code_review/cloned_repos/yantra-frontend/public/Logo.svg
2024-09-17 17:05:35,369 - code_review.logger - INFO - Skipping file with unknown language: code_review/cloned_repos/yantra-frontend/public/Logo.svg
2024-09-17 17:05:35,369 - code_review.logger - INFO - Skipping file with unknown language: code_review/cloned_repos/yantra-frontend/public/Logo.svg
2024-09-17 17:05:35,369 - code_review.logger - INFO - Skipping file with unknown language: code_review/cloned_repos/yantra-frontend/public/svg-icons/LeftPencilStroke.png
2024-09-17 17:05:35,369 - code_review.logger - INFO - Skipping file with unknown language: code_review/cloned_repos/yantra-frontend/public/svg-icons/LeftPencilStroke.png
2024-09-17 17:05:35,369 - code_review.logger - INFO - Skipping file with unknown language: code_review/cloned_repos/yantra-frontend/public/svg-icons/LeftPencilStroke.png
2024-09-17 17:05:35,369 - code_review.logger - INFO - Skipping file with unknown language: code_review/cloned_repos/yantra-frontend/public/svg-icons/sad face.svg
2024-09-17 17:05:35,369 - code_review.logger - INFO - Skipping file with unknown language: code_review/cloned_repos/yantra-frontend/public/svg-icons/sad face.svg
2024-09-17 17:05:35,369 - code_review.logger - INFO - Skipping file with unknown language: code_review/cloned_repos/yantra-frontend/public/svg-icons/sad face.svg
2024-09-17 17:05:35,369 - code_review.logger - INFO - Skipping file with unknown language: code_review/cloned_repos/yantra-frontend/public/svg-icons/content face.svg
2024-09-17 17:05:35,369 - code_review.logger - INFO - Skipping file with unknown language: code_review/cloned_repos/yantra-frontend/public/svg-icons/content face.svg
2024-09-17 17:05:35,369 - code_review.logger - INFO - Skipping file with unknown language: code_review/cloned_repos/yantra-frontend/public/svg-icons/content face.svg
2024-09-17 17:05:35,369 - code_review.logger - INFO - Skipping file with unknown language: code_review/cloned_repos/yantra-frontend/public/svg-icons/angry face.svg
2024-09-17 17:05:35,369 - code_review.logger - INFO - Skipping file with unknown language: code_review/cloned_repos/yantra-frontend/public/svg-icons/angry face.svg
2024-09-17 17:05:35,369 - code_review.logger - INFO - Skipping file with unknown language: code_review/cloned_repos/yantra-frontend/public/svg-icons/angry face.svg
2024-09-17 17:05:35,369 - code_review.logger - INFO - Skipping file with unknown language: code_review/cloned_repos/yantra-frontend/public/svg-icons/happy face.svg
2024-09-17 17:05:35,369 - code_review.logger - INFO - Skipping file with unknown language: code_review/cloned_repos/yantra-frontend/public/svg-icons/happy face.svg
2024-09-17 17:05:35,369 - code_review.logger - INFO - Skipping file with unknown language: code_review/cloned_repos/yantra-frontend/public/svg-icons/happy face.svg
2024-09-17 17:05:35,369 - code_review.logger - INFO - Skipping file with unknown language: code_review/cloned_repos/yantra-frontend/public/svg-icons/RightPencilStroke.png
2024-09-17 17:05:35,369 - code_review.logger - INFO - Skipping file with unknown language: code_review/cloned_repos/yantra-frontend/public/svg-icons/RightPencilStroke.png
2024-09-17 17:05:35,369 - code_review.logger - INFO - Skipping file with unknown language: code_review/cloned_repos/yantra-frontend/public/svg-icons/RightPencilStroke.png
2024-09-17 17:05:35,369 - code_review.logger - INFO - Skipping file with unknown language: code_review/cloned_repos/yantra-frontend/public/svg-icons/meh face.svg
2024-09-17 17:05:35,369 - code_review.logger - INFO - Skipping file with unknown language: code_review/cloned_repos/yantra-frontend/public/svg-icons/meh face.svg
2024-09-17 17:05:35,369 - code_review.logger - INFO - Skipping file with unknown language: code_review/cloned_repos/yantra-frontend/public/svg-icons/meh face.svg
2024-09-17 17:05:35,370 - code_review.logger - INFO - Skipping file with unknown language: code_review/cloned_repos/yantra-frontend/src/wrappers/main.tsx
2024-09-17 17:05:35,370 - code_review.logger - INFO - Skipping file with unknown language: code_review/cloned_repos/yantra-frontend/src/wrappers/main.tsx
2024-09-17 17:05:35,370 - code_review.logger - INFO - Skipping file with unknown language: code_review/cloned_repos/yantra-frontend/src/wrappers/main.tsx
2024-09-17 17:05:35,370 - code_review.logger - INFO - Skipping file with unknown language: code_review/cloned_repos/yantra-frontend/src/sections/Groups/newGroup.tsx
2024-09-17 17:05:35,370 - code_review.logger - INFO - Skipping file with unknown language: code_review/cloned_repos/yantra-frontend/src/sections/Groups/newGroup.tsx
2024-09-17 17:05:35,370 - code_review.logger - INFO - Skipping file with unknown language: code_review/cloned_repos/yantra-frontend/src/sections/Groups/newGroup.tsx
2024-09-17 17:05:35,371 - code_review.logger - INFO - Skipping file with unknown language: code_review/cloned_repos/yantra-frontend/src/sections/Events/new_event.tsx
2024-09-17 17:05:35,371 - code_review.logger - INFO - Skipping file with unknown language: code_review/cloned_repos/yantra-frontend/src/sections/Events/new_event.tsx
2024-09-17 17:05:35,371 - code_review.logger - INFO - Skipping file with unknown language: code_review/cloned_repos/yantra-frontend/src/sections/Events/new_event.tsx
2024-09-17 17:05:35,371 - code_review.logger - INFO - Skipping file with unknown language: code_review/cloned_repos/yantra-frontend/src/sections/Events/edit_event.tsx
2024-09-17 17:05:35,371 - code_review.logger - INFO - Skipping file with unknown language: code_review/cloned_repos/yantra-frontend/src/sections/Events/edit_event.tsx
2024-09-17 17:05:35,371 - code_review.logger - INFO - Skipping file with unknown language: code_review/cloned_repos/yantra-frontend/src/sections/Events/edit_event.tsx
2024-09-17 17:05:35,377 - code_review.logger - INFO - Skipping file with unknown language: code_review/cloned_repos/yantra-frontend/src/config/cookies.tsx
2024-09-17 17:05:35,377 - code_review.logger - INFO - Skipping file with unknown language: code_review/cloned_repos/yantra-frontend/src/config/cookies.tsx
2024-09-17 17:05:35,377 - code_review.logger - INFO - Skipping file with unknown language: code_review/cloned_repos/yantra-frontend/src/config/cookies.tsx
2024-09-17 17:05:35,388 - code_review.logger - INFO - Skipping file with unknown language: code_review/cloned_repos/yantra-frontend/src/utils/render_content_with_links.tsx
2024-09-17 17:05:35,388 - code_review.logger - INFO - Skipping file with unknown language: code_review/cloned_repos/yantra-frontend/src/utils/render_content_with_links.tsx
2024-09-17 17:05:35,388 - code_review.logger - INFO - Skipping file with unknown language: code_review/cloned_repos/yantra-frontend/src/utils/render_content_with_links.tsx
2024-09-17 17:05:35,390 - code_review.logger - INFO - Skipping file with unknown language: code_review/cloned_repos/yantra-frontend/src/utils/funcs/get_icon.tsx
2024-09-17 17:05:35,390 - code_review.logger - INFO - Skipping file with unknown language: code_review/cloned_repos/yantra-frontend/src/utils/funcs/get_icon.tsx
2024-09-17 17:05:35,390 - code_review.logger - INFO - Skipping file with unknown language: code_review/cloned_repos/yantra-frontend/src/utils/funcs/get_icon.tsx
2024-09-17 17:05:35,394 - code_review.logger - INFO - Skipping file with unknown language: code_review/cloned_repos/yantra-frontend/src/components/fillers/feed.tsx
2024-09-17 17:05:35,394 - code_review.logger - INFO - Skipping file with unknown language: code_review/cloned_repos/yantra-frontend/src/components/fillers/feed.tsx
2024-09-17 17:05:35,394 - code_review.logger - INFO - Skipping file with unknown language: code_review/cloned_repos/yantra-frontend/src/components/fillers/feed.tsx
2024-09-17 17:05:35,394 - code_review.logger - INFO - Skipping file with unknown language: code_review/cloned_repos/yantra-frontend/src/components/fillers/mascot.tsx
2024-09-17 17:05:35,394 - code_review.logger - INFO - Skipping file with unknown language: code_review/cloned_repos/yantra-frontend/src/components/fillers/mascot.tsx
2024-09-17 17:05:35,394 - code_review.logger - INFO - Skipping file with unknown language: code_review/cloned_repos/yantra-frontend/src/components/fillers/mascot.tsx
2024-09-17 17:05:35,394 - code_review.logger - INFO - Skipping file with unknown language: code_review/cloned_repos/yantra-frontend/src/components/Navbar/index.tsx
2024-09-17 17:05:35,394 - code_review.logger - INFO - Skipping file with unknown language: code_review/cloned_repos/yantra-frontend/src/components/Navbar/index.tsx
2024-09-17 17:05:35,394 - code_review.logger - INFO - Skipping file with unknown language: code_review/cloned_repos/yantra-frontend/src/components/Navbar/index.tsx
2024-09-17 17:05:35,394 - code_review.logger - INFO - Skipping file with unknown language: code_review/cloned_repos/yantra-frontend/src/components/Navbar/profile_dropdown.tsx
2024-09-17 17:05:35,394 - code_review.logger - INFO - Skipping file with unknown language: code_review/cloned_repos/yantra-frontend/src/components/Navbar/profile_dropdown.tsx
2024-09-17 17:05:35,394 - code_review.logger - INFO - Skipping file with unknown language: code_review/cloned_repos/yantra-frontend/src/components/Navbar/profile_dropdown.tsx
2024-09-17 17:05:35,394 - code_review.logger - INFO - Skipping file with unknown language: code_review/cloned_repos/yantra-frontend/src/components/form/time.tsx
2024-09-17 17:05:35,394 - code_review.logger - INFO - Skipping file with unknown language: code_review/cloned_repos/yantra-frontend/src/components/form/time.tsx
2024-09-17 17:05:35,394 - code_review.logger - INFO - Skipping file with unknown language: code_review/cloned_repos/yantra-frontend/src/components/form/time.tsx
2024-09-17 17:05:35,395 - code_review.logger - INFO - Skipping file with unknown language: code_review/cloned_repos/yantra-frontend/src/components/form/tags.tsx
2024-09-17 17:05:35,395 - code_review.logger - INFO - Skipping file with unknown language: code_review/cloned_repos/yantra-frontend/src/components/form/tags.tsx
2024-09-17 17:05:35,395 - code_review.logger - INFO - Skipping file with unknown language: code_review/cloned_repos/yantra-frontend/src/components/form/tags.tsx
2024-09-17 17:05:35,395 - code_review.logger - INFO - Skipping file with unknown language: code_review/cloned_repos/yantra-frontend/src/components/form/checkbox.tsx
2024-09-17 17:05:35,395 - code_review.logger - INFO - Skipping file with unknown language: code_review/cloned_repos/yantra-frontend/src/components/form/checkbox.tsx
2024-09-17 17:05:35,395 - code_review.logger - INFO - Skipping file with unknown language: code_review/cloned_repos/yantra-frontend/src/components/form/checkbox.tsx
2024-09-17 17:05:35,395 - code_review.logger - INFO - Skipping file with unknown language: code_review/cloned_repos/yantra-frontend/src/components/form/links.tsx
2024-09-17 17:05:35,395 - code_review.logger - INFO - Skipping file with unknown language: code_review/cloned_repos/yantra-frontend/src/components/form/links.tsx
2024-09-17 17:05:35,395 - code_review.logger - INFO - Skipping file with unknown language: code_review/cloned_repos/yantra-frontend/src/components/form/links.tsx
2024-09-17 17:05:35,395 - code_review.logger - INFO - Skipping file with unknown language: code_review/cloned_repos/yantra-frontend/src/components/form/select.tsx
2024-09-17 17:05:35,395 - code_review.logger - INFO - Skipping file with unknown language: code_review/cloned_repos/yantra-frontend/src/components/form/select.tsx
2024-09-17 17:05:35,395 - code_review.logger - INFO - Skipping file with unknown language: code_review/cloned_repos/yantra-frontend/src/components/form/select.tsx
2024-09-17 17:05:35,395 - code_review.logger - INFO - Skipping file with unknown language: code_review/cloned_repos/yantra-frontend/src/components/form/textarea.tsx
2024-09-17 17:05:35,395 - code_review.logger - INFO - Skipping file with unknown language: code_review/cloned_repos/yantra-frontend/src/components/form/textarea.tsx
2024-09-17 17:05:35,395 - code_review.logger - INFO - Skipping file with unknown language: code_review/cloned_repos/yantra-frontend/src/components/form/textarea.tsx
2024-09-17 17:05:35,395 - code_review.logger - INFO - Skipping file with unknown language: code_review/cloned_repos/yantra-frontend/src/components/form/input.tsx
2024-09-17 17:05:35,395 - code_review.logger - INFO - Skipping file with unknown language: code_review/cloned_repos/yantra-frontend/src/components/form/input.tsx
2024-09-17 17:05:35,395 - code_review.logger - INFO - Skipping file with unknown language: code_review/cloned_repos/yantra-frontend/src/components/form/input.tsx
2024-09-17 17:05:35,395 - code_review.logger - INFO - Skipping file with unknown language: code_review/cloned_repos/yantra-frontend/src/components/buttons/primary_btn.tsx
2024-09-17 17:05:35,395 - code_review.logger - INFO - Skipping file with unknown language: code_review/cloned_repos/yantra-frontend/src/components/buttons/primary_btn.tsx
2024-09-17 17:05:35,395 - code_review.logger - INFO - Skipping file with unknown language: code_review/cloned_repos/yantra-frontend/src/components/buttons/primary_btn.tsx
2024-09-17 17:05:35,395 - code_review.logger - INFO - Skipping file with unknown language: code_review/cloned_repos/yantra-frontend/src/components/buttons/join_btn.tsx
2024-09-17 17:05:35,395 - code_review.logger - INFO - Skipping file with unknown language: code_review/cloned_repos/yantra-frontend/src/components/buttons/join_btn.tsx
2024-09-17 17:05:35,395 - code_review.logger - INFO - Skipping file with unknown language: code_review/cloned_repos/yantra-frontend/src/components/buttons/join_btn.tsx
2024-09-17 17:05:35,395 - code_review.logger - INFO - Skipping file with unknown language: code_review/cloned_repos/yantra-frontend/src/components/buttons/build_btn.tsx
2024-09-17 17:05:35,395 - code_review.logger - INFO - Skipping file with unknown language: code_review/cloned_repos/yantra-frontend/src/components/buttons/build_btn.tsx
2024-09-17 17:05:35,395 - code_review.logger - INFO - Skipping file with unknown language: code_review/cloned_repos/yantra-frontend/src/components/buttons/build_btn.tsx
2024-09-17 17:05:35,395 - code_review.logger - INFO - Skipping file with unknown language: code_review/cloned_repos/yantra-frontend/src/components/buttons/registration_btn.tsx
2024-09-17 17:05:35,395 - code_review.logger - INFO - Skipping file with unknown language: code_review/cloned_repos/yantra-frontend/src/components/buttons/registration_btn.tsx
2024-09-17 17:05:35,395 - code_review.logger - INFO - Skipping file with unknown language: code_review/cloned_repos/yantra-frontend/src/components/buttons/registration_btn.tsx
2024-09-17 17:05:35,395 - code_review.logger - INFO - Skipping file with unknown language: code_review/cloned_repos/yantra-frontend/src/components/buttons/danger_btn.tsx
2024-09-17 17:05:35,395 - code_review.logger - INFO - Skipping file with unknown language: code_review/cloned_repos/yantra-frontend/src/components/buttons/danger_btn.tsx
2024-09-17 17:05:35,395 - code_review.logger - INFO - Skipping file with unknown language: code_review/cloned_repos/yantra-frontend/src/components/buttons/danger_btn.tsx
2024-09-17 17:05:35,396 - code_review.logger - INFO - Skipping file with unknown language: code_review/cloned_repos/yantra-frontend/src/components/empty_fillers/search.tsx
2024-09-17 17:05:35,396 - code_review.logger - INFO - Skipping file with unknown language: code_review/cloned_repos/yantra-frontend/src/components/empty_fillers/search.tsx
2024-09-17 17:05:35,396 - code_review.logger - INFO - Skipping file with unknown language: code_review/cloned_repos/yantra-frontend/src/components/empty_fillers/search.tsx
2024-09-17 17:05:35,396 - code_review.logger - INFO - Skipping file with unknown language: code_review/cloned_repos/yantra-frontend/src/components/uncommon/meet.tsx
2024-09-17 17:05:35,396 - code_review.logger - INFO - Skipping file with unknown language: code_review/cloned_repos/yantra-frontend/src/components/uncommon/meet.tsx
2024-09-17 17:05:35,396 - code_review.logger - INFO - Skipping file with unknown language: code_review/cloned_repos/yantra-frontend/src/components/uncommon/meet.tsx
2024-09-17 17:05:35,396 - code_review.logger - INFO - Skipping file with unknown language: code_review/cloned_repos/yantra-frontend/src/components/uncommon/Journal/page_box.tsx
2024-09-17 17:05:35,396 - code_review.logger - INFO - Skipping file with unknown language: code_review/cloned_repos/yantra-frontend/src/components/uncommon/Journal/page_box.tsx
2024-09-17 17:05:35,396 - code_review.logger - INFO - Skipping file with unknown language: code_review/cloned_repos/yantra-frontend/src/components/uncommon/Journal/page_box.tsx
2024-09-17 17:05:35,396 - code_review.logger - INFO - Skipping file with unknown language: code_review/cloned_repos/yantra-frontend/src/components/uncommon/Journal/page.tsx
2024-09-17 17:05:35,396 - code_review.logger - INFO - Skipping file with unknown language: code_review/cloned_repos/yantra-frontend/src/components/uncommon/Journal/page.tsx
2024-09-17 17:05:35,396 - code_review.logger - INFO - Skipping file with unknown language: code_review/cloned_repos/yantra-frontend/src/components/uncommon/Journal/page.tsx
2024-09-17 17:05:35,396 - code_review.logger - INFO - Skipping file with unknown language: code_review/cloned_repos/yantra-frontend/src/components/uncommon/Post/new_post.tsx
2024-09-17 17:05:35,396 - code_review.logger - INFO - Skipping file with unknown language: code_review/cloned_repos/yantra-frontend/src/components/uncommon/Post/new_post.tsx
2024-09-17 17:05:35,396 - code_review.logger - INFO - Skipping file with unknown language: code_review/cloned_repos/yantra-frontend/src/components/uncommon/Post/new_post.tsx
2024-09-17 17:05:35,396 - code_review.logger - INFO - Skipping file with unknown language: code_review/cloned_repos/yantra-frontend/src/components/uncommon/Post/index.tsx
2024-09-17 17:05:35,396 - code_review.logger - INFO - Skipping file with unknown language: code_review/cloned_repos/yantra-frontend/src/components/uncommon/Post/index.tsx
2024-09-17 17:05:35,396 - code_review.logger - INFO - Skipping file with unknown language: code_review/cloned_repos/yantra-frontend/src/components/uncommon/Post/index.tsx
2024-09-17 17:05:35,396 - code_review.logger - INFO - Skipping file with unknown language: code_review/cloned_repos/yantra-frontend/src/components/uncommon/Post/new_post_images.tsx
2024-09-17 17:05:35,396 - code_review.logger - INFO - Skipping file with unknown language: code_review/cloned_repos/yantra-frontend/src/components/uncommon/Post/new_post_images.tsx
2024-09-17 17:05:35,396 - code_review.logger - INFO - Skipping file with unknown language: code_review/cloned_repos/yantra-frontend/src/components/uncommon/Post/new_post_images.tsx
2024-09-17 17:05:35,396 - code_review.logger - INFO - Skipping file with unknown language: code_review/cloned_repos/yantra-frontend/src/components/uncommon/Polls/new_poll.tsx
2024-09-17 17:05:35,396 - code_review.logger - INFO - Skipping file with unknown language: code_review/cloned_repos/yantra-frontend/src/components/uncommon/Polls/new_poll.tsx
2024-09-17 17:05:35,396 - code_review.logger - INFO - Skipping file with unknown language: code_review/cloned_repos/yantra-frontend/src/components/uncommon/Polls/new_poll.tsx
2024-09-17 17:05:35,397 - code_review.logger - INFO - Skipping file with unknown language: code_review/cloned_repos/yantra-frontend/src/components/uncommon/EventCard/index.tsx
2024-09-17 17:05:35,397 - code_review.logger - INFO - Skipping file with unknown language: code_review/cloned_repos/yantra-frontend/src/components/uncommon/EventCard/index.tsx
2024-09-17 17:05:35,397 - code_review.logger - INFO - Skipping file with unknown language: code_review/cloned_repos/yantra-frontend/src/components/uncommon/EventCard/index.tsx
2024-09-17 17:05:35,397 - code_review.logger - INFO - Skipping file with unknown language: code_review/cloned_repos/yantra-frontend/src/components/uncommon/Announcements/new_announcement.tsx
2024-09-17 17:05:35,397 - code_review.logger - INFO - Skipping file with unknown language: code_review/cloned_repos/yantra-frontend/src/components/uncommon/Announcements/new_announcement.tsx
2024-09-17 17:05:35,397 - code_review.logger - INFO - Skipping file with unknown language: code_review/cloned_repos/yantra-frontend/src/components/uncommon/Announcements/new_announcement.tsx
2024-09-17 17:05:35,397 - code_review.logger - INFO - Skipping file with unknown language: code_review/cloned_repos/yantra-frontend/src/components/uncommon/ResourceFile/index.tsx
2024-09-17 17:05:35,397 - code_review.logger - INFO - Skipping file with unknown language: code_review/cloned_repos/yantra-frontend/src/components/uncommon/ResourceFile/index.tsx
2024-09-17 17:05:35,397 - code_review.logger - INFO - Skipping file with unknown language: code_review/cloned_repos/yantra-frontend/src/components/uncommon/ResourceFile/index.tsx
2024-09-17 17:05:35,397 - code_review.logger - INFO - Skipping file with unknown language: code_review/cloned_repos/yantra-frontend/src/components/uncommon/EmojiScale/index.tsx
2024-09-17 17:05:35,397 - code_review.logger - INFO - Skipping file with unknown language: code_review/cloned_repos/yantra-frontend/src/components/uncommon/EmojiScale/index.tsx
2024-09-17 17:05:35,397 - code_review.logger - INFO - Skipping file with unknown language: code_review/cloned_repos/yantra-frontend/src/components/uncommon/EmojiScale/index.tsx
2024-09-17 17:05:35,397 - code_review.logger - INFO - Skipping file with unknown language: code_review/cloned_repos/yantra-frontend/src/components/charts/lineGraph.tsx
2024-09-17 17:05:35,397 - code_review.logger - INFO - Skipping file with unknown language: code_review/cloned_repos/yantra-frontend/src/components/charts/lineGraph.tsx
2024-09-17 17:05:35,397 - code_review.logger - INFO - Skipping file with unknown language: code_review/cloned_repos/yantra-frontend/src/components/charts/lineGraph.tsx
2024-09-17 17:05:35,397 - code_review.logger - INFO - Skipping file with unknown language: code_review/cloned_repos/yantra-frontend/src/components/charts/polarGraph.tsx
2024-09-17 17:05:35,397 - code_review.logger - INFO - Skipping file with unknown language: code_review/cloned_repos/yantra-frontend/src/components/charts/polarGraph.tsx
2024-09-17 17:05:35,397 - code_review.logger - INFO - Skipping file with unknown language: code_review/cloned_repos/yantra-frontend/src/components/charts/polarGraph.tsx
2024-09-17 17:05:35,397 - code_review.logger - INFO - Skipping file with unknown language: code_review/cloned_repos/yantra-frontend/src/components/utils/tag_suggestions.tsx
2024-09-17 17:05:35,397 - code_review.logger - INFO - Skipping file with unknown language: code_review/cloned_repos/yantra-frontend/src/components/utils/tag_suggestions.tsx
2024-09-17 17:05:35,397 - code_review.logger - INFO - Skipping file with unknown language: code_review/cloned_repos/yantra-frontend/src/components/utils/tag_suggestions.tsx
2024-09-17 17:05:35,397 - code_review.logger - INFO - Skipping file with unknown language: code_review/cloned_repos/yantra-frontend/src/components/utils/new_cover.tsx
2024-09-17 17:05:35,397 - code_review.logger - INFO - Skipping file with unknown language: code_review/cloned_repos/yantra-frontend/src/components/utils/new_cover.tsx
2024-09-17 17:05:35,397 - code_review.logger - INFO - Skipping file with unknown language: code_review/cloned_repos/yantra-frontend/src/components/utils/new_cover.tsx
2024-09-17 17:05:35,397 - code_review.logger - INFO - Skipping file with unknown language: code_review/cloned_repos/yantra-frontend/src/components/utils/edit_tags.tsx
2024-09-17 17:05:35,397 - code_review.logger - INFO - Skipping file with unknown language: code_review/cloned_repos/yantra-frontend/src/components/utils/edit_tags.tsx
2024-09-17 17:05:35,397 - code_review.logger - INFO - Skipping file with unknown language: code_review/cloned_repos/yantra-frontend/src/components/utils/edit_tags.tsx
2024-09-17 17:05:35,397 - code_review.logger - INFO - Skipping file with unknown language: code_review/cloned_repos/yantra-frontend/src/components/utils/edit_links.tsx
2024-09-17 17:05:35,397 - code_review.logger - INFO - Skipping file with unknown language: code_review/cloned_repos/yantra-frontend/src/components/utils/edit_links.tsx
2024-09-17 17:05:35,397 - code_review.logger - INFO - Skipping file with unknown language: code_review/cloned_repos/yantra-frontend/src/components/utils/edit_links.tsx
2024-09-17 17:05:35,397 - code_review.logger - INFO - Skipping file with unknown language: code_review/cloned_repos/yantra-frontend/src/components/common/loader.tsx
2024-09-17 17:05:35,397 - code_review.logger - INFO - Skipping file with unknown language: code_review/cloned_repos/yantra-frontend/src/components/common/loader.tsx
2024-09-17 17:05:35,397 - code_review.logger - INFO - Skipping file with unknown language: code_review/cloned_repos/yantra-frontend/src/components/common/loader.tsx
2024-09-17 17:05:35,397 - code_review.logger - INFO - Skipping file with unknown language: code_review/cloned_repos/yantra-frontend/src/components/common/strong_pass_info.tsx
2024-09-17 17:05:35,397 - code_review.logger - INFO - Skipping file with unknown language: code_review/cloned_repos/yantra-frontend/src/components/common/strong_pass_info.tsx
2024-09-17 17:05:35,397 - code_review.logger - INFO - Skipping file with unknown language: code_review/cloned_repos/yantra-frontend/src/components/common/strong_pass_info.tsx
2024-09-17 17:05:35,398 - code_review.logger - INFO - Skipping file with unknown language: code_review/cloned_repos/yantra-frontend/src/components/common/confirm_delete.tsx
2024-09-17 17:05:35,398 - code_review.logger - INFO - Skipping file with unknown language: code_review/cloned_repos/yantra-frontend/src/components/common/confirm_delete.tsx
2024-09-17 17:05:35,398 - code_review.logger - INFO - Skipping file with unknown language: code_review/cloned_repos/yantra-frontend/src/components/common/confirm_delete.tsx
2024-09-17 17:05:35,398 - code_review.logger - INFO - Skipping file with unknown language: code_review/cloned_repos/yantra-frontend/src/components/common/user_hover_card.tsx
2024-09-17 17:05:35,398 - code_review.logger - INFO - Skipping file with unknown language: code_review/cloned_repos/yantra-frontend/src/components/common/user_hover_card.tsx
2024-09-17 17:05:35,398 - code_review.logger - INFO - Skipping file with unknown language: code_review/cloned_repos/yantra-frontend/src/components/common/user_hover_card.tsx
2024-09-17 17:05:35,398 - code_review.logger - INFO - Skipping file with unknown language: code_review/cloned_repos/yantra-frontend/src/components/common/follow_btn.tsx
2024-09-17 17:05:35,398 - code_review.logger - INFO - Skipping file with unknown language: code_review/cloned_repos/yantra-frontend/src/components/common/follow_btn.tsx
2024-09-17 17:05:35,398 - code_review.logger - INFO - Skipping file with unknown language: code_review/cloned_repos/yantra-frontend/src/components/common/follow_btn.tsx
2024-09-17 17:05:35,398 - code_review.logger - INFO - Skipping file with unknown language: code_review/cloned_repos/yantra-frontend/src/components/common/Background/index.tsx
2024-09-17 17:05:35,398 - code_review.logger - INFO - Skipping file with unknown language: code_review/cloned_repos/yantra-frontend/src/components/common/Background/index.tsx
2024-09-17 17:05:35,398 - code_review.logger - INFO - Skipping file with unknown language: code_review/cloned_repos/yantra-frontend/src/components/common/Background/index.tsx
2024-09-17 17:05:35,398 - code_review.logger - INFO - Skipping file with unknown language: code_review/cloned_repos/yantra-frontend/src/components/common/Resource/ResourceBucket.tsx
2024-09-17 17:05:35,398 - code_review.logger - INFO - Skipping file with unknown language: code_review/cloned_repos/yantra-frontend/src/components/common/Resource/ResourceBucket.tsx
2024-09-17 17:05:35,398 - code_review.logger - INFO - Skipping file with unknown language: code_review/cloned_repos/yantra-frontend/src/components/common/Resource/ResourceBucket.tsx
2024-09-17 17:05:35,398 - code_review.logger - INFO - Skipping file with unknown language: code_review/cloned_repos/yantra-frontend/src/components/common/Resource/NewResourceFile.tsx
2024-09-17 17:05:35,398 - code_review.logger - INFO - Skipping file with unknown language: code_review/cloned_repos/yantra-frontend/src/components/common/Resource/NewResourceFile.tsx
2024-09-17 17:05:35,398 - code_review.logger - INFO - Skipping file with unknown language: code_review/cloned_repos/yantra-frontend/src/components/common/Resource/NewResourceFile.tsx
2024-09-17 17:05:35,398 - code_review.logger - INFO - Skipping file with unknown language: code_review/cloned_repos/yantra-frontend/src/components/common/Resource/NewResource.tsx
2024-09-17 17:05:35,398 - code_review.logger - INFO - Skipping file with unknown language: code_review/cloned_repos/yantra-frontend/src/components/common/Resource/NewResource.tsx
2024-09-17 17:05:35,398 - code_review.logger - INFO - Skipping file with unknown language: code_review/cloned_repos/yantra-frontend/src/components/common/Resource/NewResource.tsx
2024-09-17 17:05:35,398 - code_review.logger - INFO - Skipping file with unknown language: code_review/cloned_repos/yantra-frontend/src/components/common/Resource/ResoureFileView.tsx
2024-09-17 17:05:35,398 - code_review.logger - INFO - Skipping file with unknown language: code_review/cloned_repos/yantra-frontend/src/components/common/Resource/ResoureFileView.tsx
2024-09-17 17:05:35,398 - code_review.logger - INFO - Skipping file with unknown language: code_review/cloned_repos/yantra-frontend/src/components/common/Resource/ResoureFileView.tsx
2024-09-17 17:05:35,398 - code_review.logger - INFO - Skipping file with unknown language: code_review/cloned_repos/yantra-frontend/src/components/common/Resource/ResourceView.tsx
2024-09-17 17:05:35,398 - code_review.logger - INFO - Skipping file with unknown language: code_review/cloned_repos/yantra-frontend/src/components/common/Resource/ResourceView.tsx
2024-09-17 17:05:35,398 - code_review.logger - INFO - Skipping file with unknown language: code_review/cloned_repos/yantra-frontend/src/components/common/Resource/ResourceView.tsx
2024-09-17 17:05:35,398 - code_review.logger - INFO - Skipping file with unknown language: code_review/cloned_repos/yantra-frontend/src/components/feed/announcement_card.tsx
2024-09-17 17:05:35,398 - code_review.logger - INFO - Skipping file with unknown language: code_review/cloned_repos/yantra-frontend/src/components/feed/announcement_card.tsx
2024-09-17 17:05:35,398 - code_review.logger - INFO - Skipping file with unknown language: code_review/cloned_repos/yantra-frontend/src/components/feed/announcement_card.tsx
2024-09-17 17:05:35,398 - code_review.logger - INFO - Skipping file with unknown language: code_review/cloned_repos/yantra-frontend/src/components/feed/poll_card.tsx
2024-09-17 17:05:35,398 - code_review.logger - INFO - Skipping file with unknown language: code_review/cloned_repos/yantra-frontend/src/components/feed/poll_card.tsx
2024-09-17 17:05:35,398 - code_review.logger - INFO - Skipping file with unknown language: code_review/cloned_repos/yantra-frontend/src/components/feed/poll_card.tsx
2024-09-17 17:05:35,398 - code_review.logger - INFO - Skipping file with unknown language: code_review/cloned_repos/yantra-frontend/src/components/feed/poll_option.tsx
2024-09-17 17:05:35,398 - code_review.logger - INFO - Skipping file with unknown language: code_review/cloned_repos/yantra-frontend/src/components/feed/poll_option.tsx
2024-09-17 17:05:35,398 - code_review.logger - INFO - Skipping file with unknown language: code_review/cloned_repos/yantra-frontend/src/components/feed/poll_option.tsx
2024-09-17 17:05:35,398 - code_review.logger - INFO - Skipping file with unknown language: code_review/cloned_repos/yantra-frontend/src/components/messaging/message_group.tsx
2024-09-17 17:05:35,398 - code_review.logger - INFO - Skipping file with unknown language: code_review/cloned_repos/yantra-frontend/src/components/messaging/message_group.tsx
2024-09-17 17:05:35,398 - code_review.logger - INFO - Skipping file with unknown language: code_review/cloned_repos/yantra-frontend/src/components/messaging/message_group.tsx
2024-09-17 17:05:35,398 - code_review.logger - INFO - Skipping file with unknown language: code_review/cloned_repos/yantra-frontend/src/components/messaging/GroupChat.tsx
2024-09-17 17:05:35,398 - code_review.logger - INFO - Skipping file with unknown language: code_review/cloned_repos/yantra-frontend/src/components/messaging/GroupChat.tsx
2024-09-17 17:05:35,398 - code_review.logger - INFO - Skipping file with unknown language: code_review/cloned_repos/yantra-frontend/src/components/messaging/GroupChat.tsx
2024-09-17 17:05:35,398 - code_review.logger - INFO - Skipping file with unknown language: code_review/cloned_repos/yantra-frontend/src/components/messaging/regular_message.tsx
2024-09-17 17:05:35,398 - code_review.logger - INFO - Skipping file with unknown language: code_review/cloned_repos/yantra-frontend/src/components/messaging/regular_message.tsx
2024-09-17 17:05:35,398 - code_review.logger - INFO - Skipping file with unknown language: code_review/cloned_repos/yantra-frontend/src/components/messaging/regular_message.tsx
2024-09-17 17:05:35,398 - code_review.logger - INFO - Skipping file with unknown language: code_review/cloned_repos/yantra-frontend/src/components/messaging/group_chat_textarea.tsx
2024-09-17 17:05:35,398 - code_review.logger - INFO - Skipping file with unknown language: code_review/cloned_repos/yantra-frontend/src/components/messaging/group_chat_textarea.tsx
2024-09-17 17:05:35,398 - code_review.logger - INFO - Skipping file with unknown language: code_review/cloned_repos/yantra-frontend/src/components/messaging/group_chat_textarea.tsx
2024-09-17 17:05:35,399 - code_review.logger - INFO - Skipping file with unknown language: code_review/cloned_repos/yantra-frontend/src/components/messaging/group_header.tsx
2024-09-17 17:05:35,399 - code_review.logger - INFO - Skipping file with unknown language: code_review/cloned_repos/yantra-frontend/src/components/messaging/group_header.tsx
2024-09-17 17:05:35,399 - code_review.logger - INFO - Skipping file with unknown language: code_review/cloned_repos/yantra-frontend/src/components/messaging/group_header.tsx
2024-09-17 17:05:35,399 - code_review.logger - INFO - Skipping file with unknown language: code_review/cloned_repos/yantra-frontend/src/components/loaders/posts.tsx
2024-09-17 17:05:35,399 - code_review.logger - INFO - Skipping file with unknown language: code_review/cloned_repos/yantra-frontend/src/components/loaders/posts.tsx
2024-09-17 17:05:35,399 - code_review.logger - INFO - Skipping file with unknown language: code_review/cloned_repos/yantra-frontend/src/components/loaders/posts.tsx
2024-09-17 17:05:35,399 - code_review.logger - INFO - Skipping file with unknown language: code_review/cloned_repos/yantra-frontend/src/components/Header/navModal.tsx
2024-09-17 17:05:35,399 - code_review.logger - INFO - Skipping file with unknown language: code_review/cloned_repos/yantra-frontend/src/components/Header/navModal.tsx
2024-09-17 17:05:35,399 - code_review.logger - INFO - Skipping file with unknown language: code_review/cloned_repos/yantra-frontend/src/components/Header/navModal.tsx
2024-09-17 17:05:35,399 - code_review.logger - INFO - Skipping file with unknown language: code_review/cloned_repos/yantra-frontend/src/components/Header/index.tsx
2024-09-17 17:05:35,399 - code_review.logger - INFO - Skipping file with unknown language: code_review/cloned_repos/yantra-frontend/src/components/Header/index.tsx
2024-09-17 17:05:35,399 - code_review.logger - INFO - Skipping file with unknown language: code_review/cloned_repos/yantra-frontend/src/components/Header/index.tsx
2024-09-17 17:05:35,399 - code_review.logger - INFO - Skipping file with unknown language: code_review/cloned_repos/yantra-frontend/src/components/Header/profile_dropdown.tsx
2024-09-17 17:05:35,399 - code_review.logger - INFO - Skipping file with unknown language: code_review/cloned_repos/yantra-frontend/src/components/Header/profile_dropdown.tsx
2024-09-17 17:05:35,399 - code_review.logger - INFO - Skipping file with unknown language: code_review/cloned_repos/yantra-frontend/src/components/Header/profile_dropdown.tsx
2024-09-17 17:05:35,400 - code_review.logger - INFO - Skipping file with unknown language: code_review/cloned_repos/yantra-frontend/src/components/Header/Dropdown.tsx
2024-09-17 17:05:35,400 - code_review.logger - INFO - Skipping file with unknown language: code_review/cloned_repos/yantra-frontend/src/components/Header/Dropdown.tsx
2024-09-17 17:05:35,400 - code_review.logger - INFO - Skipping file with unknown language: code_review/cloned_repos/yantra-frontend/src/components/Header/Dropdown.tsx
2024-09-17 17:05:35,400 - code_review.logger - INFO - Skipping file with unknown language: code_review/cloned_repos/yantra-frontend/src/components/onboarding/dummy_user_card.tsx
2024-09-17 17:05:35,400 - code_review.logger - INFO - Skipping file with unknown language: code_review/cloned_repos/yantra-frontend/src/components/onboarding/dummy_user_card.tsx
2024-09-17 17:05:35,400 - code_review.logger - INFO - Skipping file with unknown language: code_review/cloned_repos/yantra-frontend/src/components/onboarding/dummy_user_card.tsx
2024-09-17 17:05:35,400 - code_review.logger - INFO - Skipping file with unknown language: code_review/cloned_repos/yantra-frontend/src/components/onboarding/user_card.tsx
2024-09-17 17:05:35,400 - code_review.logger - INFO - Skipping file with unknown language: code_review/cloned_repos/yantra-frontend/src/components/onboarding/user_card.tsx
2024-09-17 17:05:35,400 - code_review.logger - INFO - Skipping file with unknown language: code_review/cloned_repos/yantra-frontend/src/components/onboarding/user_card.tsx
2024-09-17 17:05:35,400 - code_review.logger - INFO - Skipping file with unknown language: code_review/cloned_repos/yantra-frontend/src/components/onboarding/progress_bar.tsx
2024-09-17 17:05:35,400 - code_review.logger - INFO - Skipping file with unknown language: code_review/cloned_repos/yantra-frontend/src/components/onboarding/progress_bar.tsx
2024-09-17 17:05:35,400 - code_review.logger - INFO - Skipping file with unknown language: code_review/cloned_repos/yantra-frontend/src/components/onboarding/progress_bar.tsx
2024-09-17 17:05:35,401 - code_review.logger - INFO - Skipping file with unknown language: code_review/cloned_repos/yantra-frontend/src/pages/index.tsx
2024-09-17 17:05:35,401 - code_review.logger - INFO - Skipping file with unknown language: code_review/cloned_repos/yantra-frontend/src/pages/index.tsx
2024-09-17 17:05:35,401 - code_review.logger - INFO - Skipping file with unknown language: code_review/cloned_repos/yantra-frontend/src/pages/index.tsx
2024-09-17 17:05:35,401 - code_review.logger - INFO - Skipping file with unknown language: code_review/cloned_repos/yantra-frontend/src/pages/verification.tsx
2024-09-17 17:05:35,401 - code_review.logger - INFO - Skipping file with unknown language: code_review/cloned_repos/yantra-frontend/src/pages/verification.tsx
2024-09-17 17:05:35,401 - code_review.logger - INFO - Skipping file with unknown language: code_review/cloned_repos/yantra-frontend/src/pages/verification.tsx
2024-09-17 17:05:35,402 - code_review.logger - INFO - Skipping file with unknown language: code_review/cloned_repos/yantra-frontend/src/pages/_document.tsx
2024-09-17 17:05:35,402 - code_review.logger - INFO - Skipping file with unknown language: code_review/cloned_repos/yantra-frontend/src/pages/_document.tsx
2024-09-17 17:05:35,402 - code_review.logger - INFO - Skipping file with unknown language: code_review/cloned_repos/yantra-frontend/src/pages/_document.tsx
2024-09-17 17:05:35,402 - code_review.logger - INFO - Skipping file with unknown language: code_review/cloned_repos/yantra-frontend/src/pages/newGroup.tsx
2024-09-17 17:05:35,402 - code_review.logger - INFO - Skipping file with unknown language: code_review/cloned_repos/yantra-frontend/src/pages/newGroup.tsx
2024-09-17 17:05:35,402 - code_review.logger - INFO - Skipping file with unknown language: code_review/cloned_repos/yantra-frontend/src/pages/newGroup.tsx
2024-09-17 17:05:35,402 - code_review.logger - INFO - Skipping file with unknown language: code_review/cloned_repos/yantra-frontend/src/pages/mod_onboarding.tsx
2024-09-17 17:05:35,402 - code_review.logger - INFO - Skipping file with unknown language: code_review/cloned_repos/yantra-frontend/src/pages/mod_onboarding.tsx
2024-09-17 17:05:35,402 - code_review.logger - INFO - Skipping file with unknown language: code_review/cloned_repos/yantra-frontend/src/pages/mod_onboarding.tsx
2024-09-17 17:05:35,402 - code_review.logger - INFO - Skipping file with unknown language: code_review/cloned_repos/yantra-frontend/src/pages/user_onboarding.tsx
2024-09-17 17:05:35,402 - code_review.logger - INFO - Skipping file with unknown language: code_review/cloned_repos/yantra-frontend/src/pages/user_onboarding.tsx
2024-09-17 17:05:35,402 - code_review.logger - INFO - Skipping file with unknown language: code_review/cloned_repos/yantra-frontend/src/pages/user_onboarding.tsx
2024-09-17 17:05:35,402 - code_review.logger - INFO - Skipping file with unknown language: code_review/cloned_repos/yantra-frontend/src/pages/_app.tsx
2024-09-17 17:05:35,402 - code_review.logger - INFO - Skipping file with unknown language: code_review/cloned_repos/yantra-frontend/src/pages/_app.tsx
2024-09-17 17:05:35,402 - code_review.logger - INFO - Skipping file with unknown language: code_review/cloned_repos/yantra-frontend/src/pages/_app.tsx
2024-09-17 17:05:35,402 - code_review.logger - INFO - Skipping file with unknown language: code_review/cloned_repos/yantra-frontend/src/pages/journal/index.tsx
2024-09-17 17:05:35,402 - code_review.logger - INFO - Skipping file with unknown language: code_review/cloned_repos/yantra-frontend/src/pages/journal/index.tsx
2024-09-17 17:05:35,402 - code_review.logger - INFO - Skipping file with unknown language: code_review/cloned_repos/yantra-frontend/src/pages/journal/index.tsx
2024-09-17 17:05:35,402 - code_review.logger - INFO - Skipping file with unknown language: code_review/cloned_repos/yantra-frontend/src/pages/home/index.tsx
2024-09-17 17:05:35,402 - code_review.logger - INFO - Skipping file with unknown language: code_review/cloned_repos/yantra-frontend/src/pages/home/index.tsx
2024-09-17 17:05:35,402 - code_review.logger - INFO - Skipping file with unknown language: code_review/cloned_repos/yantra-frontend/src/pages/home/index.tsx
2024-09-17 17:05:35,402 - code_review.logger - INFO - Skipping file with unknown language: code_review/cloned_repos/yantra-frontend/src/pages/group/index.tsx
2024-09-17 17:05:35,402 - code_review.logger - INFO - Skipping file with unknown language: code_review/cloned_repos/yantra-frontend/src/pages/group/index.tsx
2024-09-17 17:05:35,402 - code_review.logger - INFO - Skipping file with unknown language: code_review/cloned_repos/yantra-frontend/src/pages/group/index.tsx
2024-09-17 17:05:35,402 - code_review.logger - INFO - Skipping file with unknown language: code_review/cloned_repos/yantra-frontend/src/pages/signup/index.tsx
2024-09-17 17:05:35,402 - code_review.logger - INFO - Skipping file with unknown language: code_review/cloned_repos/yantra-frontend/src/pages/signup/index.tsx
2024-09-17 17:05:35,402 - code_review.logger - INFO - Skipping file with unknown language: code_review/cloned_repos/yantra-frontend/src/pages/signup/index.tsx
2024-09-17 17:05:35,402 - code_review.logger - INFO - Skipping file with unknown language: code_review/cloned_repos/yantra-frontend/src/pages/signup/callback.tsx
2024-09-17 17:05:35,402 - code_review.logger - INFO - Skipping file with unknown language: code_review/cloned_repos/yantra-frontend/src/pages/signup/callback.tsx
2024-09-17 17:05:35,402 - code_review.logger - INFO - Skipping file with unknown language: code_review/cloned_repos/yantra-frontend/src/pages/signup/callback.tsx
2024-09-17 17:05:35,402 - code_review.logger - INFO - Skipping file with unknown language: code_review/cloned_repos/yantra-frontend/src/pages/resources/index.tsx
2024-09-17 17:05:35,402 - code_review.logger - INFO - Skipping file with unknown language: code_review/cloned_repos/yantra-frontend/src/pages/resources/index.tsx
2024-09-17 17:05:35,402 - code_review.logger - INFO - Skipping file with unknown language: code_review/cloned_repos/yantra-frontend/src/pages/resources/index.tsx
2024-09-17 17:05:35,402 - code_review.logger - INFO - Skipping file with unknown language: code_review/cloned_repos/yantra-frontend/src/pages/resources/[id].tsx
2024-09-17 17:05:35,402 - code_review.logger - INFO - Skipping file with unknown language: code_review/cloned_repos/yantra-frontend/src/pages/resources/[id].tsx
2024-09-17 17:05:35,402 - code_review.logger - INFO - Skipping file with unknown language: code_review/cloned_repos/yantra-frontend/src/pages/resources/[id].tsx
2024-09-17 17:05:35,402 - code_review.logger - INFO - Skipping file with unknown language: code_review/cloned_repos/yantra-frontend/src/pages/profile/index.tsx
2024-09-17 17:05:35,402 - code_review.logger - INFO - Skipping file with unknown language: code_review/cloned_repos/yantra-frontend/src/pages/profile/index.tsx
2024-09-17 17:05:35,402 - code_review.logger - INFO - Skipping file with unknown language: code_review/cloned_repos/yantra-frontend/src/pages/profile/index.tsx
2024-09-17 17:05:35,403 - code_review.logger - INFO - Skipping file with unknown language: code_review/cloned_repos/yantra-frontend/src/pages/events/index.tsx
2024-09-17 17:05:35,403 - code_review.logger - INFO - Skipping file with unknown language: code_review/cloned_repos/yantra-frontend/src/pages/events/index.tsx
2024-09-17 17:05:35,403 - code_review.logger - INFO - Skipping file with unknown language: code_review/cloned_repos/yantra-frontend/src/pages/events/index.tsx
2024-09-17 17:05:35,403 - code_review.logger - INFO - Skipping file with unknown language: code_review/cloned_repos/yantra-frontend/src/pages/events/[id].tsx
2024-09-17 17:05:35,403 - code_review.logger - INFO - Skipping file with unknown language: code_review/cloned_repos/yantra-frontend/src/pages/events/[id].tsx
2024-09-17 17:05:35,403 - code_review.logger - INFO - Skipping file with unknown language: code_review/cloned_repos/yantra-frontend/src/pages/events/[id].tsx
2024-09-17 17:05:35,403 - code_review.logger - INFO - Skipping file with unknown language: code_review/cloned_repos/yantra-frontend/src/pages/events/meet/[token].tsx
2024-09-17 17:05:35,403 - code_review.logger - INFO - Skipping file with unknown language: code_review/cloned_repos/yantra-frontend/src/pages/events/meet/[token].tsx
2024-09-17 17:05:35,403 - code_review.logger - INFO - Skipping file with unknown language: code_review/cloned_repos/yantra-frontend/src/pages/events/meet/[token].tsx
2024-09-17 17:05:35,403 - code_review.logger - INFO - Skipping file with unknown language: code_review/cloned_repos/yantra-frontend/src/pages/login/index.tsx
2024-09-17 17:05:35,403 - code_review.logger - INFO - Skipping file with unknown language: code_review/cloned_repos/yantra-frontend/src/pages/login/index.tsx
2024-09-17 17:05:35,403 - code_review.logger - INFO - Skipping file with unknown language: code_review/cloned_repos/yantra-frontend/src/pages/login/index.tsx
2024-09-17 17:05:35,403 - code_review.logger - INFO - Skipping file with unknown language: code_review/cloned_repos/yantra-frontend/src/pages/login/callback.tsx
2024-09-17 17:05:35,403 - code_review.logger - INFO - Skipping file with unknown language: code_review/cloned_repos/yantra-frontend/src/pages/login/callback.tsx
2024-09-17 17:05:35,403 - code_review.logger - INFO - Skipping file with unknown language: code_review/cloned_repos/yantra-frontend/src/pages/login/callback.tsx
2024-09-17 17:05:35,415 - code_review.logger - INFO - Skipping file with unknown language: code_review/cloned_repos/wordy/.prettierrc
2024-09-17 17:05:35,415 - code_review.logger - INFO - Skipping file with unknown language: code_review/cloned_repos/wordy/.prettierrc
2024-09-17 17:05:35,415 - code_review.logger - INFO - Skipping file with unknown language: code_review/cloned_repos/wordy/.prettierrc
2024-09-17 17:05:35,416 - code_review.logger - INFO - Skipping file with unknown language: code_review/cloned_repos/wordy/docker-compose.yml
2024-09-17 17:05:35,416 - code_review.logger - INFO - Skipping file with unknown language: code_review/cloned_repos/wordy/docker-compose.yml
2024-09-17 17:05:35,416 - code_review.logger - INFO - Skipping file with unknown language: code_review/cloned_repos/wordy/docker-compose.yml
2024-09-17 17:05:35,416 - code_review.logger - INFO - Skipping file with unknown language: code_review/cloned_repos/wordy/chunk_data/.._code_review_cloned_repos_wordy_tsconfig.json_chunks.txt
2024-09-17 17:05:35,416 - code_review.logger - INFO - Skipping file with unknown language: code_review/cloned_repos/wordy/chunk_data/.._code_review_cloned_repos_wordy_tsconfig.json_chunks.txt
2024-09-17 17:05:35,416 - code_review.logger - INFO - Skipping file with unknown language: code_review/cloned_repos/wordy/chunk_data/.._code_review_cloned_repos_wordy_tsconfig.json_chunks.txt
2024-09-17 17:05:35,416 - code_review.logger - INFO - Skipping file with unknown language: code_review/cloned_repos/wordy/chunk_data/.._code_review_cloned_repos_wordy_next.config.js_chunks.txt
2024-09-17 17:05:35,416 - code_review.logger - INFO - Skipping file with unknown language: code_review/cloned_repos/wordy/chunk_data/.._code_review_cloned_repos_wordy_next.config.js_chunks.txt
2024-09-17 17:05:35,416 - code_review.logger - INFO - Skipping file with unknown language: code_review/cloned_repos/wordy/chunk_data/.._code_review_cloned_repos_wordy_next.config.js_chunks.txt
2024-09-17 17:05:35,416 - code_review.logger - INFO - Skipping file with unknown language: code_review/cloned_repos/wordy/chunk_data/.._code_review_cloned_repos_wordy_.eslintrc.json_chunks.txt
2024-09-17 17:05:35,416 - code_review.logger - INFO - Skipping file with unknown language: code_review/cloned_repos/wordy/chunk_data/.._code_review_cloned_repos_wordy_.eslintrc.json_chunks.txt
2024-09-17 17:05:35,416 - code_review.logger - INFO - Skipping file with unknown language: code_review/cloned_repos/wordy/chunk_data/.._code_review_cloned_repos_wordy_.eslintrc.json_chunks.txt
2024-09-17 17:05:35,416 - code_review.logger - INFO - Skipping file with unknown language: code_review/cloned_repos/wordy/chunk_data/.._code_review_cloned_repos_wordy_package-lock.json_chunks.txt
2024-09-17 17:05:35,416 - code_review.logger - INFO - Skipping file with unknown language: code_review/cloned_repos/wordy/chunk_data/.._code_review_cloned_repos_wordy_package-lock.json_chunks.txt
2024-09-17 17:05:35,416 - code_review.logger - INFO - Skipping file with unknown language: code_review/cloned_repos/wordy/chunk_data/.._code_review_cloned_repos_wordy_package-lock.json_chunks.txt
2024-09-17 17:05:35,416 - code_review.logger - INFO - Skipping file with unknown language: code_review/cloned_repos/wordy/chunk_data/.._code_review_cloned_repos_wordy_README.md_chunks.txt
2024-09-17 17:05:35,416 - code_review.logger - INFO - Skipping file with unknown language: code_review/cloned_repos/wordy/chunk_data/.._code_review_cloned_repos_wordy_README.md_chunks.txt
2024-09-17 17:05:35,416 - code_review.logger - INFO - Skipping file with unknown language: code_review/cloned_repos/wordy/chunk_data/.._code_review_cloned_repos_wordy_README.md_chunks.txt
2024-09-17 17:05:35,416 - code_review.logger - INFO - Skipping file with unknown language: code_review/cloned_repos/wordy/chunk_data/.._code_review_cloned_repos_wordy_package.json_chunks.txt
2024-09-17 17:05:35,416 - code_review.logger - INFO - Skipping file with unknown language: code_review/cloned_repos/wordy/chunk_data/.._code_review_cloned_repos_wordy_package.json_chunks.txt
2024-09-17 17:05:35,416 - code_review.logger - INFO - Skipping file with unknown language: code_review/cloned_repos/wordy/chunk_data/.._code_review_cloned_repos_wordy_package.json_chunks.txt
2024-09-17 17:05:35,416 - code_review.logger - INFO - Skipping file with unknown language: code_review/cloned_repos/wordy/public/favicon.ico
2024-09-17 17:05:35,416 - code_review.logger - INFO - Skipping file with unknown language: code_review/cloned_repos/wordy/public/favicon.ico
2024-09-17 17:05:35,416 - code_review.logger - INFO - Skipping file with unknown language: code_review/cloned_repos/wordy/public/favicon.ico
2024-09-17 17:05:35,416 - code_review.logger - INFO - Skipping file with unknown language: code_review/cloned_repos/wordy/public/thirteen.svg
2024-09-17 17:05:35,416 - code_review.logger - INFO - Skipping file with unknown language: code_review/cloned_repos/wordy/public/thirteen.svg
2024-09-17 17:05:35,416 - code_review.logger - INFO - Skipping file with unknown language: code_review/cloned_repos/wordy/public/thirteen.svg
2024-09-17 17:05:35,416 - code_review.logger - INFO - Skipping file with unknown language: code_review/cloned_repos/wordy/public/vercel.svg
2024-09-17 17:05:35,416 - code_review.logger - INFO - Skipping file with unknown language: code_review/cloned_repos/wordy/public/vercel.svg
2024-09-17 17:05:35,416 - code_review.logger - INFO - Skipping file with unknown language: code_review/cloned_repos/wordy/public/vercel.svg
2024-09-17 17:05:35,416 - code_review.logger - INFO - Skipping file with unknown language: code_review/cloned_repos/wordy/public/next.svg
2024-09-17 17:05:35,416 - code_review.logger - INFO - Skipping file with unknown language: code_review/cloned_repos/wordy/public/next.svg
2024-09-17 17:05:35,416 - code_review.logger - INFO - Skipping file with unknown language: code_review/cloned_repos/wordy/public/next.svg
2024-09-17 17:05:35,422 - code_review.logger - INFO - Skipping file with unknown language: code_review/cloned_repos/wordy/src/components/navbar.tsx
2024-09-17 17:05:35,422 - code_review.logger - INFO - Skipping file with unknown language: code_review/cloned_repos/wordy/src/components/navbar.tsx
2024-09-17 17:05:35,422 - code_review.logger - INFO - Skipping file with unknown language: code_review/cloned_repos/wordy/src/components/navbar.tsx
2024-09-17 17:05:35,422 - code_review.logger - INFO - Skipping file with unknown language: code_review/cloned_repos/wordy/src/components/flashcard.tsx
2024-09-17 17:05:35,422 - code_review.logger - INFO - Skipping file with unknown language: code_review/cloned_repos/wordy/src/components/flashcard.tsx
2024-09-17 17:05:35,422 - code_review.logger - INFO - Skipping file with unknown language: code_review/cloned_repos/wordy/src/components/flashcard.tsx
2024-09-17 17:05:35,422 - code_review.logger - INFO - Skipping file with unknown language: code_review/cloned_repos/wordy/src/components/add_word.tsx
2024-09-17 17:05:35,422 - code_review.logger - INFO - Skipping file with unknown language: code_review/cloned_repos/wordy/src/components/add_word.tsx
2024-09-17 17:05:35,422 - code_review.logger - INFO - Skipping file with unknown language: code_review/cloned_repos/wordy/src/components/add_word.tsx
2024-09-17 17:05:35,422 - code_review.logger - INFO - Skipping file with unknown language: code_review/cloned_repos/wordy/src/components/word.tsx
2024-09-17 17:05:35,422 - code_review.logger - INFO - Skipping file with unknown language: code_review/cloned_repos/wordy/src/components/word.tsx
2024-09-17 17:05:35,422 - code_review.logger - INFO - Skipping file with unknown language: code_review/cloned_repos/wordy/src/components/word.tsx
2024-09-17 17:05:35,422 - code_review.logger - INFO - Skipping file with unknown language: code_review/cloned_repos/wordy/src/components/quiz_results.tsx
2024-09-17 17:05:35,422 - code_review.logger - INFO - Skipping file with unknown language: code_review/cloned_repos/wordy/src/components/quiz_results.tsx
2024-09-17 17:05:35,422 - code_review.logger - INFO - Skipping file with unknown language: code_review/cloned_repos/wordy/src/components/quiz_results.tsx
2024-09-17 17:05:35,422 - code_review.logger - INFO - Skipping file with unknown language: code_review/cloned_repos/wordy/src/components/quiz.tsx
2024-09-17 17:05:35,422 - code_review.logger - INFO - Skipping file with unknown language: code_review/cloned_repos/wordy/src/components/quiz.tsx
2024-09-17 17:05:35,422 - code_review.logger - INFO - Skipping file with unknown language: code_review/cloned_repos/wordy/src/components/quiz.tsx
2024-09-17 17:05:35,422 - code_review.logger - INFO - Skipping file with unknown language: code_review/cloned_repos/wordy/src/components/add_words_bulk.tsx
2024-09-17 17:05:35,422 - code_review.logger - INFO - Skipping file with unknown language: code_review/cloned_repos/wordy/src/components/add_words_bulk.tsx
2024-09-17 17:05:35,422 - code_review.logger - INFO - Skipping file with unknown language: code_review/cloned_repos/wordy/src/components/add_words_bulk.tsx
2024-09-17 17:05:35,422 - code_review.logger - INFO - Skipping file with unknown language: code_review/cloned_repos/wordy/src/pages/index.tsx
2024-09-17 17:05:35,422 - code_review.logger - INFO - Skipping file with unknown language: code_review/cloned_repos/wordy/src/pages/index.tsx
2024-09-17 17:05:35,422 - code_review.logger - INFO - Skipping file with unknown language: code_review/cloned_repos/wordy/src/pages/index.tsx
2024-09-17 17:05:35,422 - code_review.logger - INFO - Skipping file with unknown language: code_review/cloned_repos/wordy/src/pages/flashcards.tsx
2024-09-17 17:05:35,422 - code_review.logger - INFO - Skipping file with unknown language: code_review/cloned_repos/wordy/src/pages/flashcards.tsx
2024-09-17 17:05:35,422 - code_review.logger - INFO - Skipping file with unknown language: code_review/cloned_repos/wordy/src/pages/flashcards.tsx
2024-09-17 17:05:35,422 - code_review.logger - INFO - Skipping file with unknown language: code_review/cloned_repos/wordy/src/pages/scores.tsx
2024-09-17 17:05:35,422 - code_review.logger - INFO - Skipping file with unknown language: code_review/cloned_repos/wordy/src/pages/scores.tsx
2024-09-17 17:05:35,422 - code_review.logger - INFO - Skipping file with unknown language: code_review/cloned_repos/wordy/src/pages/scores.tsx
2024-09-17 17:05:35,422 - code_review.logger - INFO - Skipping file with unknown language: code_review/cloned_repos/wordy/src/pages/_document.tsx
2024-09-17 17:05:35,422 - code_review.logger - INFO - Skipping file with unknown language: code_review/cloned_repos/wordy/src/pages/_document.tsx
2024-09-17 17:05:35,422 - code_review.logger - INFO - Skipping file with unknown language: code_review/cloned_repos/wordy/src/pages/_document.tsx
2024-09-17 17:05:35,422 - code_review.logger - INFO - Skipping file with unknown language: code_review/cloned_repos/wordy/src/pages/words.tsx
2024-09-17 17:05:35,422 - code_review.logger - INFO - Skipping file with unknown language: code_review/cloned_repos/wordy/src/pages/words.tsx
2024-09-17 17:05:35,422 - code_review.logger - INFO - Skipping file with unknown language: code_review/cloned_repos/wordy/src/pages/words.tsx
2024-09-17 17:05:35,422 - code_review.logger - INFO - Skipping file with unknown language: code_review/cloned_repos/wordy/src/pages/quiz.tsx
2024-09-17 17:05:35,422 - code_review.logger - INFO - Skipping file with unknown language: code_review/cloned_repos/wordy/src/pages/quiz.tsx
2024-09-17 17:05:35,422 - code_review.logger - INFO - Skipping file with unknown language: code_review/cloned_repos/wordy/src/pages/quiz.tsx
2024-09-17 17:05:35,422 - code_review.logger - INFO - Skipping file with unknown language: code_review/cloned_repos/wordy/src/pages/_app.tsx
2024-09-17 17:05:35,422 - code_review.logger - INFO - Skipping file with unknown language: code_review/cloned_repos/wordy/src/pages/_app.tsx
2024-09-17 17:05:35,422 - code_review.logger - INFO - Skipping file with unknown language: code_review/cloned_repos/wordy/src/pages/_app.tsx
2024-09-17 17:05:43,771 - code_review.logger - INFO - Error processing file code_review/cloned_repos/wordy/chunk_data/.._code_review_cloned_repos_wordy_package-lock.json_chunks.txt: RetryError[<Future at 0x2ee5c7e10 state=finished raised RateLimitError>]
2024-09-17 17:05:43,771 - code_review.logger - INFO - Error processing file code_review/cloned_repos/wordy/chunk_data/.._code_review_cloned_repos_wordy_package-lock.json_chunks.txt: RetryError[<Future at 0x2ee5c7e10 state=finished raised RateLimitError>]
2024-09-17 17:05:43,771 - code_review.logger - INFO - Error processing file code_review/cloned_repos/wordy/chunk_data/.._code_review_cloned_repos_wordy_package-lock.json_chunks.txt: RetryError[<Future at 0x2ee5c7e10 state=finished raised RateLimitError>]
2024-09-17 17:05:44,097 - code_review.logger - INFO - Error processing file code_review/cloned_repos/lyrikplasm_backend/chunk_data/.._code_review_cloned_repos_lyrikplasm_backend_package-lock.json_chunks.txt: RetryError[<Future at 0x2ee5bd490 state=finished raised RateLimitError>]
2024-09-17 17:05:44,097 - code_review.logger - INFO - Error processing file code_review/cloned_repos/lyrikplasm_backend/chunk_data/.._code_review_cloned_repos_lyrikplasm_backend_package-lock.json_chunks.txt: RetryError[<Future at 0x2ee5bd490 state=finished raised RateLimitError>]
2024-09-17 17:05:44,097 - code_review.logger - INFO - Error processing file code_review/cloned_repos/lyrikplasm_backend/chunk_data/.._code_review_cloned_repos_lyrikplasm_backend_package-lock.json_chunks.txt: RetryError[<Future at 0x2ee5bd490 state=finished raised RateLimitError>]
2024-09-17 17:05:50,090 - code_review.logger - INFO - Error processing file code_review/cloned_repos/yantra-frontend/chunk_data/.._code_review_cloned_repos_yantra-frontend_src_config_theme.ts_chunks.txt: RetryError[<Future at 0x2ef5c3510 state=finished raised RateLimitError>]
2024-09-17 17:05:50,090 - code_review.logger - INFO - Error processing file code_review/cloned_repos/yantra-frontend/chunk_data/.._code_review_cloned_repos_yantra-frontend_src_config_theme.ts_chunks.txt: RetryError[<Future at 0x2ef5c3510 state=finished raised RateLimitError>]
2024-09-17 17:05:50,090 - code_review.logger - INFO - Error processing file code_review/cloned_repos/yantra-frontend/chunk_data/.._code_review_cloned_repos_yantra-frontend_src_config_theme.ts_chunks.txt: RetryError[<Future at 0x2ef5c3510 state=finished raised RateLimitError>]
2024-09-17 17:05:51,686 - code_review.logger - INFO - Error processing file code_review/cloned_repos/yantra-frontend/chunk_data/.._code_review_cloned_repos_yantra-frontend_src_config_axios.ts_chunks.txt: RetryError[<Future at 0x2ef5e5bd0 state=finished raised RateLimitError>]
2024-09-17 17:05:51,686 - code_review.logger - INFO - Error processing file code_review/cloned_repos/yantra-frontend/chunk_data/.._code_review_cloned_repos_yantra-frontend_src_config_axios.ts_chunks.txt: RetryError[<Future at 0x2ef5e5bd0 state=finished raised RateLimitError>]
2024-09-17 17:05:51,686 - code_review.logger - INFO - Error processing file code_review/cloned_repos/yantra-frontend/chunk_data/.._code_review_cloned_repos_yantra-frontend_src_config_axios.ts_chunks.txt: RetryError[<Future at 0x2ef5e5bd0 state=finished raised RateLimitError>]
2024-09-17 17:06:54,742 - code_review.logger - INFO - Error processing file code_review/cloned_repos/yantra-frontend/chunk_data/.._code_review_cloned_repos_yantra-frontend_package-lock.json_chunks.txt: RetryError[<Future at 0x3002bcd50 state=finished raised RateLimitError>]
2024-09-17 17:06:54,742 - code_review.logger - INFO - Error processing file code_review/cloned_repos/yantra-frontend/chunk_data/.._code_review_cloned_repos_yantra-frontend_package-lock.json_chunks.txt: RetryError[<Future at 0x3002bcd50 state=finished raised RateLimitError>]
2024-09-17 17:06:54,742 - code_review.logger - INFO - Error processing file code_review/cloned_repos/yantra-frontend/chunk_data/.._code_review_cloned_repos_yantra-frontend_package-lock.json_chunks.txt: RetryError[<Future at 0x3002bcd50 state=finished raised RateLimitError>]
2024-09-17 17:06:55,266 - code_review.logger - INFO - Error processing file code_review/cloned_repos/lyrikplasm_backend/chunk_data/.._code_review_cloned_repos_lyrikplasm_backend_routers_songRouter.js_chunks.txt: RetryError[<Future at 0x30080f0d0 state=finished raised RateLimitError>]
2024-09-17 17:06:55,266 - code_review.logger - INFO - Error processing file code_review/cloned_repos/lyrikplasm_backend/chunk_data/.._code_review_cloned_repos_lyrikplasm_backend_routers_songRouter.js_chunks.txt: RetryError[<Future at 0x30080f0d0 state=finished raised RateLimitError>]
2024-09-17 17:06:55,266 - code_review.logger - INFO - Error processing file code_review/cloned_repos/lyrikplasm_backend/chunk_data/.._code_review_cloned_repos_lyrikplasm_backend_routers_songRouter.js_chunks.txt: RetryError[<Future at 0x30080f0d0 state=finished raised RateLimitError>]
2024-09-17 17:06:59,773 - code_review.logger - INFO - Error processing file code_review/cloned_repos/lyrikplasm_backend/chunk_data/.._code_review_cloned_repos_lyrikplasm_backend_utils_APIFeatures.js_chunks.txt: RetryError[<Future at 0x3002d2050 state=finished raised RateLimitError>]
2024-09-17 17:06:59,773 - code_review.logger - INFO - Error processing file code_review/cloned_repos/lyrikplasm_backend/chunk_data/.._code_review_cloned_repos_lyrikplasm_backend_utils_APIFeatures.js_chunks.txt: RetryError[<Future at 0x3002d2050 state=finished raised RateLimitError>]
2024-09-17 17:06:59,773 - code_review.logger - INFO - Error processing file code_review/cloned_repos/lyrikplasm_backend/chunk_data/.._code_review_cloned_repos_lyrikplasm_backend_utils_APIFeatures.js_chunks.txt: RetryError[<Future at 0x3002d2050 state=finished raised RateLimitError>]
2024-09-17 17:07:01,463 - code_review.logger - INFO - Error processing file code_review/cloned_repos/yantra-frontend/chunk_data/.._code_review_cloned_repos_yantra-frontend_src_slices_feedSlice.ts_chunks.txt: RetryError[<Future at 0x30083cc50 state=finished raised RateLimitError>]
2024-09-17 17:07:01,463 - code_review.logger - INFO - Error processing file code_review/cloned_repos/yantra-frontend/chunk_data/.._code_review_cloned_repos_yantra-frontend_src_slices_feedSlice.ts_chunks.txt: RetryError[<Future at 0x30083cc50 state=finished raised RateLimitError>]
2024-09-17 17:07:01,463 - code_review.logger - INFO - Error processing file code_review/cloned_repos/yantra-frontend/chunk_data/.._code_review_cloned_repos_yantra-frontend_src_slices_feedSlice.ts_chunks.txt: RetryError[<Future at 0x30083cc50 state=finished raised RateLimitError>]
2024-09-17 17:07:05,382 - code_review.logger - INFO - Error processing file code_review/cloned_repos/lyrikplasm_backend/chunk_data/.._code_review_cloned_repos_lyrikplasm_backend_utils_HandlerFactory.js_chunks.txt: RetryError[<Future at 0x3002ac4d0 state=finished raised RateLimitError>]
2024-09-17 17:07:05,382 - code_review.logger - INFO - Error processing file code_review/cloned_repos/lyrikplasm_backend/chunk_data/.._code_review_cloned_repos_lyrikplasm_backend_utils_HandlerFactory.js_chunks.txt: RetryError[<Future at 0x3002ac4d0 state=finished raised RateLimitError>]
2024-09-17 17:07:05,382 - code_review.logger - INFO - Error processing file code_review/cloned_repos/lyrikplasm_backend/chunk_data/.._code_review_cloned_repos_lyrikplasm_backend_utils_HandlerFactory.js_chunks.txt: RetryError[<Future at 0x3002ac4d0 state=finished raised RateLimitError>]
2024-09-17 17:07:12,352 - code_review.logger - INFO - Error processing file code_review/cloned_repos/lyrikplasm_backend/chunk_data/.._code_review_cloned_repos_lyrikplasm_backend_routers_reviewRouter.js_chunks.txt: RetryError[<Future at 0x3008ab690 state=finished raised RateLimitError>]
2024-09-17 17:07:12,352 - code_review.logger - INFO - Error processing file code_review/cloned_repos/lyrikplasm_backend/chunk_data/.._code_review_cloned_repos_lyrikplasm_backend_routers_reviewRouter.js_chunks.txt: RetryError[<Future at 0x3008ab690 state=finished raised RateLimitError>]
2024-09-17 17:07:12,352 - code_review.logger - INFO - Error processing file code_review/cloned_repos/lyrikplasm_backend/chunk_data/.._code_review_cloned_repos_lyrikplasm_backend_routers_reviewRouter.js_chunks.txt: RetryError[<Future at 0x3008ab690 state=finished raised RateLimitError>]
2024-09-17 17:07:15,195 - code_review.logger - INFO - Error processing file code_review/cloned_repos/yantra-frontend/chunk_data/.._code_review_cloned_repos_yantra-frontend_src_handlers_patch_handler.ts_chunks.txt: RetryError[<Future at 0x3008cc450 state=finished raised RateLimitError>]
2024-09-17 17:07:15,195 - code_review.logger - INFO - Error processing file code_review/cloned_repos/yantra-frontend/chunk_data/.._code_review_cloned_repos_yantra-frontend_src_handlers_patch_handler.ts_chunks.txt: RetryError[<Future at 0x3008cc450 state=finished raised RateLimitError>]
2024-09-17 17:07:15,195 - code_review.logger - INFO - Error processing file code_review/cloned_repos/yantra-frontend/chunk_data/.._code_review_cloned_repos_yantra-frontend_src_handlers_patch_handler.ts_chunks.txt: RetryError[<Future at 0x3008cc450 state=finished raised RateLimitError>]
2024-09-17 17:07:15,503 - code_review.logger - INFO - Error processing file code_review/cloned_repos/wordy/chunk_data/.._code_review_cloned_repos_wordy_package.json_chunks.txt: RetryError[<Future at 0x30083cf10 state=finished raised RateLimitError>]
2024-09-17 17:07:15,503 - code_review.logger - INFO - Error processing file code_review/cloned_repos/wordy/chunk_data/.._code_review_cloned_repos_wordy_package.json_chunks.txt: RetryError[<Future at 0x30083cf10 state=finished raised RateLimitError>]
2024-09-17 17:07:15,503 - code_review.logger - INFO - Error processing file code_review/cloned_repos/wordy/chunk_data/.._code_review_cloned_repos_wordy_package.json_chunks.txt: RetryError[<Future at 0x30083cf10 state=finished raised RateLimitError>]
2024-09-17 17:07:27,741 - code_review.logger - INFO - Error processing file code_review/cloned_repos/yantra-frontend/chunk_data/.._code_review_cloned_repos_yantra-frontend_src_slices_configSlice.ts_chunks.txt: RetryError[<Future at 0x3008fc3d0 state=finished raised RateLimitError>]
2024-09-17 17:07:27,741 - code_review.logger - INFO - Error processing file code_review/cloned_repos/yantra-frontend/chunk_data/.._code_review_cloned_repos_yantra-frontend_src_slices_configSlice.ts_chunks.txt: RetryError[<Future at 0x3008fc3d0 state=finished raised RateLimitError>]
2024-09-17 17:07:27,741 - code_review.logger - INFO - Error processing file code_review/cloned_repos/yantra-frontend/chunk_data/.._code_review_cloned_repos_yantra-frontend_src_slices_configSlice.ts_chunks.txt: RetryError[<Future at 0x3008fc3d0 state=finished raised RateLimitError>]
2024-09-17 17:07:28,543 - code_review.logger - INFO - Error processing file code_review/cloned_repos/yantra-frontend/chunk_data/.._code_review_cloned_repos_yantra-frontend_package.json_chunks.txt: RetryError[<Future at 0x30081cd10 state=finished raised RateLimitError>]
2024-09-17 17:07:28,543 - code_review.logger - INFO - Error processing file code_review/cloned_repos/yantra-frontend/chunk_data/.._code_review_cloned_repos_yantra-frontend_package.json_chunks.txt: RetryError[<Future at 0x30081cd10 state=finished raised RateLimitError>]
2024-09-17 17:07:28,543 - code_review.logger - INFO - Error processing file code_review/cloned_repos/yantra-frontend/chunk_data/.._code_review_cloned_repos_yantra-frontend_package.json_chunks.txt: RetryError[<Future at 0x30081cd10 state=finished raised RateLimitError>]
2024-09-17 17:07:29,292 - code_review.logger - INFO - Error processing file code_review/cloned_repos/lyrikplasm_backend/chunk_data/.._code_review_cloned_repos_lyrikplasm_backend_controllers_songController.js_chunks.txt: RetryError[<Future at 0x301028250 state=finished raised RateLimitError>]
2024-09-17 17:07:29,292 - code_review.logger - INFO - Error processing file code_review/cloned_repos/lyrikplasm_backend/chunk_data/.._code_review_cloned_repos_lyrikplasm_backend_controllers_songController.js_chunks.txt: RetryError[<Future at 0x301028250 state=finished raised RateLimitError>]
2024-09-17 17:07:29,292 - code_review.logger - INFO - Error processing file code_review/cloned_repos/lyrikplasm_backend/chunk_data/.._code_review_cloned_repos_lyrikplasm_backend_controllers_songController.js_chunks.txt: RetryError[<Future at 0x301028250 state=finished raised RateLimitError>]
2024-09-17 17:07:35,920 - code_review.logger - INFO - Error processing file code_review/cloned_repos/wordy/chunk_data/.._code_review_cloned_repos_wordy_src_pages_api_words_index.ts_chunks.txt: RetryError[<Future at 0x30103bdd0 state=finished raised RateLimitError>]
2024-09-17 17:07:35,920 - code_review.logger - INFO - Error processing file code_review/cloned_repos/wordy/chunk_data/.._code_review_cloned_repos_wordy_src_pages_api_words_index.ts_chunks.txt: RetryError[<Future at 0x30103bdd0 state=finished raised RateLimitError>]
2024-09-17 17:07:35,920 - code_review.logger - INFO - Error processing file code_review/cloned_repos/wordy/chunk_data/.._code_review_cloned_repos_wordy_src_pages_api_words_index.ts_chunks.txt: RetryError[<Future at 0x30103bdd0 state=finished raised RateLimitError>]
2024-09-17 17:08:10,149 - code_review.logger - INFO - Error processing file code_review/cloned_repos/yantra-frontend/chunk_data/.._code_review_cloned_repos_yantra-frontend_src_helpers_ws.ts_chunks.txt: RetryError[<Future at 0x30082a950 state=finished raised BadRequestError>]
2024-09-17 17:08:10,149 - code_review.logger - INFO - Error processing file code_review/cloned_repos/yantra-frontend/chunk_data/.._code_review_cloned_repos_yantra-frontend_src_helpers_ws.ts_chunks.txt: RetryError[<Future at 0x30082a950 state=finished raised BadRequestError>]
2024-09-17 17:08:10,149 - code_review.logger - INFO - Error processing file code_review/cloned_repos/yantra-frontend/chunk_data/.._code_review_cloned_repos_yantra-frontend_src_helpers_ws.ts_chunks.txt: RetryError[<Future at 0x30082a950 state=finished raised BadRequestError>]
2024-09-17 17:08:17,999 - code_review.logger - INFO - Error processing file code_review/cloned_repos/yantra-frontend/chunk_data/.._code_review_cloned_repos_yantra-frontend_src_utils_generate_profile_picture.ts_chunks.txt: RetryError[<Future at 0x3010105d0 state=finished raised BadRequestError>]
2024-09-17 17:08:17,999 - code_review.logger - INFO - Error processing file code_review/cloned_repos/yantra-frontend/chunk_data/.._code_review_cloned_repos_yantra-frontend_src_utils_generate_profile_picture.ts_chunks.txt: RetryError[<Future at 0x3010105d0 state=finished raised BadRequestError>]
2024-09-17 17:08:17,999 - code_review.logger - INFO - Error processing file code_review/cloned_repos/yantra-frontend/chunk_data/.._code_review_cloned_repos_yantra-frontend_src_utils_generate_profile_picture.ts_chunks.txt: RetryError[<Future at 0x3010105d0 state=finished raised BadRequestError>]
2024-09-17 23:24:36,683 - code_review.logger - INFO - Cloning repository to: code_review/cloned_repos/lyrikplasm_backend
2024-09-17 23:24:36,683 - code_review.logger - INFO - Cloning repository to: code_review/cloned_repos/lyrikplasm_backend
2024-09-17 23:24:36,683 - code_review.logger - INFO - Cloning repository to: code_review/cloned_repos/wordy
2024-09-17 23:24:36,683 - code_review.logger - INFO - Cloning repository to: code_review/cloned_repos/lyrikplasm_backend
2024-09-17 23:24:36,683 - code_review.logger - INFO - Cloning repository to: code_review/cloned_repos/wordy
2024-09-17 23:24:36,683 - code_review.logger - INFO - Cloning repository to: code_review/cloned_repos/yantra-frontend
2024-09-17 23:24:36,683 - code_review.logger - INFO - Cloning repository to: code_review/cloned_repos/wordy
2024-09-17 23:24:36,683 - code_review.logger - INFO - Cloning repository to: code_review/cloned_repos/yantra-frontend
2024-09-17 23:24:36,683 - code_review.logger - INFO - Cloning repository to: code_review/cloned_repos/yantra-frontend
2024-09-17 23:24:43,691 - code_review.logger - INFO - Skipping file with unknown language: code_review/cloned_repos/wordy/Dockerfile
2024-09-17 23:24:43,691 - code_review.logger - INFO - Skipping file with unknown language: code_review/cloned_repos/wordy/Dockerfile
2024-09-17 23:24:43,691 - code_review.logger - INFO - Skipping file with unknown language: code_review/cloned_repos/wordy/Dockerfile
2024-09-17 23:24:43,810 - code_review.logger - INFO - Skipping file with unknown language: code_review/cloned_repos/lyrikplasm_backend/.gitignore
2024-09-17 23:24:43,810 - code_review.logger - INFO - Skipping file with unknown language: code_review/cloned_repos/lyrikplasm_backend/.gitignore
2024-09-17 23:24:43,810 - code_review.logger - INFO - Skipping file with unknown language: code_review/cloned_repos/lyrikplasm_backend/.gitignore
2024-09-17 23:24:43,812 - code_review.logger - INFO - Skipping file with unknown language: code_review/cloned_repos/wordy/.gitignore
2024-09-17 23:24:43,812 - code_review.logger - INFO - Skipping file with unknown language: code_review/cloned_repos/wordy/.gitignore
2024-09-17 23:24:43,812 - code_review.logger - INFO - Skipping file with unknown language: code_review/cloned_repos/wordy/.gitignore
2024-09-17 23:24:43,814 - code_review.logger - INFO - Skipping file with unknown language: code_review/cloned_repos/yantra-frontend/.gitignore
2024-09-17 23:24:43,814 - code_review.logger - INFO - Skipping file with unknown language: code_review/cloned_repos/yantra-frontend/.gitignore
2024-09-17 23:24:43,814 - code_review.logger - INFO - Skipping file with unknown language: code_review/cloned_repos/yantra-frontend/.gitignore
2024-09-17 23:24:44,010 - code_review.logger - INFO - Skipping file with unknown language: code_review/cloned_repos/lyrikplasm_backend/utils/email_templates/forgotPassword.handlebars
2024-09-17 23:24:44,010 - code_review.logger - INFO - Skipping file with unknown language: code_review/cloned_repos/lyrikplasm_backend/utils/email_templates/forgotPassword.handlebars
2024-09-17 23:24:44,010 - code_review.logger - INFO - Skipping file with unknown language: code_review/cloned_repos/lyrikplasm_backend/utils/email_templates/forgotPassword.handlebars
2024-09-17 23:24:44,015 - code_review.logger - INFO - Skipping file with unknown language: code_review/cloned_repos/lyrikplasm_backend/chunk_data/.._code_review_cloned_repos_lyrikplasm_backend_utils_joiValidators_songValidator.js_chunks.txt
2024-09-17 23:24:44,015 - code_review.logger - INFO - Skipping file with unknown language: code_review/cloned_repos/lyrikplasm_backend/chunk_data/.._code_review_cloned_repos_lyrikplasm_backend_utils_joiValidators_songValidator.js_chunks.txt
2024-09-17 23:24:44,015 - code_review.logger - INFO - Skipping file with unknown language: code_review/cloned_repos/lyrikplasm_backend/chunk_data/.._code_review_cloned_repos_lyrikplasm_backend_utils_joiValidators_songValidator.js_chunks.txt
2024-09-17 23:24:44,015 - code_review.logger - INFO - Skipping file with unknown language: code_review/cloned_repos/lyrikplasm_backend/chunk_data/.._code_review_cloned_repos_lyrikplasm_backend_utils_joiValidators_userValidator.js_chunks.txt
2024-09-17 23:24:44,015 - code_review.logger - INFO - Skipping file with unknown language: code_review/cloned_repos/lyrikplasm_backend/chunk_data/.._code_review_cloned_repos_lyrikplasm_backend_utils_joiValidators_userValidator.js_chunks.txt
2024-09-17 23:24:44,015 - code_review.logger - INFO - Skipping file with unknown language: code_review/cloned_repos/lyrikplasm_backend/chunk_data/.._code_review_cloned_repos_lyrikplasm_backend_utils_joiValidators_userValidator.js_chunks.txt
2024-09-17 23:24:44,015 - code_review.logger - INFO - Skipping file with unknown language: code_review/cloned_repos/lyrikplasm_backend/chunk_data/.._code_review_cloned_repos_lyrikplasm_backend_routers_userRouter.js_chunks.txt
2024-09-17 23:24:44,015 - code_review.logger - INFO - Skipping file with unknown language: code_review/cloned_repos/lyrikplasm_backend/chunk_data/.._code_review_cloned_repos_lyrikplasm_backend_routers_userRouter.js_chunks.txt
2024-09-17 23:24:44,015 - code_review.logger - INFO - Skipping file with unknown language: code_review/cloned_repos/lyrikplasm_backend/chunk_data/.._code_review_cloned_repos_lyrikplasm_backend_routers_userRouter.js_chunks.txt
2024-09-17 23:24:44,015 - code_review.logger - INFO - Skipping file with unknown language: code_review/cloned_repos/lyrikplasm_backend/chunk_data/.._code_review_cloned_repos_lyrikplasm_backend_managers_catchAsync.js_chunks.txt
2024-09-17 23:24:44,015 - code_review.logger - INFO - Skipping file with unknown language: code_review/cloned_repos/lyrikplasm_backend/chunk_data/.._code_review_cloned_repos_lyrikplasm_backend_managers_catchAsync.js_chunks.txt
2024-09-17 23:24:44,015 - code_review.logger - INFO - Skipping file with unknown language: code_review/cloned_repos/lyrikplasm_backend/chunk_data/.._code_review_cloned_repos_lyrikplasm_backend_managers_catchAsync.js_chunks.txt
2024-09-17 23:24:44,015 - code_review.logger - INFO - Skipping file with unknown language: code_review/cloned_repos/lyrikplasm_backend/chunk_data/.._code_review_cloned_repos_lyrikplasm_backend_utils_parserers_reviewUploadParserer.js_chunks.txt
2024-09-17 23:24:44,015 - code_review.logger - INFO - Skipping file with unknown language: code_review/cloned_repos/lyrikplasm_backend/chunk_data/.._code_review_cloned_repos_lyrikplasm_backend_utils_parserers_reviewUploadParserer.js_chunks.txt
2024-09-17 23:24:44,015 - code_review.logger - INFO - Skipping file with unknown language: code_review/cloned_repos/lyrikplasm_backend/chunk_data/.._code_review_cloned_repos_lyrikplasm_backend_utils_parserers_reviewUploadParserer.js_chunks.txt
2024-09-17 23:24:44,015 - code_review.logger - INFO - Skipping file with unknown language: code_review/cloned_repos/lyrikplasm_backend/chunk_data/.._code_review_cloned_repos_lyrikplasm_backend_utils_multerConfigs_multerFilter.js_chunks.txt
2024-09-17 23:24:44,015 - code_review.logger - INFO - Skipping file with unknown language: code_review/cloned_repos/lyrikplasm_backend/chunk_data/.._code_review_cloned_repos_lyrikplasm_backend_utils_multerConfigs_multerFilter.js_chunks.txt
2024-09-17 23:24:44,015 - code_review.logger - INFO - Skipping file with unknown language: code_review/cloned_repos/lyrikplasm_backend/chunk_data/.._code_review_cloned_repos_lyrikplasm_backend_utils_multerConfigs_multerFilter.js_chunks.txt
2024-09-17 23:24:44,015 - code_review.logger - INFO - Skipping file with unknown language: code_review/cloned_repos/lyrikplasm_backend/chunk_data/.._code_review_cloned_repos_lyrikplasm_backend_constants.js_chunks.txt
2024-09-17 23:24:44,015 - code_review.logger - INFO - Skipping file with unknown language: code_review/cloned_repos/lyrikplasm_backend/chunk_data/.._code_review_cloned_repos_lyrikplasm_backend_constants.js_chunks.txt
2024-09-17 23:24:44,015 - code_review.logger - INFO - Skipping file with unknown language: code_review/cloned_repos/lyrikplasm_backend/chunk_data/.._code_review_cloned_repos_lyrikplasm_backend_constants.js_chunks.txt
2024-09-17 23:24:44,015 - code_review.logger - INFO - Skipping file with unknown language: code_review/cloned_repos/lyrikplasm_backend/chunk_data/.._code_review_cloned_repos_lyrikplasm_backend_utils_uploadPic.js_chunks.txt
2024-09-17 23:24:44,015 - code_review.logger - INFO - Skipping file with unknown language: code_review/cloned_repos/lyrikplasm_backend/chunk_data/.._code_review_cloned_repos_lyrikplasm_backend_utils_uploadPic.js_chunks.txt
2024-09-17 23:24:44,015 - code_review.logger - INFO - Skipping file with unknown language: code_review/cloned_repos/lyrikplasm_backend/chunk_data/.._code_review_cloned_repos_lyrikplasm_backend_utils_uploadPic.js_chunks.txt
2024-09-17 23:24:44,015 - code_review.logger - INFO - Skipping file with unknown language: code_review/cloned_repos/lyrikplasm_backend/chunk_data/.._code_review_cloned_repos_lyrikplasm_backend_utils_paymentsHandler.js_chunks.txt
2024-09-17 23:24:44,015 - code_review.logger - INFO - Skipping file with unknown language: code_review/cloned_repos/lyrikplasm_backend/chunk_data/.._code_review_cloned_repos_lyrikplasm_backend_utils_paymentsHandler.js_chunks.txt
2024-09-17 23:24:44,015 - code_review.logger - INFO - Skipping file with unknown language: code_review/cloned_repos/lyrikplasm_backend/chunk_data/.._code_review_cloned_repos_lyrikplasm_backend_utils_paymentsHandler.js_chunks.txt
2024-09-17 23:24:44,015 - code_review.logger - INFO - Skipping file with unknown language: code_review/cloned_repos/lyrikplasm_backend/chunk_data/.._code_review_cloned_repos_lyrikplasm_backend_managers_DB.js_chunks.txt
2024-09-17 23:24:44,015 - code_review.logger - INFO - Skipping file with unknown language: code_review/cloned_repos/lyrikplasm_backend/chunk_data/.._code_review_cloned_repos_lyrikplasm_backend_managers_DB.js_chunks.txt
2024-09-17 23:24:44,015 - code_review.logger - INFO - Skipping file with unknown language: code_review/cloned_repos/lyrikplasm_backend/chunk_data/.._code_review_cloned_repos_lyrikplasm_backend_managers_DB.js_chunks.txt
2024-09-17 23:24:44,016 - code_review.logger - INFO - Skipping file with unknown language: code_review/cloned_repos/lyrikplasm_backend/chunk_data/.._code_review_cloned_repos_lyrikplasm_backend_package-lock.json_chunks.txt
2024-09-17 23:24:44,016 - code_review.logger - INFO - Skipping file with unknown language: code_review/cloned_repos/lyrikplasm_backend/chunk_data/.._code_review_cloned_repos_lyrikplasm_backend_package-lock.json_chunks.txt
2024-09-17 23:24:44,016 - code_review.logger - INFO - Skipping file with unknown language: code_review/cloned_repos/lyrikplasm_backend/chunk_data/.._code_review_cloned_repos_lyrikplasm_backend_package-lock.json_chunks.txt
2024-09-17 23:24:44,016 - code_review.logger - INFO - Skipping file with unknown language: code_review/cloned_repos/lyrikplasm_backend/chunk_data/.._code_review_cloned_repos_lyrikplasm_backend_utils_joiValidators_reviewValidator.js_chunks.txt
2024-09-17 23:24:44,016 - code_review.logger - INFO - Skipping file with unknown language: code_review/cloned_repos/lyrikplasm_backend/chunk_data/.._code_review_cloned_repos_lyrikplasm_backend_utils_joiValidators_reviewValidator.js_chunks.txt
2024-09-17 23:24:44,016 - code_review.logger - INFO - Skipping file with unknown language: code_review/cloned_repos/lyrikplasm_backend/chunk_data/.._code_review_cloned_repos_lyrikplasm_backend_utils_joiValidators_reviewValidator.js_chunks.txt
2024-09-17 23:24:44,016 - code_review.logger - INFO - Skipping file with unknown language: code_review/cloned_repos/lyrikplasm_backend/chunk_data/.._code_review_cloned_repos_lyrikplasm_backend_package.json_chunks.txt
2024-09-17 23:24:44,016 - code_review.logger - INFO - Skipping file with unknown language: code_review/cloned_repos/lyrikplasm_backend/chunk_data/.._code_review_cloned_repos_lyrikplasm_backend_package.json_chunks.txt
2024-09-17 23:24:44,016 - code_review.logger - INFO - Skipping file with unknown language: code_review/cloned_repos/lyrikplasm_backend/chunk_data/.._code_review_cloned_repos_lyrikplasm_backend_package.json_chunks.txt
2024-09-17 23:24:44,016 - code_review.logger - INFO - Skipping file with unknown language: code_review/cloned_repos/lyrikplasm_backend/chunk_data/.._code_review_cloned_repos_lyrikplasm_backend_app.js_chunks.txt
2024-09-17 23:24:44,016 - code_review.logger - INFO - Skipping file with unknown language: code_review/cloned_repos/lyrikplasm_backend/chunk_data/.._code_review_cloned_repos_lyrikplasm_backend_app.js_chunks.txt
2024-09-17 23:24:44,016 - code_review.logger - INFO - Skipping file with unknown language: code_review/cloned_repos/lyrikplasm_backend/chunk_data/.._code_review_cloned_repos_lyrikplasm_backend_app.js_chunks.txt
2024-09-17 23:24:44,016 - code_review.logger - INFO - Skipping file with unknown language: code_review/cloned_repos/lyrikplasm_backend/chunk_data/.._code_review_cloned_repos_lyrikplasm_backend_utils_resizePic.js_chunks.txt
2024-09-17 23:24:44,016 - code_review.logger - INFO - Skipping file with unknown language: code_review/cloned_repos/lyrikplasm_backend/chunk_data/.._code_review_cloned_repos_lyrikplasm_backend_utils_resizePic.js_chunks.txt
2024-09-17 23:24:44,016 - code_review.logger - INFO - Skipping file with unknown language: code_review/cloned_repos/lyrikplasm_backend/chunk_data/.._code_review_cloned_repos_lyrikplasm_backend_utils_resizePic.js_chunks.txt
2024-09-17 23:24:44,016 - code_review.logger - INFO - Skipping file with unknown language: code_review/cloned_repos/lyrikplasm_backend/chunk_data/.._code_review_cloned_repos_lyrikplasm_backend_managers_AppError.js_chunks.txt
2024-09-17 23:24:44,016 - code_review.logger - INFO - Skipping file with unknown language: code_review/cloned_repos/lyrikplasm_backend/chunk_data/.._code_review_cloned_repos_lyrikplasm_backend_managers_AppError.js_chunks.txt
2024-09-17 23:24:44,016 - code_review.logger - INFO - Skipping file with unknown language: code_review/cloned_repos/lyrikplasm_backend/chunk_data/.._code_review_cloned_repos_lyrikplasm_backend_managers_AppError.js_chunks.txt
2024-09-17 23:24:44,016 - code_review.logger - INFO - Skipping file with unknown language: code_review/cloned_repos/lyrikplasm_backend/chunk_data/.._code_review_cloned_repos_lyrikplasm_backend_utils_HandlerFactory.js_chunks.txt
2024-09-17 23:24:44,016 - code_review.logger - INFO - Skipping file with unknown language: code_review/cloned_repos/lyrikplasm_backend/chunk_data/.._code_review_cloned_repos_lyrikplasm_backend_utils_HandlerFactory.js_chunks.txt
2024-09-17 23:24:44,016 - code_review.logger - INFO - Skipping file with unknown language: code_review/cloned_repos/lyrikplasm_backend/chunk_data/.._code_review_cloned_repos_lyrikplasm_backend_utils_HandlerFactory.js_chunks.txt
2024-09-17 23:24:44,016 - code_review.logger - INFO - Skipping file with unknown language: code_review/cloned_repos/lyrikplasm_backend/chunk_data/.._code_review_cloned_repos_lyrikplasm_backend_utils_APIFeatures.js_chunks.txt
2024-09-17 23:24:44,016 - code_review.logger - INFO - Skipping file with unknown language: code_review/cloned_repos/lyrikplasm_backend/chunk_data/.._code_review_cloned_repos_lyrikplasm_backend_utils_APIFeatures.js_chunks.txt
2024-09-17 23:24:44,016 - code_review.logger - INFO - Skipping file with unknown language: code_review/cloned_repos/lyrikplasm_backend/chunk_data/.._code_review_cloned_repos_lyrikplasm_backend_utils_APIFeatures.js_chunks.txt
2024-09-17 23:24:44,016 - code_review.logger - INFO - Skipping file with unknown language: code_review/cloned_repos/lyrikplasm_backend/chunk_data/.._code_review_cloned_repos_lyrikplasm_backend_routers_reviewRouter.js_chunks.txt
2024-09-17 23:24:44,016 - code_review.logger - INFO - Skipping file with unknown language: code_review/cloned_repos/lyrikplasm_backend/chunk_data/.._code_review_cloned_repos_lyrikplasm_backend_routers_reviewRouter.js_chunks.txt
2024-09-17 23:24:44,016 - code_review.logger - INFO - Skipping file with unknown language: code_review/cloned_repos/lyrikplasm_backend/chunk_data/.._code_review_cloned_repos_lyrikplasm_backend_routers_reviewRouter.js_chunks.txt
2024-09-17 23:24:44,017 - code_review.logger - INFO - Skipping file with unknown language: code_review/cloned_repos/lyrikplasm_backend/chunk_data/.._code_review_cloned_repos_lyrikplasm_backend_routers_songRouter.js_chunks.txt
2024-09-17 23:24:44,017 - code_review.logger - INFO - Skipping file with unknown language: code_review/cloned_repos/lyrikplasm_backend/chunk_data/.._code_review_cloned_repos_lyrikplasm_backend_routers_songRouter.js_chunks.txt
2024-09-17 23:24:44,017 - code_review.logger - INFO - Skipping file with unknown language: code_review/cloned_repos/lyrikplasm_backend/chunk_data/.._code_review_cloned_repos_lyrikplasm_backend_routers_songRouter.js_chunks.txt
2024-09-17 23:24:44,017 - code_review.logger - INFO - Skipping file with unknown language: code_review/cloned_repos/lyrikplasm_backend/chunk_data/.._code_review_cloned_repos_lyrikplasm_backend_utils_Email.js_chunks.txt
2024-09-17 23:24:44,017 - code_review.logger - INFO - Skipping file with unknown language: code_review/cloned_repos/lyrikplasm_backend/chunk_data/.._code_review_cloned_repos_lyrikplasm_backend_utils_Email.js_chunks.txt
2024-09-17 23:24:44,017 - code_review.logger - INFO - Skipping file with unknown language: code_review/cloned_repos/lyrikplasm_backend/chunk_data/.._code_review_cloned_repos_lyrikplasm_backend_utils_Email.js_chunks.txt
2024-09-17 23:24:44,017 - code_review.logger - INFO - Skipping file with unknown language: code_review/cloned_repos/lyrikplasm_backend/chunk_data/.._code_review_cloned_repos_lyrikplasm_backend_managers_baseErrorManager.js_chunks.txt
2024-09-17 23:24:44,017 - code_review.logger - INFO - Skipping file with unknown language: code_review/cloned_repos/lyrikplasm_backend/chunk_data/.._code_review_cloned_repos_lyrikplasm_backend_managers_baseErrorManager.js_chunks.txt
2024-09-17 23:24:44,017 - code_review.logger - INFO - Skipping file with unknown language: code_review/cloned_repos/lyrikplasm_backend/chunk_data/.._code_review_cloned_repos_lyrikplasm_backend_managers_baseErrorManager.js_chunks.txt
2024-09-17 23:24:44,017 - code_review.logger - INFO - Skipping file with unknown language: code_review/cloned_repos/lyrikplasm_backend/chunk_data/.._code_review_cloned_repos_lyrikplasm_backend_utils_multerConfigs_multerDiskStorage.js_chunks.txt
2024-09-17 23:24:44,017 - code_review.logger - INFO - Skipping file with unknown language: code_review/cloned_repos/lyrikplasm_backend/chunk_data/.._code_review_cloned_repos_lyrikplasm_backend_utils_multerConfigs_multerDiskStorage.js_chunks.txt
2024-09-17 23:24:44,017 - code_review.logger - INFO - Skipping file with unknown language: code_review/cloned_repos/lyrikplasm_backend/chunk_data/.._code_review_cloned_repos_lyrikplasm_backend_utils_multerConfigs_multerDiskStorage.js_chunks.txt
2024-09-17 23:24:44,017 - code_review.logger - INFO - Skipping file with unknown language: code_review/cloned_repos/lyrikplasm_backend/chunk_data/.._code_review_cloned_repos_lyrikplasm_backend_managers_envHandler.js_chunks.txt
2024-09-17 23:24:44,017 - code_review.logger - INFO - Skipping file with unknown language: code_review/cloned_repos/lyrikplasm_backend/chunk_data/.._code_review_cloned_repos_lyrikplasm_backend_managers_envHandler.js_chunks.txt
2024-09-17 23:24:44,017 - code_review.logger - INFO - Skipping file with unknown language: code_review/cloned_repos/lyrikplasm_backend/chunk_data/.._code_review_cloned_repos_lyrikplasm_backend_managers_envHandler.js_chunks.txt
2024-09-17 23:24:44,017 - code_review.logger - INFO - Skipping file with unknown language: code_review/cloned_repos/lyrikplasm_backend/chunk_data/.._code_review_cloned_repos_lyrikplasm_backend_utils_parserers_songUploadParserer.js_chunks.txt
2024-09-17 23:24:44,017 - code_review.logger - INFO - Skipping file with unknown language: code_review/cloned_repos/lyrikplasm_backend/chunk_data/.._code_review_cloned_repos_lyrikplasm_backend_utils_parserers_songUploadParserer.js_chunks.txt
2024-09-17 23:24:44,017 - code_review.logger - INFO - Skipping file with unknown language: code_review/cloned_repos/lyrikplasm_backend/chunk_data/.._code_review_cloned_repos_lyrikplasm_backend_utils_parserers_songUploadParserer.js_chunks.txt
2024-09-17 23:24:44,020 - code_review.logger - INFO - Skipping file with unknown language: code_review/cloned_repos/lyrikplasm_backend/static/email_template_background.jpg
2024-09-17 23:24:44,020 - code_review.logger - INFO - Skipping file with unknown language: code_review/cloned_repos/lyrikplasm_backend/static/email_template_background.jpg
2024-09-17 23:24:44,020 - code_review.logger - INFO - Skipping file with unknown language: code_review/cloned_repos/lyrikplasm_backend/static/email_template_background.jpg
2024-09-17 23:24:44,037 - code_review.logger - INFO - Skipping file with unknown language: code_review/cloned_repos/yantra-frontend/chunk_data/.._code_review_cloned_repos_yantra-frontend_.eslintrc.json_chunks.txt
2024-09-17 23:24:44,037 - code_review.logger - INFO - Skipping file with unknown language: code_review/cloned_repos/yantra-frontend/chunk_data/.._code_review_cloned_repos_yantra-frontend_.eslintrc.json_chunks.txt
2024-09-17 23:24:44,037 - code_review.logger - INFO - Skipping file with unknown language: code_review/cloned_repos/yantra-frontend/chunk_data/.._code_review_cloned_repos_yantra-frontend_.eslintrc.json_chunks.txt
2024-09-17 23:24:44,037 - code_review.logger - INFO - Skipping file with unknown language: code_review/cloned_repos/yantra-frontend/chunk_data/.._code_review_cloned_repos_yantra-frontend_package.json_chunks.txt
2024-09-17 23:24:44,037 - code_review.logger - INFO - Skipping file with unknown language: code_review/cloned_repos/yantra-frontend/chunk_data/.._code_review_cloned_repos_yantra-frontend_package.json_chunks.txt
2024-09-17 23:24:44,037 - code_review.logger - INFO - Skipping file with unknown language: code_review/cloned_repos/yantra-frontend/chunk_data/.._code_review_cloned_repos_yantra-frontend_package.json_chunks.txt
2024-09-17 23:24:44,037 - code_review.logger - INFO - Skipping file with unknown language: code_review/cloned_repos/yantra-frontend/chunk_data/.._code_review_cloned_repos_yantra-frontend_tsconfig.json_chunks.txt
2024-09-17 23:24:44,037 - code_review.logger - INFO - Skipping file with unknown language: code_review/cloned_repos/yantra-frontend/chunk_data/.._code_review_cloned_repos_yantra-frontend_tsconfig.json_chunks.txt
2024-09-17 23:24:44,037 - code_review.logger - INFO - Skipping file with unknown language: code_review/cloned_repos/yantra-frontend/chunk_data/.._code_review_cloned_repos_yantra-frontend_tsconfig.json_chunks.txt
2024-09-17 23:24:44,037 - code_review.logger - INFO - Skipping file with unknown language: code_review/cloned_repos/yantra-frontend/chunk_data/.._code_review_cloned_repos_yantra-frontend_package-lock.json_chunks.txt
2024-09-17 23:24:44,037 - code_review.logger - INFO - Skipping file with unknown language: code_review/cloned_repos/yantra-frontend/chunk_data/.._code_review_cloned_repos_yantra-frontend_package-lock.json_chunks.txt
2024-09-17 23:24:44,037 - code_review.logger - INFO - Skipping file with unknown language: code_review/cloned_repos/yantra-frontend/chunk_data/.._code_review_cloned_repos_yantra-frontend_package-lock.json_chunks.txt
2024-09-17 23:24:44,037 - code_review.logger - INFO - Skipping file with unknown language: code_review/cloned_repos/yantra-frontend/chunk_data/.._code_review_cloned_repos_yantra-frontend_README.md_chunks.txt
2024-09-17 23:24:44,037 - code_review.logger - INFO - Skipping file with unknown language: code_review/cloned_repos/yantra-frontend/chunk_data/.._code_review_cloned_repos_yantra-frontend_README.md_chunks.txt
2024-09-17 23:24:44,037 - code_review.logger - INFO - Skipping file with unknown language: code_review/cloned_repos/yantra-frontend/chunk_data/.._code_review_cloned_repos_yantra-frontend_README.md_chunks.txt
2024-09-17 23:24:44,037 - code_review.logger - INFO - Skipping file with unknown language: code_review/cloned_repos/yantra-frontend/chunk_data/.._code_review_cloned_repos_yantra-frontend_postcss.config.js_chunks.txt
2024-09-17 23:24:44,037 - code_review.logger - INFO - Skipping file with unknown language: code_review/cloned_repos/yantra-frontend/chunk_data/.._code_review_cloned_repos_yantra-frontend_postcss.config.js_chunks.txt
2024-09-17 23:24:44,037 - code_review.logger - INFO - Skipping file with unknown language: code_review/cloned_repos/yantra-frontend/chunk_data/.._code_review_cloned_repos_yantra-frontend_postcss.config.js_chunks.txt
2024-09-17 23:24:44,038 - code_review.logger - INFO - Skipping file with unknown language: code_review/cloned_repos/yantra-frontend/chunk_data/.._code_review_cloned_repos_yantra-frontend_tailwind.config.js_chunks.txt
2024-09-17 23:24:44,038 - code_review.logger - INFO - Skipping file with unknown language: code_review/cloned_repos/yantra-frontend/chunk_data/.._code_review_cloned_repos_yantra-frontend_tailwind.config.js_chunks.txt
2024-09-17 23:24:44,038 - code_review.logger - INFO - Skipping file with unknown language: code_review/cloned_repos/yantra-frontend/chunk_data/.._code_review_cloned_repos_yantra-frontend_tailwind.config.js_chunks.txt
2024-09-17 23:24:44,038 - code_review.logger - INFO - Skipping file with unknown language: code_review/cloned_repos/yantra-frontend/chunk_data/.._code_review_cloned_repos_yantra-frontend_next.config.js_chunks.txt
2024-09-17 23:24:44,038 - code_review.logger - INFO - Skipping file with unknown language: code_review/cloned_repos/yantra-frontend/chunk_data/.._code_review_cloned_repos_yantra-frontend_next.config.js_chunks.txt
2024-09-17 23:24:44,038 - code_review.logger - INFO - Skipping file with unknown language: code_review/cloned_repos/yantra-frontend/chunk_data/.._code_review_cloned_repos_yantra-frontend_next.config.js_chunks.txt
2024-09-17 23:24:44,038 - code_review.logger - INFO - Skipping file with unknown language: code_review/cloned_repos/yantra-frontend/public/threePeople.png
2024-09-17 23:24:44,038 - code_review.logger - INFO - Skipping file with unknown language: code_review/cloned_repos/yantra-frontend/public/threePeople.png
2024-09-17 23:24:44,038 - code_review.logger - INFO - Skipping file with unknown language: code_review/cloned_repos/yantra-frontend/public/threePeople.png
2024-09-17 23:24:44,038 - code_review.logger - INFO - Skipping file with unknown language: code_review/cloned_repos/yantra-frontend/public/favicon.ico
2024-09-17 23:24:44,038 - code_review.logger - INFO - Skipping file with unknown language: code_review/cloned_repos/yantra-frontend/public/favicon.ico
2024-09-17 23:24:44,038 - code_review.logger - INFO - Skipping file with unknown language: code_review/cloned_repos/yantra-frontend/public/favicon.ico
2024-09-17 23:24:44,038 - code_review.logger - INFO - Skipping file with unknown language: code_review/cloned_repos/yantra-frontend/public/samplePhoto.avif
2024-09-17 23:24:44,038 - code_review.logger - INFO - Skipping file with unknown language: code_review/cloned_repos/yantra-frontend/public/samplePhoto.avif
2024-09-17 23:24:44,038 - code_review.logger - INFO - Skipping file with unknown language: code_review/cloned_repos/yantra-frontend/public/samplePhoto.avif
2024-09-17 23:24:44,038 - code_review.logger - INFO - Skipping file with unknown language: code_review/cloned_repos/yantra-frontend/public/singlePerson.svg
2024-09-17 23:24:44,038 - code_review.logger - INFO - Skipping file with unknown language: code_review/cloned_repos/yantra-frontend/public/singlePerson.svg
2024-09-17 23:24:44,038 - code_review.logger - INFO - Skipping file with unknown language: code_review/cloned_repos/yantra-frontend/public/singlePerson.svg
2024-09-17 23:24:44,038 - code_review.logger - INFO - Skipping file with unknown language: code_review/cloned_repos/yantra-frontend/public/SharingPeople.svg
2024-09-17 23:24:44,038 - code_review.logger - INFO - Skipping file with unknown language: code_review/cloned_repos/yantra-frontend/public/SharingPeople.svg
2024-09-17 23:24:44,038 - code_review.logger - INFO - Skipping file with unknown language: code_review/cloned_repos/yantra-frontend/public/SharingPeople.svg
2024-09-17 23:24:44,038 - code_review.logger - INFO - Skipping file with unknown language: code_review/cloned_repos/yantra-frontend/public/thirteen.svg
2024-09-17 23:24:44,038 - code_review.logger - INFO - Skipping file with unknown language: code_review/cloned_repos/yantra-frontend/public/thirteen.svg
2024-09-17 23:24:44,038 - code_review.logger - INFO - Skipping file with unknown language: code_review/cloned_repos/yantra-frontend/public/thirteen.svg
2024-09-17 23:24:44,038 - code_review.logger - INFO - Skipping file with unknown language: code_review/cloned_repos/yantra-frontend/public/peopleBox.png
2024-09-17 23:24:44,038 - code_review.logger - INFO - Skipping file with unknown language: code_review/cloned_repos/yantra-frontend/public/peopleBox.png
2024-09-17 23:24:44,038 - code_review.logger - INFO - Skipping file with unknown language: code_review/cloned_repos/yantra-frontend/public/peopleBox.png
2024-09-17 23:24:44,038 - code_review.logger - INFO - Skipping file with unknown language: code_review/cloned_repos/yantra-frontend/public/threePeople.svg
2024-09-17 23:24:44,038 - code_review.logger - INFO - Skipping file with unknown language: code_review/cloned_repos/yantra-frontend/public/threePeople.svg
2024-09-17 23:24:44,038 - code_review.logger - INFO - Skipping file with unknown language: code_review/cloned_repos/yantra-frontend/public/threePeople.svg
2024-09-17 23:24:44,039 - code_review.logger - INFO - Skipping file with unknown language: code_review/cloned_repos/yantra-frontend/public/Logo.png
2024-09-17 23:24:44,039 - code_review.logger - INFO - Skipping file with unknown language: code_review/cloned_repos/yantra-frontend/public/Logo.png
2024-09-17 23:24:44,039 - code_review.logger - INFO - Skipping file with unknown language: code_review/cloned_repos/yantra-frontend/public/Logo.png
2024-09-17 23:24:44,039 - code_review.logger - INFO - Skipping file with unknown language: code_review/cloned_repos/yantra-frontend/public/vercel.svg
2024-09-17 23:24:44,039 - code_review.logger - INFO - Skipping file with unknown language: code_review/cloned_repos/yantra-frontend/public/vercel.svg
2024-09-17 23:24:44,039 - code_review.logger - INFO - Skipping file with unknown language: code_review/cloned_repos/yantra-frontend/public/vercel.svg
2024-09-17 23:24:44,039 - code_review.logger - INFO - Skipping file with unknown language: code_review/cloned_repos/yantra-frontend/public/next.svg
2024-09-17 23:24:44,039 - code_review.logger - INFO - Skipping file with unknown language: code_review/cloned_repos/yantra-frontend/public/next.svg
2024-09-17 23:24:44,039 - code_review.logger - INFO - Skipping file with unknown language: code_review/cloned_repos/yantra-frontend/public/next.svg
2024-09-17 23:24:44,039 - code_review.logger - INFO - Skipping file with unknown language: code_review/cloned_repos/yantra-frontend/public/SmallLogoBlack.svg
2024-09-17 23:24:44,039 - code_review.logger - INFO - Skipping file with unknown language: code_review/cloned_repos/yantra-frontend/public/SmallLogoBlack.svg
2024-09-17 23:24:44,039 - code_review.logger - INFO - Skipping file with unknown language: code_review/cloned_repos/yantra-frontend/public/SmallLogoBlack.svg
2024-09-17 23:24:44,039 - code_review.logger - INFO - Skipping file with unknown language: code_review/cloned_repos/yantra-frontend/public/LogoBlack.svg
2024-09-17 23:24:44,039 - code_review.logger - INFO - Skipping file with unknown language: code_review/cloned_repos/yantra-frontend/public/LogoBlack.svg
2024-09-17 23:24:44,039 - code_review.logger - INFO - Skipping file with unknown language: code_review/cloned_repos/yantra-frontend/public/LogoBlack.svg
2024-09-17 23:24:44,039 - code_review.logger - INFO - Skipping file with unknown language: code_review/cloned_repos/yantra-frontend/public/singlePersonFlipped.svg
2024-09-17 23:24:44,039 - code_review.logger - INFO - Skipping file with unknown language: code_review/cloned_repos/yantra-frontend/public/singlePersonFlipped.svg
2024-09-17 23:24:44,039 - code_review.logger - INFO - Skipping file with unknown language: code_review/cloned_repos/yantra-frontend/public/singlePersonFlipped.svg
2024-09-17 23:24:44,039 - code_review.logger - INFO - Skipping file with unknown language: code_review/cloned_repos/yantra-frontend/public/Logo.svg
2024-09-17 23:24:44,039 - code_review.logger - INFO - Skipping file with unknown language: code_review/cloned_repos/yantra-frontend/public/Logo.svg
2024-09-17 23:24:44,039 - code_review.logger - INFO - Skipping file with unknown language: code_review/cloned_repos/yantra-frontend/public/Logo.svg
2024-09-17 23:24:44,039 - code_review.logger - INFO - Skipping file with unknown language: code_review/cloned_repos/yantra-frontend/public/svg-icons/LeftPencilStroke.png
2024-09-17 23:24:44,039 - code_review.logger - INFO - Skipping file with unknown language: code_review/cloned_repos/yantra-frontend/public/svg-icons/LeftPencilStroke.png
2024-09-17 23:24:44,039 - code_review.logger - INFO - Skipping file with unknown language: code_review/cloned_repos/yantra-frontend/public/svg-icons/LeftPencilStroke.png
2024-09-17 23:24:44,039 - code_review.logger - INFO - Skipping file with unknown language: code_review/cloned_repos/yantra-frontend/public/svg-icons/sad face.svg
2024-09-17 23:24:44,039 - code_review.logger - INFO - Skipping file with unknown language: code_review/cloned_repos/yantra-frontend/public/svg-icons/sad face.svg
2024-09-17 23:24:44,039 - code_review.logger - INFO - Skipping file with unknown language: code_review/cloned_repos/yantra-frontend/public/svg-icons/sad face.svg
2024-09-17 23:24:44,039 - code_review.logger - INFO - Skipping file with unknown language: code_review/cloned_repos/yantra-frontend/public/svg-icons/content face.svg
2024-09-17 23:24:44,039 - code_review.logger - INFO - Skipping file with unknown language: code_review/cloned_repos/yantra-frontend/public/svg-icons/content face.svg
2024-09-17 23:24:44,039 - code_review.logger - INFO - Skipping file with unknown language: code_review/cloned_repos/yantra-frontend/public/svg-icons/content face.svg
2024-09-17 23:24:44,039 - code_review.logger - INFO - Skipping file with unknown language: code_review/cloned_repos/yantra-frontend/public/svg-icons/angry face.svg
2024-09-17 23:24:44,039 - code_review.logger - INFO - Skipping file with unknown language: code_review/cloned_repos/yantra-frontend/public/svg-icons/angry face.svg
2024-09-17 23:24:44,039 - code_review.logger - INFO - Skipping file with unknown language: code_review/cloned_repos/yantra-frontend/public/svg-icons/angry face.svg
2024-09-17 23:24:44,039 - code_review.logger - INFO - Skipping file with unknown language: code_review/cloned_repos/yantra-frontend/public/svg-icons/happy face.svg
2024-09-17 23:24:44,039 - code_review.logger - INFO - Skipping file with unknown language: code_review/cloned_repos/yantra-frontend/public/svg-icons/happy face.svg
2024-09-17 23:24:44,039 - code_review.logger - INFO - Skipping file with unknown language: code_review/cloned_repos/yantra-frontend/public/svg-icons/happy face.svg
2024-09-17 23:24:44,040 - code_review.logger - INFO - Skipping file with unknown language: code_review/cloned_repos/yantra-frontend/public/svg-icons/RightPencilStroke.png
2024-09-17 23:24:44,040 - code_review.logger - INFO - Skipping file with unknown language: code_review/cloned_repos/yantra-frontend/public/svg-icons/RightPencilStroke.png
2024-09-17 23:24:44,040 - code_review.logger - INFO - Skipping file with unknown language: code_review/cloned_repos/yantra-frontend/public/svg-icons/RightPencilStroke.png
2024-09-17 23:24:44,040 - code_review.logger - INFO - Skipping file with unknown language: code_review/cloned_repos/yantra-frontend/public/svg-icons/meh face.svg
2024-09-17 23:24:44,040 - code_review.logger - INFO - Skipping file with unknown language: code_review/cloned_repos/yantra-frontend/public/svg-icons/meh face.svg
2024-09-17 23:24:44,040 - code_review.logger - INFO - Skipping file with unknown language: code_review/cloned_repos/yantra-frontend/public/svg-icons/meh face.svg
2024-09-17 23:24:44,041 - code_review.logger - INFO - Skipping file with unknown language: code_review/cloned_repos/yantra-frontend/src/wrappers/main.tsx
2024-09-17 23:24:44,041 - code_review.logger - INFO - Skipping file with unknown language: code_review/cloned_repos/yantra-frontend/src/wrappers/main.tsx
2024-09-17 23:24:44,041 - code_review.logger - INFO - Skipping file with unknown language: code_review/cloned_repos/yantra-frontend/src/wrappers/main.tsx
2024-09-17 23:24:44,041 - code_review.logger - INFO - Skipping file with unknown language: code_review/cloned_repos/yantra-frontend/src/sections/Groups/newGroup.tsx
2024-09-17 23:24:44,041 - code_review.logger - INFO - Skipping file with unknown language: code_review/cloned_repos/yantra-frontend/src/sections/Groups/newGroup.tsx
2024-09-17 23:24:44,041 - code_review.logger - INFO - Skipping file with unknown language: code_review/cloned_repos/yantra-frontend/src/sections/Groups/newGroup.tsx
2024-09-17 23:24:44,041 - code_review.logger - INFO - Skipping file with unknown language: code_review/cloned_repos/yantra-frontend/src/sections/Events/new_event.tsx
2024-09-17 23:24:44,041 - code_review.logger - INFO - Skipping file with unknown language: code_review/cloned_repos/yantra-frontend/src/sections/Events/new_event.tsx
2024-09-17 23:24:44,041 - code_review.logger - INFO - Skipping file with unknown language: code_review/cloned_repos/yantra-frontend/src/sections/Events/new_event.tsx
2024-09-17 23:24:44,041 - code_review.logger - INFO - Skipping file with unknown language: code_review/cloned_repos/yantra-frontend/src/sections/Events/edit_event.tsx
2024-09-17 23:24:44,041 - code_review.logger - INFO - Skipping file with unknown language: code_review/cloned_repos/yantra-frontend/src/sections/Events/edit_event.tsx
2024-09-17 23:24:44,041 - code_review.logger - INFO - Skipping file with unknown language: code_review/cloned_repos/yantra-frontend/src/sections/Events/edit_event.tsx
2024-09-17 23:24:44,049 - code_review.logger - INFO - Skipping file with unknown language: code_review/cloned_repos/yantra-frontend/src/config/cookies.tsx
2024-09-17 23:24:44,049 - code_review.logger - INFO - Skipping file with unknown language: code_review/cloned_repos/yantra-frontend/src/config/cookies.tsx
2024-09-17 23:24:44,049 - code_review.logger - INFO - Skipping file with unknown language: code_review/cloned_repos/yantra-frontend/src/config/cookies.tsx
2024-09-17 23:24:44,060 - code_review.logger - INFO - Skipping file with unknown language: code_review/cloned_repos/yantra-frontend/src/utils/render_content_with_links.tsx
2024-09-17 23:24:44,060 - code_review.logger - INFO - Skipping file with unknown language: code_review/cloned_repos/yantra-frontend/src/utils/render_content_with_links.tsx
2024-09-17 23:24:44,060 - code_review.logger - INFO - Skipping file with unknown language: code_review/cloned_repos/yantra-frontend/src/utils/render_content_with_links.tsx
2024-09-17 23:24:44,061 - code_review.logger - INFO - Skipping file with unknown language: code_review/cloned_repos/yantra-frontend/src/utils/funcs/get_icon.tsx
2024-09-17 23:24:44,061 - code_review.logger - INFO - Skipping file with unknown language: code_review/cloned_repos/yantra-frontend/src/utils/funcs/get_icon.tsx
2024-09-17 23:24:44,061 - code_review.logger - INFO - Skipping file with unknown language: code_review/cloned_repos/yantra-frontend/src/utils/funcs/get_icon.tsx
2024-09-17 23:24:44,067 - code_review.logger - INFO - Skipping file with unknown language: code_review/cloned_repos/yantra-frontend/src/components/fillers/feed.tsx
2024-09-17 23:24:44,067 - code_review.logger - INFO - Skipping file with unknown language: code_review/cloned_repos/yantra-frontend/src/components/fillers/feed.tsx
2024-09-17 23:24:44,067 - code_review.logger - INFO - Skipping file with unknown language: code_review/cloned_repos/yantra-frontend/src/components/fillers/feed.tsx
2024-09-17 23:24:44,067 - code_review.logger - INFO - Skipping file with unknown language: code_review/cloned_repos/yantra-frontend/src/components/fillers/mascot.tsx
2024-09-17 23:24:44,067 - code_review.logger - INFO - Skipping file with unknown language: code_review/cloned_repos/yantra-frontend/src/components/fillers/mascot.tsx
2024-09-17 23:24:44,067 - code_review.logger - INFO - Skipping file with unknown language: code_review/cloned_repos/yantra-frontend/src/components/fillers/mascot.tsx
2024-09-17 23:24:44,067 - code_review.logger - INFO - Skipping file with unknown language: code_review/cloned_repos/yantra-frontend/src/components/Navbar/index.tsx
2024-09-17 23:24:44,067 - code_review.logger - INFO - Skipping file with unknown language: code_review/cloned_repos/yantra-frontend/src/components/Navbar/index.tsx
2024-09-17 23:24:44,067 - code_review.logger - INFO - Skipping file with unknown language: code_review/cloned_repos/yantra-frontend/src/components/Navbar/index.tsx
2024-09-17 23:24:44,067 - code_review.logger - INFO - Skipping file with unknown language: code_review/cloned_repos/yantra-frontend/src/components/Navbar/profile_dropdown.tsx
2024-09-17 23:24:44,067 - code_review.logger - INFO - Skipping file with unknown language: code_review/cloned_repos/yantra-frontend/src/components/Navbar/profile_dropdown.tsx
2024-09-17 23:24:44,067 - code_review.logger - INFO - Skipping file with unknown language: code_review/cloned_repos/yantra-frontend/src/components/Navbar/profile_dropdown.tsx
2024-09-17 23:24:44,067 - code_review.logger - INFO - Skipping file with unknown language: code_review/cloned_repos/yantra-frontend/src/components/form/time.tsx
2024-09-17 23:24:44,067 - code_review.logger - INFO - Skipping file with unknown language: code_review/cloned_repos/yantra-frontend/src/components/form/time.tsx
2024-09-17 23:24:44,067 - code_review.logger - INFO - Skipping file with unknown language: code_review/cloned_repos/yantra-frontend/src/components/form/time.tsx
2024-09-17 23:24:44,067 - code_review.logger - INFO - Skipping file with unknown language: code_review/cloned_repos/yantra-frontend/src/components/form/tags.tsx
2024-09-17 23:24:44,067 - code_review.logger - INFO - Skipping file with unknown language: code_review/cloned_repos/yantra-frontend/src/components/form/tags.tsx
2024-09-17 23:24:44,067 - code_review.logger - INFO - Skipping file with unknown language: code_review/cloned_repos/yantra-frontend/src/components/form/tags.tsx
2024-09-17 23:24:44,067 - code_review.logger - INFO - Skipping file with unknown language: code_review/cloned_repos/yantra-frontend/src/components/form/checkbox.tsx
2024-09-17 23:24:44,067 - code_review.logger - INFO - Skipping file with unknown language: code_review/cloned_repos/yantra-frontend/src/components/form/checkbox.tsx
2024-09-17 23:24:44,067 - code_review.logger - INFO - Skipping file with unknown language: code_review/cloned_repos/yantra-frontend/src/components/form/checkbox.tsx
2024-09-17 23:24:44,067 - code_review.logger - INFO - Skipping file with unknown language: code_review/cloned_repos/yantra-frontend/src/components/form/links.tsx
2024-09-17 23:24:44,067 - code_review.logger - INFO - Skipping file with unknown language: code_review/cloned_repos/yantra-frontend/src/components/form/links.tsx
2024-09-17 23:24:44,067 - code_review.logger - INFO - Skipping file with unknown language: code_review/cloned_repos/yantra-frontend/src/components/form/links.tsx
2024-09-17 23:24:44,067 - code_review.logger - INFO - Skipping file with unknown language: code_review/cloned_repos/yantra-frontend/src/components/form/select.tsx
2024-09-17 23:24:44,067 - code_review.logger - INFO - Skipping file with unknown language: code_review/cloned_repos/yantra-frontend/src/components/form/select.tsx
2024-09-17 23:24:44,067 - code_review.logger - INFO - Skipping file with unknown language: code_review/cloned_repos/yantra-frontend/src/components/form/select.tsx
2024-09-17 23:24:44,067 - code_review.logger - INFO - Skipping file with unknown language: code_review/cloned_repos/yantra-frontend/src/components/form/textarea.tsx
2024-09-17 23:24:44,067 - code_review.logger - INFO - Skipping file with unknown language: code_review/cloned_repos/yantra-frontend/src/components/form/textarea.tsx
2024-09-17 23:24:44,067 - code_review.logger - INFO - Skipping file with unknown language: code_review/cloned_repos/yantra-frontend/src/components/form/textarea.tsx
2024-09-17 23:24:44,067 - code_review.logger - INFO - Skipping file with unknown language: code_review/cloned_repos/yantra-frontend/src/components/form/input.tsx
2024-09-17 23:24:44,067 - code_review.logger - INFO - Skipping file with unknown language: code_review/cloned_repos/yantra-frontend/src/components/form/input.tsx
2024-09-17 23:24:44,067 - code_review.logger - INFO - Skipping file with unknown language: code_review/cloned_repos/yantra-frontend/src/components/form/input.tsx
2024-09-17 23:24:44,067 - code_review.logger - INFO - Skipping file with unknown language: code_review/cloned_repos/yantra-frontend/src/components/buttons/primary_btn.tsx
2024-09-17 23:24:44,067 - code_review.logger - INFO - Skipping file with unknown language: code_review/cloned_repos/yantra-frontend/src/components/buttons/primary_btn.tsx
2024-09-17 23:24:44,067 - code_review.logger - INFO - Skipping file with unknown language: code_review/cloned_repos/yantra-frontend/src/components/buttons/primary_btn.tsx
2024-09-17 23:24:44,068 - code_review.logger - INFO - Skipping file with unknown language: code_review/cloned_repos/yantra-frontend/src/components/buttons/join_btn.tsx
2024-09-17 23:24:44,068 - code_review.logger - INFO - Skipping file with unknown language: code_review/cloned_repos/yantra-frontend/src/components/buttons/join_btn.tsx
2024-09-17 23:24:44,068 - code_review.logger - INFO - Skipping file with unknown language: code_review/cloned_repos/yantra-frontend/src/components/buttons/join_btn.tsx
2024-09-17 23:24:44,068 - code_review.logger - INFO - Skipping file with unknown language: code_review/cloned_repos/yantra-frontend/src/components/buttons/build_btn.tsx
2024-09-17 23:24:44,068 - code_review.logger - INFO - Skipping file with unknown language: code_review/cloned_repos/yantra-frontend/src/components/buttons/build_btn.tsx
2024-09-17 23:24:44,068 - code_review.logger - INFO - Skipping file with unknown language: code_review/cloned_repos/yantra-frontend/src/components/buttons/build_btn.tsx
2024-09-17 23:24:44,068 - code_review.logger - INFO - Skipping file with unknown language: code_review/cloned_repos/yantra-frontend/src/components/buttons/registration_btn.tsx
2024-09-17 23:24:44,068 - code_review.logger - INFO - Skipping file with unknown language: code_review/cloned_repos/yantra-frontend/src/components/buttons/registration_btn.tsx
2024-09-17 23:24:44,068 - code_review.logger - INFO - Skipping file with unknown language: code_review/cloned_repos/yantra-frontend/src/components/buttons/registration_btn.tsx
2024-09-17 23:24:44,068 - code_review.logger - INFO - Skipping file with unknown language: code_review/cloned_repos/yantra-frontend/src/components/buttons/danger_btn.tsx
2024-09-17 23:24:44,068 - code_review.logger - INFO - Skipping file with unknown language: code_review/cloned_repos/yantra-frontend/src/components/buttons/danger_btn.tsx
2024-09-17 23:24:44,068 - code_review.logger - INFO - Skipping file with unknown language: code_review/cloned_repos/yantra-frontend/src/components/buttons/danger_btn.tsx
2024-09-17 23:24:44,068 - code_review.logger - INFO - Skipping file with unknown language: code_review/cloned_repos/yantra-frontend/src/components/empty_fillers/search.tsx
2024-09-17 23:24:44,068 - code_review.logger - INFO - Skipping file with unknown language: code_review/cloned_repos/yantra-frontend/src/components/empty_fillers/search.tsx
2024-09-17 23:24:44,068 - code_review.logger - INFO - Skipping file with unknown language: code_review/cloned_repos/yantra-frontend/src/components/empty_fillers/search.tsx
2024-09-17 23:24:44,068 - code_review.logger - INFO - Skipping file with unknown language: code_review/cloned_repos/yantra-frontend/src/components/uncommon/meet.tsx
2024-09-17 23:24:44,068 - code_review.logger - INFO - Skipping file with unknown language: code_review/cloned_repos/yantra-frontend/src/components/uncommon/meet.tsx
2024-09-17 23:24:44,068 - code_review.logger - INFO - Skipping file with unknown language: code_review/cloned_repos/yantra-frontend/src/components/uncommon/meet.tsx
2024-09-17 23:24:44,068 - code_review.logger - INFO - Skipping file with unknown language: code_review/cloned_repos/yantra-frontend/src/components/uncommon/Journal/page_box.tsx
2024-09-17 23:24:44,068 - code_review.logger - INFO - Skipping file with unknown language: code_review/cloned_repos/yantra-frontend/src/components/uncommon/Journal/page_box.tsx
2024-09-17 23:24:44,068 - code_review.logger - INFO - Skipping file with unknown language: code_review/cloned_repos/yantra-frontend/src/components/uncommon/Journal/page_box.tsx
2024-09-17 23:24:44,068 - code_review.logger - INFO - Skipping file with unknown language: code_review/cloned_repos/yantra-frontend/src/components/uncommon/Journal/page.tsx
2024-09-17 23:24:44,068 - code_review.logger - INFO - Skipping file with unknown language: code_review/cloned_repos/yantra-frontend/src/components/uncommon/Journal/page.tsx
2024-09-17 23:24:44,068 - code_review.logger - INFO - Skipping file with unknown language: code_review/cloned_repos/yantra-frontend/src/components/uncommon/Journal/page.tsx
2024-09-17 23:24:44,068 - code_review.logger - INFO - Skipping file with unknown language: code_review/cloned_repos/yantra-frontend/src/components/uncommon/Post/new_post.tsx
2024-09-17 23:24:44,068 - code_review.logger - INFO - Skipping file with unknown language: code_review/cloned_repos/yantra-frontend/src/components/uncommon/Post/new_post.tsx
2024-09-17 23:24:44,068 - code_review.logger - INFO - Skipping file with unknown language: code_review/cloned_repos/yantra-frontend/src/components/uncommon/Post/new_post.tsx
2024-09-17 23:24:44,068 - code_review.logger - INFO - Skipping file with unknown language: code_review/cloned_repos/yantra-frontend/src/components/uncommon/Post/index.tsx
2024-09-17 23:24:44,068 - code_review.logger - INFO - Skipping file with unknown language: code_review/cloned_repos/yantra-frontend/src/components/uncommon/Post/index.tsx
2024-09-17 23:24:44,068 - code_review.logger - INFO - Skipping file with unknown language: code_review/cloned_repos/yantra-frontend/src/components/uncommon/Post/index.tsx
2024-09-17 23:24:44,068 - code_review.logger - INFO - Skipping file with unknown language: code_review/cloned_repos/yantra-frontend/src/components/uncommon/Post/new_post_images.tsx
2024-09-17 23:24:44,068 - code_review.logger - INFO - Skipping file with unknown language: code_review/cloned_repos/yantra-frontend/src/components/uncommon/Post/new_post_images.tsx
2024-09-17 23:24:44,068 - code_review.logger - INFO - Skipping file with unknown language: code_review/cloned_repos/yantra-frontend/src/components/uncommon/Post/new_post_images.tsx
2024-09-17 23:24:44,068 - code_review.logger - INFO - Skipping file with unknown language: code_review/cloned_repos/yantra-frontend/src/components/uncommon/Polls/new_poll.tsx
2024-09-17 23:24:44,068 - code_review.logger - INFO - Skipping file with unknown language: code_review/cloned_repos/yantra-frontend/src/components/uncommon/Polls/new_poll.tsx
2024-09-17 23:24:44,068 - code_review.logger - INFO - Skipping file with unknown language: code_review/cloned_repos/yantra-frontend/src/components/uncommon/Polls/new_poll.tsx
2024-09-17 23:24:44,068 - code_review.logger - INFO - Skipping file with unknown language: code_review/cloned_repos/yantra-frontend/src/components/uncommon/EventCard/index.tsx
2024-09-17 23:24:44,068 - code_review.logger - INFO - Skipping file with unknown language: code_review/cloned_repos/yantra-frontend/src/components/uncommon/EventCard/index.tsx
2024-09-17 23:24:44,068 - code_review.logger - INFO - Skipping file with unknown language: code_review/cloned_repos/yantra-frontend/src/components/uncommon/EventCard/index.tsx
2024-09-17 23:24:44,069 - code_review.logger - INFO - Skipping file with unknown language: code_review/cloned_repos/yantra-frontend/src/components/uncommon/Announcements/new_announcement.tsx
2024-09-17 23:24:44,069 - code_review.logger - INFO - Skipping file with unknown language: code_review/cloned_repos/yantra-frontend/src/components/uncommon/Announcements/new_announcement.tsx
2024-09-17 23:24:44,069 - code_review.logger - INFO - Skipping file with unknown language: code_review/cloned_repos/yantra-frontend/src/components/uncommon/Announcements/new_announcement.tsx
2024-09-17 23:24:44,069 - code_review.logger - INFO - Skipping file with unknown language: code_review/cloned_repos/yantra-frontend/src/components/uncommon/ResourceFile/index.tsx
2024-09-17 23:24:44,069 - code_review.logger - INFO - Skipping file with unknown language: code_review/cloned_repos/yantra-frontend/src/components/uncommon/ResourceFile/index.tsx
2024-09-17 23:24:44,069 - code_review.logger - INFO - Skipping file with unknown language: code_review/cloned_repos/yantra-frontend/src/components/uncommon/ResourceFile/index.tsx
2024-09-17 23:24:44,069 - code_review.logger - INFO - Skipping file with unknown language: code_review/cloned_repos/yantra-frontend/src/components/uncommon/EmojiScale/index.tsx
2024-09-17 23:24:44,069 - code_review.logger - INFO - Skipping file with unknown language: code_review/cloned_repos/yantra-frontend/src/components/uncommon/EmojiScale/index.tsx
2024-09-17 23:24:44,069 - code_review.logger - INFO - Skipping file with unknown language: code_review/cloned_repos/yantra-frontend/src/components/uncommon/EmojiScale/index.tsx
2024-09-17 23:24:44,069 - code_review.logger - INFO - Skipping file with unknown language: code_review/cloned_repos/yantra-frontend/src/components/charts/lineGraph.tsx
2024-09-17 23:24:44,069 - code_review.logger - INFO - Skipping file with unknown language: code_review/cloned_repos/yantra-frontend/src/components/charts/lineGraph.tsx
2024-09-17 23:24:44,069 - code_review.logger - INFO - Skipping file with unknown language: code_review/cloned_repos/yantra-frontend/src/components/charts/lineGraph.tsx
2024-09-17 23:24:44,069 - code_review.logger - INFO - Skipping file with unknown language: code_review/cloned_repos/yantra-frontend/src/components/charts/polarGraph.tsx
2024-09-17 23:24:44,069 - code_review.logger - INFO - Skipping file with unknown language: code_review/cloned_repos/yantra-frontend/src/components/charts/polarGraph.tsx
2024-09-17 23:24:44,069 - code_review.logger - INFO - Skipping file with unknown language: code_review/cloned_repos/yantra-frontend/src/components/charts/polarGraph.tsx
2024-09-17 23:24:44,069 - code_review.logger - INFO - Skipping file with unknown language: code_review/cloned_repos/yantra-frontend/src/components/utils/tag_suggestions.tsx
2024-09-17 23:24:44,069 - code_review.logger - INFO - Skipping file with unknown language: code_review/cloned_repos/yantra-frontend/src/components/utils/tag_suggestions.tsx
2024-09-17 23:24:44,069 - code_review.logger - INFO - Skipping file with unknown language: code_review/cloned_repos/yantra-frontend/src/components/utils/tag_suggestions.tsx
2024-09-17 23:24:44,069 - code_review.logger - INFO - Skipping file with unknown language: code_review/cloned_repos/yantra-frontend/src/components/utils/new_cover.tsx
2024-09-17 23:24:44,069 - code_review.logger - INFO - Skipping file with unknown language: code_review/cloned_repos/yantra-frontend/src/components/utils/new_cover.tsx
2024-09-17 23:24:44,069 - code_review.logger - INFO - Skipping file with unknown language: code_review/cloned_repos/yantra-frontend/src/components/utils/new_cover.tsx
2024-09-17 23:24:44,069 - code_review.logger - INFO - Skipping file with unknown language: code_review/cloned_repos/yantra-frontend/src/components/utils/edit_tags.tsx
2024-09-17 23:24:44,069 - code_review.logger - INFO - Skipping file with unknown language: code_review/cloned_repos/yantra-frontend/src/components/utils/edit_tags.tsx
2024-09-17 23:24:44,069 - code_review.logger - INFO - Skipping file with unknown language: code_review/cloned_repos/yantra-frontend/src/components/utils/edit_tags.tsx
2024-09-17 23:24:44,069 - code_review.logger - INFO - Skipping file with unknown language: code_review/cloned_repos/yantra-frontend/src/components/utils/edit_links.tsx
2024-09-17 23:24:44,069 - code_review.logger - INFO - Skipping file with unknown language: code_review/cloned_repos/yantra-frontend/src/components/utils/edit_links.tsx
2024-09-17 23:24:44,069 - code_review.logger - INFO - Skipping file with unknown language: code_review/cloned_repos/yantra-frontend/src/components/utils/edit_links.tsx
2024-09-17 23:24:44,069 - code_review.logger - INFO - Skipping file with unknown language: code_review/cloned_repos/yantra-frontend/src/components/common/loader.tsx
2024-09-17 23:24:44,069 - code_review.logger - INFO - Skipping file with unknown language: code_review/cloned_repos/yantra-frontend/src/components/common/loader.tsx
2024-09-17 23:24:44,069 - code_review.logger - INFO - Skipping file with unknown language: code_review/cloned_repos/yantra-frontend/src/components/common/loader.tsx
2024-09-17 23:24:44,069 - code_review.logger - INFO - Skipping file with unknown language: code_review/cloned_repos/yantra-frontend/src/components/common/strong_pass_info.tsx
2024-09-17 23:24:44,069 - code_review.logger - INFO - Skipping file with unknown language: code_review/cloned_repos/yantra-frontend/src/components/common/strong_pass_info.tsx
2024-09-17 23:24:44,069 - code_review.logger - INFO - Skipping file with unknown language: code_review/cloned_repos/yantra-frontend/src/components/common/strong_pass_info.tsx
2024-09-17 23:24:44,069 - code_review.logger - INFO - Skipping file with unknown language: code_review/cloned_repos/yantra-frontend/src/components/common/confirm_delete.tsx
2024-09-17 23:24:44,069 - code_review.logger - INFO - Skipping file with unknown language: code_review/cloned_repos/yantra-frontend/src/components/common/confirm_delete.tsx
2024-09-17 23:24:44,069 - code_review.logger - INFO - Skipping file with unknown language: code_review/cloned_repos/yantra-frontend/src/components/common/confirm_delete.tsx
2024-09-17 23:24:44,069 - code_review.logger - INFO - Skipping file with unknown language: code_review/cloned_repos/yantra-frontend/src/components/common/user_hover_card.tsx
2024-09-17 23:24:44,069 - code_review.logger - INFO - Skipping file with unknown language: code_review/cloned_repos/yantra-frontend/src/components/common/user_hover_card.tsx
2024-09-17 23:24:44,069 - code_review.logger - INFO - Skipping file with unknown language: code_review/cloned_repos/yantra-frontend/src/components/common/user_hover_card.tsx
2024-09-17 23:24:44,069 - code_review.logger - INFO - Skipping file with unknown language: code_review/cloned_repos/yantra-frontend/src/components/common/follow_btn.tsx
2024-09-17 23:24:44,069 - code_review.logger - INFO - Skipping file with unknown language: code_review/cloned_repos/yantra-frontend/src/components/common/follow_btn.tsx
2024-09-17 23:24:44,069 - code_review.logger - INFO - Skipping file with unknown language: code_review/cloned_repos/yantra-frontend/src/components/common/follow_btn.tsx
2024-09-17 23:24:44,070 - code_review.logger - INFO - Skipping file with unknown language: code_review/cloned_repos/yantra-frontend/src/components/common/Background/index.tsx
2024-09-17 23:24:44,070 - code_review.logger - INFO - Skipping file with unknown language: code_review/cloned_repos/yantra-frontend/src/components/common/Background/index.tsx
2024-09-17 23:24:44,070 - code_review.logger - INFO - Skipping file with unknown language: code_review/cloned_repos/yantra-frontend/src/components/common/Background/index.tsx
2024-09-17 23:24:44,070 - code_review.logger - INFO - Skipping file with unknown language: code_review/cloned_repos/yantra-frontend/src/components/common/Resource/ResourceBucket.tsx
2024-09-17 23:24:44,070 - code_review.logger - INFO - Skipping file with unknown language: code_review/cloned_repos/yantra-frontend/src/components/common/Resource/ResourceBucket.tsx
2024-09-17 23:24:44,070 - code_review.logger - INFO - Skipping file with unknown language: code_review/cloned_repos/yantra-frontend/src/components/common/Resource/ResourceBucket.tsx
2024-09-17 23:24:44,070 - code_review.logger - INFO - Skipping file with unknown language: code_review/cloned_repos/yantra-frontend/src/components/common/Resource/NewResourceFile.tsx
2024-09-17 23:24:44,070 - code_review.logger - INFO - Skipping file with unknown language: code_review/cloned_repos/yantra-frontend/src/components/common/Resource/NewResourceFile.tsx
2024-09-17 23:24:44,070 - code_review.logger - INFO - Skipping file with unknown language: code_review/cloned_repos/yantra-frontend/src/components/common/Resource/NewResourceFile.tsx
2024-09-17 23:24:44,070 - code_review.logger - INFO - Skipping file with unknown language: code_review/cloned_repos/yantra-frontend/src/components/common/Resource/NewResource.tsx
2024-09-17 23:24:44,070 - code_review.logger - INFO - Skipping file with unknown language: code_review/cloned_repos/yantra-frontend/src/components/common/Resource/NewResource.tsx
2024-09-17 23:24:44,070 - code_review.logger - INFO - Skipping file with unknown language: code_review/cloned_repos/yantra-frontend/src/components/common/Resource/NewResource.tsx
2024-09-17 23:24:44,070 - code_review.logger - INFO - Skipping file with unknown language: code_review/cloned_repos/yantra-frontend/src/components/common/Resource/ResoureFileView.tsx
2024-09-17 23:24:44,070 - code_review.logger - INFO - Skipping file with unknown language: code_review/cloned_repos/yantra-frontend/src/components/common/Resource/ResoureFileView.tsx
2024-09-17 23:24:44,070 - code_review.logger - INFO - Skipping file with unknown language: code_review/cloned_repos/yantra-frontend/src/components/common/Resource/ResoureFileView.tsx
2024-09-17 23:24:44,070 - code_review.logger - INFO - Skipping file with unknown language: code_review/cloned_repos/yantra-frontend/src/components/common/Resource/ResourceView.tsx
2024-09-17 23:24:44,070 - code_review.logger - INFO - Skipping file with unknown language: code_review/cloned_repos/yantra-frontend/src/components/common/Resource/ResourceView.tsx
2024-09-17 23:24:44,070 - code_review.logger - INFO - Skipping file with unknown language: code_review/cloned_repos/yantra-frontend/src/components/common/Resource/ResourceView.tsx
2024-09-17 23:24:44,070 - code_review.logger - INFO - Skipping file with unknown language: code_review/cloned_repos/yantra-frontend/src/components/feed/announcement_card.tsx
2024-09-17 23:24:44,070 - code_review.logger - INFO - Skipping file with unknown language: code_review/cloned_repos/yantra-frontend/src/components/feed/announcement_card.tsx
2024-09-17 23:24:44,070 - code_review.logger - INFO - Skipping file with unknown language: code_review/cloned_repos/yantra-frontend/src/components/feed/announcement_card.tsx
2024-09-17 23:24:44,070 - code_review.logger - INFO - Skipping file with unknown language: code_review/cloned_repos/yantra-frontend/src/components/feed/poll_card.tsx
2024-09-17 23:24:44,070 - code_review.logger - INFO - Skipping file with unknown language: code_review/cloned_repos/yantra-frontend/src/components/feed/poll_card.tsx
2024-09-17 23:24:44,070 - code_review.logger - INFO - Skipping file with unknown language: code_review/cloned_repos/yantra-frontend/src/components/feed/poll_card.tsx
2024-09-17 23:24:44,070 - code_review.logger - INFO - Skipping file with unknown language: code_review/cloned_repos/yantra-frontend/src/components/feed/poll_option.tsx
2024-09-17 23:24:44,070 - code_review.logger - INFO - Skipping file with unknown language: code_review/cloned_repos/yantra-frontend/src/components/feed/poll_option.tsx
2024-09-17 23:24:44,070 - code_review.logger - INFO - Skipping file with unknown language: code_review/cloned_repos/yantra-frontend/src/components/feed/poll_option.tsx
2024-09-17 23:24:44,071 - code_review.logger - INFO - Skipping file with unknown language: code_review/cloned_repos/yantra-frontend/src/components/messaging/message_group.tsx
2024-09-17 23:24:44,071 - code_review.logger - INFO - Skipping file with unknown language: code_review/cloned_repos/yantra-frontend/src/components/messaging/message_group.tsx
2024-09-17 23:24:44,071 - code_review.logger - INFO - Skipping file with unknown language: code_review/cloned_repos/yantra-frontend/src/components/messaging/message_group.tsx
2024-09-17 23:24:44,071 - code_review.logger - INFO - Skipping file with unknown language: code_review/cloned_repos/yantra-frontend/src/components/messaging/GroupChat.tsx
2024-09-17 23:24:44,071 - code_review.logger - INFO - Skipping file with unknown language: code_review/cloned_repos/yantra-frontend/src/components/messaging/GroupChat.tsx
2024-09-17 23:24:44,071 - code_review.logger - INFO - Skipping file with unknown language: code_review/cloned_repos/yantra-frontend/src/components/messaging/GroupChat.tsx
2024-09-17 23:24:44,071 - code_review.logger - INFO - Skipping file with unknown language: code_review/cloned_repos/yantra-frontend/src/components/messaging/regular_message.tsx
2024-09-17 23:24:44,071 - code_review.logger - INFO - Skipping file with unknown language: code_review/cloned_repos/yantra-frontend/src/components/messaging/regular_message.tsx
2024-09-17 23:24:44,071 - code_review.logger - INFO - Skipping file with unknown language: code_review/cloned_repos/yantra-frontend/src/components/messaging/regular_message.tsx
2024-09-17 23:24:44,071 - code_review.logger - INFO - Skipping file with unknown language: code_review/cloned_repos/yantra-frontend/src/components/messaging/group_chat_textarea.tsx
2024-09-17 23:24:44,071 - code_review.logger - INFO - Skipping file with unknown language: code_review/cloned_repos/yantra-frontend/src/components/messaging/group_chat_textarea.tsx
2024-09-17 23:24:44,071 - code_review.logger - INFO - Skipping file with unknown language: code_review/cloned_repos/yantra-frontend/src/components/messaging/group_chat_textarea.tsx
2024-09-17 23:24:44,071 - code_review.logger - INFO - Skipping file with unknown language: code_review/cloned_repos/yantra-frontend/src/components/messaging/group_header.tsx
2024-09-17 23:24:44,071 - code_review.logger - INFO - Skipping file with unknown language: code_review/cloned_repos/yantra-frontend/src/components/messaging/group_header.tsx
2024-09-17 23:24:44,071 - code_review.logger - INFO - Skipping file with unknown language: code_review/cloned_repos/yantra-frontend/src/components/messaging/group_header.tsx
2024-09-17 23:24:44,071 - code_review.logger - INFO - Skipping file with unknown language: code_review/cloned_repos/yantra-frontend/src/components/loaders/posts.tsx
2024-09-17 23:24:44,071 - code_review.logger - INFO - Skipping file with unknown language: code_review/cloned_repos/yantra-frontend/src/components/loaders/posts.tsx
2024-09-17 23:24:44,071 - code_review.logger - INFO - Skipping file with unknown language: code_review/cloned_repos/yantra-frontend/src/components/loaders/posts.tsx
2024-09-17 23:24:44,071 - code_review.logger - INFO - Skipping file with unknown language: code_review/cloned_repos/yantra-frontend/src/components/Header/navModal.tsx
2024-09-17 23:24:44,071 - code_review.logger - INFO - Skipping file with unknown language: code_review/cloned_repos/yantra-frontend/src/components/Header/navModal.tsx
2024-09-17 23:24:44,071 - code_review.logger - INFO - Skipping file with unknown language: code_review/cloned_repos/yantra-frontend/src/components/Header/navModal.tsx
2024-09-17 23:24:44,071 - code_review.logger - INFO - Skipping file with unknown language: code_review/cloned_repos/yantra-frontend/src/components/Header/index.tsx
2024-09-17 23:24:44,071 - code_review.logger - INFO - Skipping file with unknown language: code_review/cloned_repos/yantra-frontend/src/components/Header/index.tsx
2024-09-17 23:24:44,071 - code_review.logger - INFO - Skipping file with unknown language: code_review/cloned_repos/yantra-frontend/src/components/Header/index.tsx
2024-09-17 23:24:44,072 - code_review.logger - INFO - Skipping file with unknown language: code_review/cloned_repos/yantra-frontend/src/components/Header/profile_dropdown.tsx
2024-09-17 23:24:44,072 - code_review.logger - INFO - Skipping file with unknown language: code_review/cloned_repos/yantra-frontend/src/components/Header/profile_dropdown.tsx
2024-09-17 23:24:44,072 - code_review.logger - INFO - Skipping file with unknown language: code_review/cloned_repos/yantra-frontend/src/components/Header/profile_dropdown.tsx
2024-09-17 23:24:44,072 - code_review.logger - INFO - Skipping file with unknown language: code_review/cloned_repos/yantra-frontend/src/components/Header/Dropdown.tsx
2024-09-17 23:24:44,072 - code_review.logger - INFO - Skipping file with unknown language: code_review/cloned_repos/yantra-frontend/src/components/Header/Dropdown.tsx
2024-09-17 23:24:44,072 - code_review.logger - INFO - Skipping file with unknown language: code_review/cloned_repos/yantra-frontend/src/components/Header/Dropdown.tsx
2024-09-17 23:24:44,072 - code_review.logger - INFO - Skipping file with unknown language: code_review/cloned_repos/yantra-frontend/src/components/onboarding/dummy_user_card.tsx
2024-09-17 23:24:44,072 - code_review.logger - INFO - Skipping file with unknown language: code_review/cloned_repos/yantra-frontend/src/components/onboarding/dummy_user_card.tsx
2024-09-17 23:24:44,072 - code_review.logger - INFO - Skipping file with unknown language: code_review/cloned_repos/yantra-frontend/src/components/onboarding/dummy_user_card.tsx
2024-09-17 23:24:44,072 - code_review.logger - INFO - Skipping file with unknown language: code_review/cloned_repos/yantra-frontend/src/components/onboarding/user_card.tsx
2024-09-17 23:24:44,072 - code_review.logger - INFO - Skipping file with unknown language: code_review/cloned_repos/yantra-frontend/src/components/onboarding/user_card.tsx
2024-09-17 23:24:44,072 - code_review.logger - INFO - Skipping file with unknown language: code_review/cloned_repos/yantra-frontend/src/components/onboarding/user_card.tsx
2024-09-17 23:24:44,072 - code_review.logger - INFO - Skipping file with unknown language: code_review/cloned_repos/yantra-frontend/src/components/onboarding/progress_bar.tsx
2024-09-17 23:24:44,072 - code_review.logger - INFO - Skipping file with unknown language: code_review/cloned_repos/yantra-frontend/src/components/onboarding/progress_bar.tsx
2024-09-17 23:24:44,072 - code_review.logger - INFO - Skipping file with unknown language: code_review/cloned_repos/yantra-frontend/src/components/onboarding/progress_bar.tsx
2024-09-17 23:24:44,074 - code_review.logger - INFO - Skipping file with unknown language: code_review/cloned_repos/yantra-frontend/src/pages/index.tsx
2024-09-17 23:24:44,074 - code_review.logger - INFO - Skipping file with unknown language: code_review/cloned_repos/yantra-frontend/src/pages/index.tsx
2024-09-17 23:24:44,074 - code_review.logger - INFO - Skipping file with unknown language: code_review/cloned_repos/yantra-frontend/src/pages/index.tsx
2024-09-17 23:24:44,074 - code_review.logger - INFO - Skipping file with unknown language: code_review/cloned_repos/yantra-frontend/src/pages/verification.tsx
2024-09-17 23:24:44,074 - code_review.logger - INFO - Skipping file with unknown language: code_review/cloned_repos/yantra-frontend/src/pages/verification.tsx
2024-09-17 23:24:44,074 - code_review.logger - INFO - Skipping file with unknown language: code_review/cloned_repos/yantra-frontend/src/pages/verification.tsx
2024-09-17 23:24:44,074 - code_review.logger - INFO - Skipping file with unknown language: code_review/cloned_repos/yantra-frontend/src/pages/_document.tsx
2024-09-17 23:24:44,074 - code_review.logger - INFO - Skipping file with unknown language: code_review/cloned_repos/yantra-frontend/src/pages/_document.tsx
2024-09-17 23:24:44,074 - code_review.logger - INFO - Skipping file with unknown language: code_review/cloned_repos/yantra-frontend/src/pages/_document.tsx
2024-09-17 23:24:44,074 - code_review.logger - INFO - Skipping file with unknown language: code_review/cloned_repos/yantra-frontend/src/pages/newGroup.tsx
2024-09-17 23:24:44,074 - code_review.logger - INFO - Skipping file with unknown language: code_review/cloned_repos/yantra-frontend/src/pages/newGroup.tsx
2024-09-17 23:24:44,074 - code_review.logger - INFO - Skipping file with unknown language: code_review/cloned_repos/yantra-frontend/src/pages/newGroup.tsx
2024-09-17 23:24:44,074 - code_review.logger - INFO - Skipping file with unknown language: code_review/cloned_repos/yantra-frontend/src/pages/mod_onboarding.tsx
2024-09-17 23:24:44,074 - code_review.logger - INFO - Skipping file with unknown language: code_review/cloned_repos/yantra-frontend/src/pages/mod_onboarding.tsx
2024-09-17 23:24:44,074 - code_review.logger - INFO - Skipping file with unknown language: code_review/cloned_repos/yantra-frontend/src/pages/mod_onboarding.tsx
2024-09-17 23:24:44,075 - code_review.logger - INFO - Skipping file with unknown language: code_review/cloned_repos/yantra-frontend/src/pages/user_onboarding.tsx
2024-09-17 23:24:44,075 - code_review.logger - INFO - Skipping file with unknown language: code_review/cloned_repos/yantra-frontend/src/pages/user_onboarding.tsx
2024-09-17 23:24:44,075 - code_review.logger - INFO - Skipping file with unknown language: code_review/cloned_repos/yantra-frontend/src/pages/user_onboarding.tsx
2024-09-17 23:24:44,075 - code_review.logger - INFO - Skipping file with unknown language: code_review/cloned_repos/yantra-frontend/src/pages/_app.tsx
2024-09-17 23:24:44,075 - code_review.logger - INFO - Skipping file with unknown language: code_review/cloned_repos/yantra-frontend/src/pages/_app.tsx
2024-09-17 23:24:44,075 - code_review.logger - INFO - Skipping file with unknown language: code_review/cloned_repos/yantra-frontend/src/pages/_app.tsx
2024-09-17 23:24:44,075 - code_review.logger - INFO - Skipping file with unknown language: code_review/cloned_repos/yantra-frontend/src/pages/journal/index.tsx
2024-09-17 23:24:44,075 - code_review.logger - INFO - Skipping file with unknown language: code_review/cloned_repos/yantra-frontend/src/pages/journal/index.tsx
2024-09-17 23:24:44,075 - code_review.logger - INFO - Skipping file with unknown language: code_review/cloned_repos/yantra-frontend/src/pages/journal/index.tsx
2024-09-17 23:24:44,075 - code_review.logger - INFO - Skipping file with unknown language: code_review/cloned_repos/yantra-frontend/src/pages/home/index.tsx
2024-09-17 23:24:44,075 - code_review.logger - INFO - Skipping file with unknown language: code_review/cloned_repos/yantra-frontend/src/pages/home/index.tsx
2024-09-17 23:24:44,075 - code_review.logger - INFO - Skipping file with unknown language: code_review/cloned_repos/yantra-frontend/src/pages/home/index.tsx
2024-09-17 23:24:44,075 - code_review.logger - INFO - Skipping file with unknown language: code_review/cloned_repos/yantra-frontend/src/pages/group/index.tsx
2024-09-17 23:24:44,075 - code_review.logger - INFO - Skipping file with unknown language: code_review/cloned_repos/yantra-frontend/src/pages/group/index.tsx
2024-09-17 23:24:44,075 - code_review.logger - INFO - Skipping file with unknown language: code_review/cloned_repos/yantra-frontend/src/pages/group/index.tsx
2024-09-17 23:24:44,075 - code_review.logger - INFO - Skipping file with unknown language: code_review/cloned_repos/yantra-frontend/src/pages/signup/index.tsx
2024-09-17 23:24:44,075 - code_review.logger - INFO - Skipping file with unknown language: code_review/cloned_repos/yantra-frontend/src/pages/signup/index.tsx
2024-09-17 23:24:44,075 - code_review.logger - INFO - Skipping file with unknown language: code_review/cloned_repos/yantra-frontend/src/pages/signup/index.tsx
2024-09-17 23:24:44,075 - code_review.logger - INFO - Skipping file with unknown language: code_review/cloned_repos/yantra-frontend/src/pages/signup/callback.tsx
2024-09-17 23:24:44,075 - code_review.logger - INFO - Skipping file with unknown language: code_review/cloned_repos/yantra-frontend/src/pages/signup/callback.tsx
2024-09-17 23:24:44,075 - code_review.logger - INFO - Skipping file with unknown language: code_review/cloned_repos/yantra-frontend/src/pages/signup/callback.tsx
2024-09-17 23:24:44,075 - code_review.logger - INFO - Skipping file with unknown language: code_review/cloned_repos/yantra-frontend/src/pages/resources/index.tsx
2024-09-17 23:24:44,075 - code_review.logger - INFO - Skipping file with unknown language: code_review/cloned_repos/yantra-frontend/src/pages/resources/index.tsx
2024-09-17 23:24:44,075 - code_review.logger - INFO - Skipping file with unknown language: code_review/cloned_repos/yantra-frontend/src/pages/resources/index.tsx
2024-09-17 23:24:44,075 - code_review.logger - INFO - Skipping file with unknown language: code_review/cloned_repos/yantra-frontend/src/pages/resources/[id].tsx
2024-09-17 23:24:44,075 - code_review.logger - INFO - Skipping file with unknown language: code_review/cloned_repos/yantra-frontend/src/pages/resources/[id].tsx
2024-09-17 23:24:44,075 - code_review.logger - INFO - Skipping file with unknown language: code_review/cloned_repos/yantra-frontend/src/pages/resources/[id].tsx
2024-09-17 23:24:44,075 - code_review.logger - INFO - Skipping file with unknown language: code_review/cloned_repos/yantra-frontend/src/pages/profile/index.tsx
2024-09-17 23:24:44,075 - code_review.logger - INFO - Skipping file with unknown language: code_review/cloned_repos/yantra-frontend/src/pages/profile/index.tsx
2024-09-17 23:24:44,075 - code_review.logger - INFO - Skipping file with unknown language: code_review/cloned_repos/yantra-frontend/src/pages/profile/index.tsx
2024-09-17 23:24:44,076 - code_review.logger - INFO - Skipping file with unknown language: code_review/cloned_repos/yantra-frontend/src/pages/events/index.tsx
2024-09-17 23:24:44,076 - code_review.logger - INFO - Skipping file with unknown language: code_review/cloned_repos/yantra-frontend/src/pages/events/index.tsx
2024-09-17 23:24:44,076 - code_review.logger - INFO - Skipping file with unknown language: code_review/cloned_repos/yantra-frontend/src/pages/events/index.tsx
2024-09-17 23:24:44,076 - code_review.logger - INFO - Skipping file with unknown language: code_review/cloned_repos/yantra-frontend/src/pages/events/[id].tsx
2024-09-17 23:24:44,076 - code_review.logger - INFO - Skipping file with unknown language: code_review/cloned_repos/yantra-frontend/src/pages/events/[id].tsx
2024-09-17 23:24:44,076 - code_review.logger - INFO - Skipping file with unknown language: code_review/cloned_repos/yantra-frontend/src/pages/events/[id].tsx
2024-09-17 23:24:44,076 - code_review.logger - INFO - Skipping file with unknown language: code_review/cloned_repos/yantra-frontend/src/pages/events/meet/[token].tsx
2024-09-17 23:24:44,076 - code_review.logger - INFO - Skipping file with unknown language: code_review/cloned_repos/yantra-frontend/src/pages/events/meet/[token].tsx
2024-09-17 23:24:44,076 - code_review.logger - INFO - Skipping file with unknown language: code_review/cloned_repos/yantra-frontend/src/pages/events/meet/[token].tsx
2024-09-17 23:24:44,076 - code_review.logger - INFO - Skipping file with unknown language: code_review/cloned_repos/yantra-frontend/src/pages/login/index.tsx
2024-09-17 23:24:44,076 - code_review.logger - INFO - Skipping file with unknown language: code_review/cloned_repos/yantra-frontend/src/pages/login/index.tsx
2024-09-17 23:24:44,076 - code_review.logger - INFO - Skipping file with unknown language: code_review/cloned_repos/yantra-frontend/src/pages/login/index.tsx
2024-09-17 23:24:44,076 - code_review.logger - INFO - Skipping file with unknown language: code_review/cloned_repos/yantra-frontend/src/pages/login/callback.tsx
2024-09-17 23:24:44,076 - code_review.logger - INFO - Skipping file with unknown language: code_review/cloned_repos/yantra-frontend/src/pages/login/callback.tsx
2024-09-17 23:24:44,076 - code_review.logger - INFO - Skipping file with unknown language: code_review/cloned_repos/yantra-frontend/src/pages/login/callback.tsx
2024-09-17 23:24:44,087 - code_review.logger - INFO - Skipping file with unknown language: code_review/cloned_repos/wordy/.prettierrc
2024-09-17 23:24:44,087 - code_review.logger - INFO - Skipping file with unknown language: code_review/cloned_repos/wordy/.prettierrc
2024-09-17 23:24:44,087 - code_review.logger - INFO - Skipping file with unknown language: code_review/cloned_repos/wordy/.prettierrc
2024-09-17 23:24:44,088 - code_review.logger - INFO - Skipping file with unknown language: code_review/cloned_repos/wordy/docker-compose.yml
2024-09-17 23:24:44,088 - code_review.logger - INFO - Skipping file with unknown language: code_review/cloned_repos/wordy/docker-compose.yml
2024-09-17 23:24:44,088 - code_review.logger - INFO - Skipping file with unknown language: code_review/cloned_repos/wordy/docker-compose.yml
2024-09-17 23:24:44,089 - code_review.logger - INFO - Skipping file with unknown language: code_review/cloned_repos/wordy/chunk_data/.._code_review_cloned_repos_wordy_tsconfig.json_chunks.txt
2024-09-17 23:24:44,089 - code_review.logger - INFO - Skipping file with unknown language: code_review/cloned_repos/wordy/chunk_data/.._code_review_cloned_repos_wordy_tsconfig.json_chunks.txt
2024-09-17 23:24:44,089 - code_review.logger - INFO - Skipping file with unknown language: code_review/cloned_repos/wordy/chunk_data/.._code_review_cloned_repos_wordy_tsconfig.json_chunks.txt
2024-09-17 23:24:44,089 - code_review.logger - INFO - Skipping file with unknown language: code_review/cloned_repos/wordy/chunk_data/.._code_review_cloned_repos_wordy_next.config.js_chunks.txt
2024-09-17 23:24:44,089 - code_review.logger - INFO - Skipping file with unknown language: code_review/cloned_repos/wordy/chunk_data/.._code_review_cloned_repos_wordy_next.config.js_chunks.txt
2024-09-17 23:24:44,089 - code_review.logger - INFO - Skipping file with unknown language: code_review/cloned_repos/wordy/chunk_data/.._code_review_cloned_repos_wordy_next.config.js_chunks.txt
2024-09-17 23:24:44,089 - code_review.logger - INFO - Skipping file with unknown language: code_review/cloned_repos/wordy/chunk_data/.._code_review_cloned_repos_wordy_.eslintrc.json_chunks.txt
2024-09-17 23:24:44,089 - code_review.logger - INFO - Skipping file with unknown language: code_review/cloned_repos/wordy/chunk_data/.._code_review_cloned_repos_wordy_.eslintrc.json_chunks.txt
2024-09-17 23:24:44,089 - code_review.logger - INFO - Skipping file with unknown language: code_review/cloned_repos/wordy/chunk_data/.._code_review_cloned_repos_wordy_.eslintrc.json_chunks.txt
2024-09-17 23:24:44,089 - code_review.logger - INFO - Skipping file with unknown language: code_review/cloned_repos/wordy/chunk_data/.._code_review_cloned_repos_wordy_package-lock.json_chunks.txt
2024-09-17 23:24:44,089 - code_review.logger - INFO - Skipping file with unknown language: code_review/cloned_repos/wordy/chunk_data/.._code_review_cloned_repos_wordy_package-lock.json_chunks.txt
2024-09-17 23:24:44,089 - code_review.logger - INFO - Skipping file with unknown language: code_review/cloned_repos/wordy/chunk_data/.._code_review_cloned_repos_wordy_package-lock.json_chunks.txt
2024-09-17 23:24:44,089 - code_review.logger - INFO - Skipping file with unknown language: code_review/cloned_repos/wordy/chunk_data/.._code_review_cloned_repos_wordy_README.md_chunks.txt
2024-09-17 23:24:44,089 - code_review.logger - INFO - Skipping file with unknown language: code_review/cloned_repos/wordy/chunk_data/.._code_review_cloned_repos_wordy_README.md_chunks.txt
2024-09-17 23:24:44,089 - code_review.logger - INFO - Skipping file with unknown language: code_review/cloned_repos/wordy/chunk_data/.._code_review_cloned_repos_wordy_README.md_chunks.txt
2024-09-17 23:24:44,089 - code_review.logger - INFO - Skipping file with unknown language: code_review/cloned_repos/wordy/chunk_data/.._code_review_cloned_repos_wordy_package.json_chunks.txt
2024-09-17 23:24:44,089 - code_review.logger - INFO - Skipping file with unknown language: code_review/cloned_repos/wordy/chunk_data/.._code_review_cloned_repos_wordy_package.json_chunks.txt
2024-09-17 23:24:44,089 - code_review.logger - INFO - Skipping file with unknown language: code_review/cloned_repos/wordy/chunk_data/.._code_review_cloned_repos_wordy_package.json_chunks.txt
2024-09-17 23:24:44,089 - code_review.logger - INFO - Skipping file with unknown language: code_review/cloned_repos/wordy/public/favicon.ico
2024-09-17 23:24:44,089 - code_review.logger - INFO - Skipping file with unknown language: code_review/cloned_repos/wordy/public/favicon.ico
2024-09-17 23:24:44,089 - code_review.logger - INFO - Skipping file with unknown language: code_review/cloned_repos/wordy/public/favicon.ico
2024-09-17 23:24:44,089 - code_review.logger - INFO - Skipping file with unknown language: code_review/cloned_repos/wordy/public/thirteen.svg
2024-09-17 23:24:44,089 - code_review.logger - INFO - Skipping file with unknown language: code_review/cloned_repos/wordy/public/thirteen.svg
2024-09-17 23:24:44,089 - code_review.logger - INFO - Skipping file with unknown language: code_review/cloned_repos/wordy/public/thirteen.svg
2024-09-17 23:24:44,089 - code_review.logger - INFO - Skipping file with unknown language: code_review/cloned_repos/wordy/public/vercel.svg
2024-09-17 23:24:44,089 - code_review.logger - INFO - Skipping file with unknown language: code_review/cloned_repos/wordy/public/vercel.svg
2024-09-17 23:24:44,089 - code_review.logger - INFO - Skipping file with unknown language: code_review/cloned_repos/wordy/public/vercel.svg
2024-09-17 23:24:44,089 - code_review.logger - INFO - Skipping file with unknown language: code_review/cloned_repos/wordy/public/next.svg
2024-09-17 23:24:44,089 - code_review.logger - INFO - Skipping file with unknown language: code_review/cloned_repos/wordy/public/next.svg
2024-09-17 23:24:44,089 - code_review.logger - INFO - Skipping file with unknown language: code_review/cloned_repos/wordy/public/next.svg
2024-09-17 23:24:44,095 - code_review.logger - INFO - Skipping file with unknown language: code_review/cloned_repos/wordy/src/components/navbar.tsx
2024-09-17 23:24:44,095 - code_review.logger - INFO - Skipping file with unknown language: code_review/cloned_repos/wordy/src/components/navbar.tsx
2024-09-17 23:24:44,095 - code_review.logger - INFO - Skipping file with unknown language: code_review/cloned_repos/wordy/src/components/navbar.tsx
2024-09-17 23:24:44,095 - code_review.logger - INFO - Skipping file with unknown language: code_review/cloned_repos/wordy/src/components/flashcard.tsx
2024-09-17 23:24:44,095 - code_review.logger - INFO - Skipping file with unknown language: code_review/cloned_repos/wordy/src/components/flashcard.tsx
2024-09-17 23:24:44,095 - code_review.logger - INFO - Skipping file with unknown language: code_review/cloned_repos/wordy/src/components/flashcard.tsx
2024-09-17 23:24:44,095 - code_review.logger - INFO - Skipping file with unknown language: code_review/cloned_repos/wordy/src/components/add_word.tsx
2024-09-17 23:24:44,095 - code_review.logger - INFO - Skipping file with unknown language: code_review/cloned_repos/wordy/src/components/add_word.tsx
2024-09-17 23:24:44,095 - code_review.logger - INFO - Skipping file with unknown language: code_review/cloned_repos/wordy/src/components/add_word.tsx
2024-09-17 23:24:44,095 - code_review.logger - INFO - Skipping file with unknown language: code_review/cloned_repos/wordy/src/components/word.tsx
2024-09-17 23:24:44,095 - code_review.logger - INFO - Skipping file with unknown language: code_review/cloned_repos/wordy/src/components/word.tsx
2024-09-17 23:24:44,095 - code_review.logger - INFO - Skipping file with unknown language: code_review/cloned_repos/wordy/src/components/word.tsx
2024-09-17 23:24:44,095 - code_review.logger - INFO - Skipping file with unknown language: code_review/cloned_repos/wordy/src/components/quiz_results.tsx
2024-09-17 23:24:44,095 - code_review.logger - INFO - Skipping file with unknown language: code_review/cloned_repos/wordy/src/components/quiz_results.tsx
2024-09-17 23:24:44,095 - code_review.logger - INFO - Skipping file with unknown language: code_review/cloned_repos/wordy/src/components/quiz_results.tsx
2024-09-17 23:24:44,096 - code_review.logger - INFO - Skipping file with unknown language: code_review/cloned_repos/wordy/src/components/quiz.tsx
2024-09-17 23:24:44,096 - code_review.logger - INFO - Skipping file with unknown language: code_review/cloned_repos/wordy/src/components/quiz.tsx
2024-09-17 23:24:44,096 - code_review.logger - INFO - Skipping file with unknown language: code_review/cloned_repos/wordy/src/components/quiz.tsx
2024-09-17 23:24:44,096 - code_review.logger - INFO - Skipping file with unknown language: code_review/cloned_repos/wordy/src/components/add_words_bulk.tsx
2024-09-17 23:24:44,096 - code_review.logger - INFO - Skipping file with unknown language: code_review/cloned_repos/wordy/src/components/add_words_bulk.tsx
2024-09-17 23:24:44,096 - code_review.logger - INFO - Skipping file with unknown language: code_review/cloned_repos/wordy/src/components/add_words_bulk.tsx
2024-09-17 23:24:44,096 - code_review.logger - INFO - Skipping file with unknown language: code_review/cloned_repos/wordy/src/pages/index.tsx
2024-09-17 23:24:44,096 - code_review.logger - INFO - Skipping file with unknown language: code_review/cloned_repos/wordy/src/pages/index.tsx
2024-09-17 23:24:44,096 - code_review.logger - INFO - Skipping file with unknown language: code_review/cloned_repos/wordy/src/pages/index.tsx
2024-09-17 23:24:44,096 - code_review.logger - INFO - Skipping file with unknown language: code_review/cloned_repos/wordy/src/pages/flashcards.tsx
2024-09-17 23:24:44,096 - code_review.logger - INFO - Skipping file with unknown language: code_review/cloned_repos/wordy/src/pages/flashcards.tsx
2024-09-17 23:24:44,096 - code_review.logger - INFO - Skipping file with unknown language: code_review/cloned_repos/wordy/src/pages/flashcards.tsx
2024-09-17 23:24:44,096 - code_review.logger - INFO - Skipping file with unknown language: code_review/cloned_repos/wordy/src/pages/scores.tsx
2024-09-17 23:24:44,096 - code_review.logger - INFO - Skipping file with unknown language: code_review/cloned_repos/wordy/src/pages/scores.tsx
2024-09-17 23:24:44,096 - code_review.logger - INFO - Skipping file with unknown language: code_review/cloned_repos/wordy/src/pages/scores.tsx
2024-09-17 23:24:44,096 - code_review.logger - INFO - Skipping file with unknown language: code_review/cloned_repos/wordy/src/pages/_document.tsx
2024-09-17 23:24:44,096 - code_review.logger - INFO - Skipping file with unknown language: code_review/cloned_repos/wordy/src/pages/_document.tsx
2024-09-17 23:24:44,096 - code_review.logger - INFO - Skipping file with unknown language: code_review/cloned_repos/wordy/src/pages/_document.tsx
2024-09-17 23:24:44,096 - code_review.logger - INFO - Skipping file with unknown language: code_review/cloned_repos/wordy/src/pages/words.tsx
2024-09-17 23:24:44,096 - code_review.logger - INFO - Skipping file with unknown language: code_review/cloned_repos/wordy/src/pages/words.tsx
2024-09-17 23:24:44,096 - code_review.logger - INFO - Skipping file with unknown language: code_review/cloned_repos/wordy/src/pages/words.tsx
2024-09-17 23:24:44,096 - code_review.logger - INFO - Skipping file with unknown language: code_review/cloned_repos/wordy/src/pages/quiz.tsx
2024-09-17 23:24:44,096 - code_review.logger - INFO - Skipping file with unknown language: code_review/cloned_repos/wordy/src/pages/quiz.tsx
2024-09-17 23:24:44,096 - code_review.logger - INFO - Skipping file with unknown language: code_review/cloned_repos/wordy/src/pages/quiz.tsx
2024-09-17 23:24:44,096 - code_review.logger - INFO - Skipping file with unknown language: code_review/cloned_repos/wordy/src/pages/_app.tsx
2024-09-17 23:24:44,096 - code_review.logger - INFO - Skipping file with unknown language: code_review/cloned_repos/wordy/src/pages/_app.tsx
2024-09-17 23:24:44,096 - code_review.logger - INFO - Skipping file with unknown language: code_review/cloned_repos/wordy/src/pages/_app.tsx
2024-09-17 23:24:52,422 - code_review.logger - INFO - Error processing file code_review/cloned_repos/wordy/chunk_data/.._code_review_cloned_repos_wordy_package-lock.json_chunks.txt: RetryError[<Future at 0x2fcdbbc50 state=finished raised RateLimitError>]
2024-09-17 23:24:52,422 - code_review.logger - INFO - Error processing file code_review/cloned_repos/wordy/chunk_data/.._code_review_cloned_repos_wordy_package-lock.json_chunks.txt: RetryError[<Future at 0x2fcdbbc50 state=finished raised RateLimitError>]
2024-09-17 23:24:52,422 - code_review.logger - INFO - Error processing file code_review/cloned_repos/wordy/chunk_data/.._code_review_cloned_repos_wordy_package-lock.json_chunks.txt: RetryError[<Future at 0x2fcdbbc50 state=finished raised RateLimitError>]
2024-09-17 23:24:53,874 - code_review.logger - INFO - Error processing file code_review/cloned_repos/lyrikplasm_backend/chunk_data/.._code_review_cloned_repos_lyrikplasm_backend_package-lock.json_chunks.txt: RetryError[<Future at 0x2ce0cfed0 state=finished raised RateLimitError>]
2024-09-17 23:24:53,874 - code_review.logger - INFO - Error processing file code_review/cloned_repos/lyrikplasm_backend/chunk_data/.._code_review_cloned_repos_lyrikplasm_backend_package-lock.json_chunks.txt: RetryError[<Future at 0x2ce0cfed0 state=finished raised RateLimitError>]
2024-09-17 23:24:53,874 - code_review.logger - INFO - Error processing file code_review/cloned_repos/lyrikplasm_backend/chunk_data/.._code_review_cloned_repos_lyrikplasm_backend_package-lock.json_chunks.txt: RetryError[<Future at 0x2ce0cfed0 state=finished raised RateLimitError>]
2024-09-17 23:24:55,172 - code_review.logger - INFO - Error processing file code_review/cloned_repos/yantra-frontend/chunk_data/.._code_review_cloned_repos_yantra-frontend_src_types_initials.ts_chunks.txt: RetryError[<Future at 0x2fdd8f8d0 state=finished raised RateLimitError>]
2024-09-17 23:24:55,172 - code_review.logger - INFO - Error processing file code_review/cloned_repos/yantra-frontend/chunk_data/.._code_review_cloned_repos_yantra-frontend_src_types_initials.ts_chunks.txt: RetryError[<Future at 0x2fdd8f8d0 state=finished raised RateLimitError>]
2024-09-17 23:24:55,172 - code_review.logger - INFO - Error processing file code_review/cloned_repos/yantra-frontend/chunk_data/.._code_review_cloned_repos_yantra-frontend_src_types_initials.ts_chunks.txt: RetryError[<Future at 0x2fdd8f8d0 state=finished raised RateLimitError>]
2024-09-17 23:24:56,172 - code_review.logger - INFO - Error processing file code_review/cloned_repos/yantra-frontend/chunk_data/.._code_review_cloned_repos_yantra-frontend_src_components_Header_index.module.css_chunks.txt: RetryError[<Future at 0x2a75353d0 state=finished raised RateLimitError>]
2024-09-17 23:24:56,172 - code_review.logger - INFO - Error processing file code_review/cloned_repos/yantra-frontend/chunk_data/.._code_review_cloned_repos_yantra-frontend_src_components_Header_index.module.css_chunks.txt: RetryError[<Future at 0x2a75353d0 state=finished raised RateLimitError>]
2024-09-17 23:24:56,172 - code_review.logger - INFO - Error processing file code_review/cloned_repos/yantra-frontend/chunk_data/.._code_review_cloned_repos_yantra-frontend_src_components_Header_index.module.css_chunks.txt: RetryError[<Future at 0x2a75353d0 state=finished raised RateLimitError>]
2024-09-17 23:24:57,086 - code_review.logger - INFO - Error processing file code_review/cloned_repos/yantra-frontend/chunk_data/.._code_review_cloned_repos_yantra-frontend_src_slices_messagingSlice.ts_chunks.txt: RetryError[<Future at 0x2fddc23d0 state=finished raised RateLimitError>]
2024-09-17 23:24:57,086 - code_review.logger - INFO - Error processing file code_review/cloned_repos/yantra-frontend/chunk_data/.._code_review_cloned_repos_yantra-frontend_src_slices_messagingSlice.ts_chunks.txt: RetryError[<Future at 0x2fddc23d0 state=finished raised RateLimitError>]
2024-09-17 23:24:57,086 - code_review.logger - INFO - Error processing file code_review/cloned_repos/yantra-frontend/chunk_data/.._code_review_cloned_repos_yantra-frontend_src_slices_messagingSlice.ts_chunks.txt: RetryError[<Future at 0x2fddc23d0 state=finished raised RateLimitError>]
2024-09-17 23:24:57,771 - code_review.logger - INFO - Error processing file code_review/cloned_repos/wordy/chunk_data/.._code_review_cloned_repos_wordy_src_pages_api_quiz_personalized.ts_chunks.txt: RetryError[<Future at 0x2fddd4f90 state=finished raised RateLimitError>]
2024-09-17 23:24:57,771 - code_review.logger - INFO - Error processing file code_review/cloned_repos/wordy/chunk_data/.._code_review_cloned_repos_wordy_src_pages_api_quiz_personalized.ts_chunks.txt: RetryError[<Future at 0x2fddd4f90 state=finished raised RateLimitError>]
2024-09-17 23:24:57,771 - code_review.logger - INFO - Error processing file code_review/cloned_repos/wordy/chunk_data/.._code_review_cloned_repos_wordy_src_pages_api_quiz_personalized.ts_chunks.txt: RetryError[<Future at 0x2fddd4f90 state=finished raised RateLimitError>]
2024-09-17 23:25:01,501 - code_review.logger - INFO - Error processing file code_review/cloned_repos/yantra-frontend/chunk_data/.._code_review_cloned_repos_yantra-frontend_package-lock.json_chunks.txt: RetryError[<Future at 0x2fddd5790 state=finished raised RateLimitError>]
2024-09-17 23:25:01,501 - code_review.logger - INFO - Error processing file code_review/cloned_repos/yantra-frontend/chunk_data/.._code_review_cloned_repos_yantra-frontend_package-lock.json_chunks.txt: RetryError[<Future at 0x2fddd5790 state=finished raised RateLimitError>]
2024-09-17 23:25:01,501 - code_review.logger - INFO - Error processing file code_review/cloned_repos/yantra-frontend/chunk_data/.._code_review_cloned_repos_yantra-frontend_package-lock.json_chunks.txt: RetryError[<Future at 0x2fddd5790 state=finished raised RateLimitError>]
2024-09-17 23:25:02,655 - code_review.logger - INFO - Error processing file code_review/cloned_repos/yantra-frontend/chunk_data/.._code_review_cloned_repos_yantra-frontend_src_helpers_ws.ts_chunks.txt: RetryError[<Future at 0x2fddfc3d0 state=finished raised RateLimitError>]
2024-09-17 23:25:02,655 - code_review.logger - INFO - Error processing file code_review/cloned_repos/yantra-frontend/chunk_data/.._code_review_cloned_repos_yantra-frontend_src_helpers_ws.ts_chunks.txt: RetryError[<Future at 0x2fddfc3d0 state=finished raised RateLimitError>]
2024-09-17 23:25:02,655 - code_review.logger - INFO - Error processing file code_review/cloned_repos/yantra-frontend/chunk_data/.._code_review_cloned_repos_yantra-frontend_src_helpers_ws.ts_chunks.txt: RetryError[<Future at 0x2fddfc3d0 state=finished raised RateLimitError>]
2024-09-17 23:25:03,638 - code_review.logger - INFO - Error processing file code_review/cloned_repos/yantra-frontend/chunk_data/.._code_review_cloned_repos_yantra-frontend_src_utils_skill_suggestions.ts_chunks.txt: RetryError[<Future at 0x2fe9126d0 state=finished raised RateLimitError>]
2024-09-17 23:25:03,638 - code_review.logger - INFO - Error processing file code_review/cloned_repos/yantra-frontend/chunk_data/.._code_review_cloned_repos_yantra-frontend_src_utils_skill_suggestions.ts_chunks.txt: RetryError[<Future at 0x2fe9126d0 state=finished raised RateLimitError>]
2024-09-17 23:25:03,638 - code_review.logger - INFO - Error processing file code_review/cloned_repos/yantra-frontend/chunk_data/.._code_review_cloned_repos_yantra-frontend_src_utils_skill_suggestions.ts_chunks.txt: RetryError[<Future at 0x2fe9126d0 state=finished raised RateLimitError>]
2024-09-17 23:26:16,358 - code_review.logger - INFO - Error processing file code_review/cloned_repos/yantra-frontend/chunk_data/.._code_review_cloned_repos_yantra-frontend_src_hooks_user_fetcher.ts_chunks.txt: RetryError[<Future at 0x2fee59350 state=finished raised RateLimitError>]
2024-09-17 23:26:16,358 - code_review.logger - INFO - Error processing file code_review/cloned_repos/yantra-frontend/chunk_data/.._code_review_cloned_repos_yantra-frontend_src_hooks_user_fetcher.ts_chunks.txt: RetryError[<Future at 0x2fee59350 state=finished raised RateLimitError>]
2024-09-17 23:26:16,358 - code_review.logger - INFO - Error processing file code_review/cloned_repos/yantra-frontend/chunk_data/.._code_review_cloned_repos_yantra-frontend_src_hooks_user_fetcher.ts_chunks.txt: RetryError[<Future at 0x2fee59350 state=finished raised RateLimitError>]
2024-09-17 23:26:17,951 - code_review.logger - INFO - Error processing file code_review/cloned_repos/lyrikplasm_backend/chunk_data/.._code_review_cloned_repos_lyrikplasm_backend_utils_joiValidators_reviewValidator.js_chunks.txt: RetryError[<Future at 0x2fdd5ef50 state=finished raised RateLimitError>]
2024-09-17 23:26:17,951 - code_review.logger - INFO - Error processing file code_review/cloned_repos/lyrikplasm_backend/chunk_data/.._code_review_cloned_repos_lyrikplasm_backend_utils_joiValidators_reviewValidator.js_chunks.txt: RetryError[<Future at 0x2fdd5ef50 state=finished raised RateLimitError>]
2024-09-17 23:26:17,951 - code_review.logger - INFO - Error processing file code_review/cloned_repos/lyrikplasm_backend/chunk_data/.._code_review_cloned_repos_lyrikplasm_backend_utils_joiValidators_reviewValidator.js_chunks.txt: RetryError[<Future at 0x2fdd5ef50 state=finished raised RateLimitError>]
2024-09-17 23:26:17,964 - code_review.logger - INFO - Error processing file code_review/cloned_repos/lyrikplasm_backend/chunk_data/.._code_review_cloned_repos_lyrikplasm_backend_package.json_chunks.txt: RetryError[<Future at 0x2fddf1fd0 state=finished raised RateLimitError>]
2024-09-17 23:26:17,964 - code_review.logger - INFO - Error processing file code_review/cloned_repos/lyrikplasm_backend/chunk_data/.._code_review_cloned_repos_lyrikplasm_backend_package.json_chunks.txt: RetryError[<Future at 0x2fddf1fd0 state=finished raised RateLimitError>]
2024-09-17 23:26:17,964 - code_review.logger - INFO - Error processing file code_review/cloned_repos/lyrikplasm_backend/chunk_data/.._code_review_cloned_repos_lyrikplasm_backend_package.json_chunks.txt: RetryError[<Future at 0x2fddf1fd0 state=finished raised RateLimitError>]
2024-09-17 23:26:20,078 - code_review.logger - INFO - Error processing file code_review/cloned_repos/yantra-frontend/chunk_data/.._code_review_cloned_repos_yantra-frontend_src_styles_loader.css_chunks.txt: RetryError[<Future at 0x2fee80890 state=finished raised BadRequestError>]
2024-09-17 23:26:20,078 - code_review.logger - INFO - Error processing file code_review/cloned_repos/yantra-frontend/chunk_data/.._code_review_cloned_repos_yantra-frontend_src_styles_loader.css_chunks.txt: RetryError[<Future at 0x2fee80890 state=finished raised BadRequestError>]
2024-09-17 23:26:20,078 - code_review.logger - INFO - Error processing file code_review/cloned_repos/yantra-frontend/chunk_data/.._code_review_cloned_repos_yantra-frontend_src_styles_loader.css_chunks.txt: RetryError[<Future at 0x2fee80890 state=finished raised BadRequestError>]
2024-09-17 23:26:22,345 - code_review.logger - INFO - Error processing file code_review/cloned_repos/lyrikplasm_backend/chunk_data/.._code_review_cloned_repos_lyrikplasm_backend_app.js_chunks.txt: RetryError[<Future at 0x2fddb9dd0 state=finished raised RateLimitError>]
2024-09-17 23:26:22,345 - code_review.logger - INFO - Error processing file code_review/cloned_repos/lyrikplasm_backend/chunk_data/.._code_review_cloned_repos_lyrikplasm_backend_app.js_chunks.txt: RetryError[<Future at 0x2fddb9dd0 state=finished raised RateLimitError>]
2024-09-17 23:26:22,345 - code_review.logger - INFO - Error processing file code_review/cloned_repos/lyrikplasm_backend/chunk_data/.._code_review_cloned_repos_lyrikplasm_backend_app.js_chunks.txt: RetryError[<Future at 0x2fddb9dd0 state=finished raised RateLimitError>]
2024-09-17 23:26:26,635 - code_review.logger - INFO - Error processing file code_review/cloned_repos/yantra-frontend/chunk_data/.._code_review_cloned_repos_yantra-frontend_package.json_chunks.txt: RetryError[<Future at 0x2fee5aa50 state=finished raised RateLimitError>]
2024-09-17 23:26:26,635 - code_review.logger - INFO - Error processing file code_review/cloned_repos/yantra-frontend/chunk_data/.._code_review_cloned_repos_yantra-frontend_package.json_chunks.txt: RetryError[<Future at 0x2fee5aa50 state=finished raised RateLimitError>]
2024-09-17 23:26:26,635 - code_review.logger - INFO - Error processing file code_review/cloned_repos/yantra-frontend/chunk_data/.._code_review_cloned_repos_yantra-frontend_package.json_chunks.txt: RetryError[<Future at 0x2fee5aa50 state=finished raised RateLimitError>]
2024-09-17 23:26:30,755 - code_review.logger - INFO - Error processing file code_review/cloned_repos/lyrikplasm_backend/chunk_data/.._code_review_cloned_repos_lyrikplasm_backend_logs_logger.js_chunks.txt: RetryError[<Future at 0x2fdd03090 state=finished raised RateLimitError>]
2024-09-17 23:26:30,755 - code_review.logger - INFO - Error processing file code_review/cloned_repos/lyrikplasm_backend/chunk_data/.._code_review_cloned_repos_lyrikplasm_backend_logs_logger.js_chunks.txt: RetryError[<Future at 0x2fdd03090 state=finished raised RateLimitError>]
2024-09-17 23:26:30,755 - code_review.logger - INFO - Error processing file code_review/cloned_repos/lyrikplasm_backend/chunk_data/.._code_review_cloned_repos_lyrikplasm_backend_logs_logger.js_chunks.txt: RetryError[<Future at 0x2fdd03090 state=finished raised RateLimitError>]
2024-09-17 23:26:49,677 - code_review.logger - INFO - Error processing file code_review/cloned_repos/lyrikplasm_backend/chunk_data/.._code_review_cloned_repos_lyrikplasm_backend_routers_songRouter.js_chunks.txt: RetryError[<Future at 0x2fe9d1550 state=finished raised BadRequestError>]
2024-09-17 23:26:49,677 - code_review.logger - INFO - Error processing file code_review/cloned_repos/lyrikplasm_backend/chunk_data/.._code_review_cloned_repos_lyrikplasm_backend_routers_songRouter.js_chunks.txt: RetryError[<Future at 0x2fe9d1550 state=finished raised BadRequestError>]
2024-09-17 23:26:49,677 - code_review.logger - INFO - Error processing file code_review/cloned_repos/lyrikplasm_backend/chunk_data/.._code_review_cloned_repos_lyrikplasm_backend_routers_songRouter.js_chunks.txt: RetryError[<Future at 0x2fe9d1550 state=finished raised BadRequestError>]
2024-09-17 23:26:55,302 - code_review.logger - INFO - Error processing file code_review/cloned_repos/yantra-frontend/chunk_data/.._code_review_cloned_repos_yantra-frontend_src_slices_userSlice.ts_chunks.txt: RetryError[<Future at 0x2feeb8d50 state=finished raised RateLimitError>]
2024-09-17 23:26:55,302 - code_review.logger - INFO - Error processing file code_review/cloned_repos/yantra-frontend/chunk_data/.._code_review_cloned_repos_yantra-frontend_src_slices_userSlice.ts_chunks.txt: RetryError[<Future at 0x2feeb8d50 state=finished raised RateLimitError>]
2024-09-17 23:26:55,302 - code_review.logger - INFO - Error processing file code_review/cloned_repos/yantra-frontend/chunk_data/.._code_review_cloned_repos_yantra-frontend_src_slices_userSlice.ts_chunks.txt: RetryError[<Future at 0x2feeb8d50 state=finished raised RateLimitError>]
2024-09-17 23:26:56,528 - code_review.logger - INFO - Error processing file code_review/cloned_repos/yantra-frontend/chunk_data/.._code_review_cloned_repos_yantra-frontend_src_styles_Home.module.css_chunks.txt: RetryError[<Future at 0x2a8e5cc50 state=finished raised BadRequestError>]
2024-09-17 23:26:56,528 - code_review.logger - INFO - Error processing file code_review/cloned_repos/yantra-frontend/chunk_data/.._code_review_cloned_repos_yantra-frontend_src_styles_Home.module.css_chunks.txt: RetryError[<Future at 0x2a8e5cc50 state=finished raised BadRequestError>]
2024-09-17 23:26:56,528 - code_review.logger - INFO - Error processing file code_review/cloned_repos/yantra-frontend/chunk_data/.._code_review_cloned_repos_yantra-frontend_src_styles_Home.module.css_chunks.txt: RetryError[<Future at 0x2a8e5cc50 state=finished raised BadRequestError>]
2024-09-17 23:30:15,018 - code_review.logger - INFO - Cloning repository to: code_review/cloned_repos/wordy
2024-09-17 23:30:15,018 - code_review.logger - INFO - Cloning repository to: code_review/cloned_repos/wordy
2024-09-17 23:30:15,018 - code_review.logger - INFO - Cloning repository to: code_review/cloned_repos/yantra-frontend
2024-09-17 23:30:15,018 - code_review.logger - INFO - Cloning repository to: code_review/cloned_repos/wordy
2024-09-17 23:30:15,018 - code_review.logger - INFO - Cloning repository to: code_review/cloned_repos/yantra-frontend
2024-09-17 23:30:15,018 - code_review.logger - INFO - Cloning repository to: code_review/cloned_repos/lyrikplasm_backend
2024-09-17 23:30:15,018 - code_review.logger - INFO - Cloning repository to: code_review/cloned_repos/yantra-frontend
2024-09-17 23:30:15,018 - code_review.logger - INFO - Cloning repository to: code_review/cloned_repos/lyrikplasm_backend
2024-09-17 23:30:15,018 - code_review.logger - INFO - Cloning repository to: code_review/cloned_repos/lyrikplasm_backend
2024-09-17 23:30:22,111 - code_review.logger - INFO - Skipping file with unknown language: code_review/cloned_repos/wordy/Dockerfile
2024-09-17 23:30:22,111 - code_review.logger - INFO - Skipping file with unknown language: code_review/cloned_repos/wordy/Dockerfile
2024-09-17 23:30:22,111 - code_review.logger - INFO - Skipping file with unknown language: code_review/cloned_repos/wordy/Dockerfile
2024-09-17 23:30:22,220 - code_review.logger - INFO - Skipping file with unknown language: code_review/cloned_repos/lyrikplasm_backend/.gitignore
2024-09-17 23:30:22,220 - code_review.logger - INFO - Skipping file with unknown language: code_review/cloned_repos/lyrikplasm_backend/.gitignore
2024-09-17 23:30:22,220 - code_review.logger - INFO - Skipping file with unknown language: code_review/cloned_repos/lyrikplasm_backend/.gitignore
2024-09-17 23:30:22,222 - code_review.logger - INFO - Skipping file with unknown language: code_review/cloned_repos/wordy/.gitignore
2024-09-17 23:30:22,222 - code_review.logger - INFO - Skipping file with unknown language: code_review/cloned_repos/wordy/.gitignore
2024-09-17 23:30:22,222 - code_review.logger - INFO - Skipping file with unknown language: code_review/cloned_repos/wordy/.gitignore
2024-09-17 23:30:22,224 - code_review.logger - INFO - Skipping file with unknown language: code_review/cloned_repos/yantra-frontend/.gitignore
2024-09-17 23:30:22,224 - code_review.logger - INFO - Skipping file with unknown language: code_review/cloned_repos/yantra-frontend/.gitignore
2024-09-17 23:30:22,224 - code_review.logger - INFO - Skipping file with unknown language: code_review/cloned_repos/yantra-frontend/.gitignore
2024-09-17 23:30:22,410 - code_review.logger - INFO - Skipping file with unknown language: code_review/cloned_repos/lyrikplasm_backend/utils/email_templates/forgotPassword.handlebars
2024-09-17 23:30:22,410 - code_review.logger - INFO - Skipping file with unknown language: code_review/cloned_repos/lyrikplasm_backend/utils/email_templates/forgotPassword.handlebars
2024-09-17 23:30:22,410 - code_review.logger - INFO - Skipping file with unknown language: code_review/cloned_repos/lyrikplasm_backend/utils/email_templates/forgotPassword.handlebars
2024-09-17 23:30:22,414 - code_review.logger - INFO - Skipping file with unknown language: code_review/cloned_repos/lyrikplasm_backend/chunk_data/.._code_review_cloned_repos_lyrikplasm_backend_utils_joiValidators_songValidator.js_chunks.txt
2024-09-17 23:30:22,414 - code_review.logger - INFO - Skipping file with unknown language: code_review/cloned_repos/lyrikplasm_backend/chunk_data/.._code_review_cloned_repos_lyrikplasm_backend_utils_joiValidators_songValidator.js_chunks.txt
2024-09-17 23:30:22,414 - code_review.logger - INFO - Skipping file with unknown language: code_review/cloned_repos/lyrikplasm_backend/chunk_data/.._code_review_cloned_repos_lyrikplasm_backend_utils_joiValidators_songValidator.js_chunks.txt
2024-09-17 23:30:22,414 - code_review.logger - INFO - Skipping file with unknown language: code_review/cloned_repos/lyrikplasm_backend/chunk_data/.._code_review_cloned_repos_lyrikplasm_backend_utils_joiValidators_userValidator.js_chunks.txt
2024-09-17 23:30:22,414 - code_review.logger - INFO - Skipping file with unknown language: code_review/cloned_repos/lyrikplasm_backend/chunk_data/.._code_review_cloned_repos_lyrikplasm_backend_utils_joiValidators_userValidator.js_chunks.txt
2024-09-17 23:30:22,414 - code_review.logger - INFO - Skipping file with unknown language: code_review/cloned_repos/lyrikplasm_backend/chunk_data/.._code_review_cloned_repos_lyrikplasm_backend_utils_joiValidators_userValidator.js_chunks.txt
2024-09-17 23:30:22,414 - code_review.logger - INFO - Skipping file with unknown language: code_review/cloned_repos/lyrikplasm_backend/chunk_data/.._code_review_cloned_repos_lyrikplasm_backend_routers_userRouter.js_chunks.txt
2024-09-17 23:30:22,414 - code_review.logger - INFO - Skipping file with unknown language: code_review/cloned_repos/lyrikplasm_backend/chunk_data/.._code_review_cloned_repos_lyrikplasm_backend_routers_userRouter.js_chunks.txt
2024-09-17 23:30:22,414 - code_review.logger - INFO - Skipping file with unknown language: code_review/cloned_repos/lyrikplasm_backend/chunk_data/.._code_review_cloned_repos_lyrikplasm_backend_routers_userRouter.js_chunks.txt
2024-09-17 23:30:22,414 - code_review.logger - INFO - Skipping file with unknown language: code_review/cloned_repos/lyrikplasm_backend/chunk_data/.._code_review_cloned_repos_lyrikplasm_backend_managers_catchAsync.js_chunks.txt
2024-09-17 23:30:22,414 - code_review.logger - INFO - Skipping file with unknown language: code_review/cloned_repos/lyrikplasm_backend/chunk_data/.._code_review_cloned_repos_lyrikplasm_backend_managers_catchAsync.js_chunks.txt
2024-09-17 23:30:22,414 - code_review.logger - INFO - Skipping file with unknown language: code_review/cloned_repos/lyrikplasm_backend/chunk_data/.._code_review_cloned_repos_lyrikplasm_backend_managers_catchAsync.js_chunks.txt
2024-09-17 23:30:22,414 - code_review.logger - INFO - Skipping file with unknown language: code_review/cloned_repos/lyrikplasm_backend/chunk_data/.._code_review_cloned_repos_lyrikplasm_backend_utils_parserers_reviewUploadParserer.js_chunks.txt
2024-09-17 23:30:22,414 - code_review.logger - INFO - Skipping file with unknown language: code_review/cloned_repos/lyrikplasm_backend/chunk_data/.._code_review_cloned_repos_lyrikplasm_backend_utils_parserers_reviewUploadParserer.js_chunks.txt
2024-09-17 23:30:22,414 - code_review.logger - INFO - Skipping file with unknown language: code_review/cloned_repos/lyrikplasm_backend/chunk_data/.._code_review_cloned_repos_lyrikplasm_backend_utils_parserers_reviewUploadParserer.js_chunks.txt
2024-09-17 23:30:22,415 - code_review.logger - INFO - Skipping file with unknown language: code_review/cloned_repos/lyrikplasm_backend/chunk_data/.._code_review_cloned_repos_lyrikplasm_backend_utils_multerConfigs_multerFilter.js_chunks.txt
2024-09-17 23:30:22,415 - code_review.logger - INFO - Skipping file with unknown language: code_review/cloned_repos/lyrikplasm_backend/chunk_data/.._code_review_cloned_repos_lyrikplasm_backend_utils_multerConfigs_multerFilter.js_chunks.txt
2024-09-17 23:30:22,415 - code_review.logger - INFO - Skipping file with unknown language: code_review/cloned_repos/lyrikplasm_backend/chunk_data/.._code_review_cloned_repos_lyrikplasm_backend_utils_multerConfigs_multerFilter.js_chunks.txt
2024-09-17 23:30:22,415 - code_review.logger - INFO - Skipping file with unknown language: code_review/cloned_repos/lyrikplasm_backend/chunk_data/.._code_review_cloned_repos_lyrikplasm_backend_constants.js_chunks.txt
2024-09-17 23:30:22,415 - code_review.logger - INFO - Skipping file with unknown language: code_review/cloned_repos/lyrikplasm_backend/chunk_data/.._code_review_cloned_repos_lyrikplasm_backend_constants.js_chunks.txt
2024-09-17 23:30:22,415 - code_review.logger - INFO - Skipping file with unknown language: code_review/cloned_repos/lyrikplasm_backend/chunk_data/.._code_review_cloned_repos_lyrikplasm_backend_constants.js_chunks.txt
2024-09-17 23:30:22,415 - code_review.logger - INFO - Skipping file with unknown language: code_review/cloned_repos/lyrikplasm_backend/chunk_data/.._code_review_cloned_repos_lyrikplasm_backend_utils_uploadPic.js_chunks.txt
2024-09-17 23:30:22,415 - code_review.logger - INFO - Skipping file with unknown language: code_review/cloned_repos/lyrikplasm_backend/chunk_data/.._code_review_cloned_repos_lyrikplasm_backend_utils_uploadPic.js_chunks.txt
2024-09-17 23:30:22,415 - code_review.logger - INFO - Skipping file with unknown language: code_review/cloned_repos/lyrikplasm_backend/chunk_data/.._code_review_cloned_repos_lyrikplasm_backend_utils_uploadPic.js_chunks.txt
2024-09-17 23:30:22,415 - code_review.logger - INFO - Skipping file with unknown language: code_review/cloned_repos/lyrikplasm_backend/chunk_data/.._code_review_cloned_repos_lyrikplasm_backend_utils_paymentsHandler.js_chunks.txt
2024-09-17 23:30:22,415 - code_review.logger - INFO - Skipping file with unknown language: code_review/cloned_repos/lyrikplasm_backend/chunk_data/.._code_review_cloned_repos_lyrikplasm_backend_utils_paymentsHandler.js_chunks.txt
2024-09-17 23:30:22,415 - code_review.logger - INFO - Skipping file with unknown language: code_review/cloned_repos/lyrikplasm_backend/chunk_data/.._code_review_cloned_repos_lyrikplasm_backend_utils_paymentsHandler.js_chunks.txt
2024-09-17 23:30:22,415 - code_review.logger - INFO - Skipping file with unknown language: code_review/cloned_repos/lyrikplasm_backend/chunk_data/.._code_review_cloned_repos_lyrikplasm_backend_managers_DB.js_chunks.txt
2024-09-17 23:30:22,415 - code_review.logger - INFO - Skipping file with unknown language: code_review/cloned_repos/lyrikplasm_backend/chunk_data/.._code_review_cloned_repos_lyrikplasm_backend_managers_DB.js_chunks.txt
2024-09-17 23:30:22,415 - code_review.logger - INFO - Skipping file with unknown language: code_review/cloned_repos/lyrikplasm_backend/chunk_data/.._code_review_cloned_repos_lyrikplasm_backend_managers_DB.js_chunks.txt
2024-09-17 23:30:22,415 - code_review.logger - INFO - Skipping file with unknown language: code_review/cloned_repos/lyrikplasm_backend/chunk_data/.._code_review_cloned_repos_lyrikplasm_backend_package-lock.json_chunks.txt
2024-09-17 23:30:22,415 - code_review.logger - INFO - Skipping file with unknown language: code_review/cloned_repos/lyrikplasm_backend/chunk_data/.._code_review_cloned_repos_lyrikplasm_backend_package-lock.json_chunks.txt
2024-09-17 23:30:22,415 - code_review.logger - INFO - Skipping file with unknown language: code_review/cloned_repos/lyrikplasm_backend/chunk_data/.._code_review_cloned_repos_lyrikplasm_backend_package-lock.json_chunks.txt
2024-09-17 23:30:22,415 - code_review.logger - INFO - Skipping file with unknown language: code_review/cloned_repos/lyrikplasm_backend/chunk_data/.._code_review_cloned_repos_lyrikplasm_backend_utils_joiValidators_reviewValidator.js_chunks.txt
2024-09-17 23:30:22,415 - code_review.logger - INFO - Skipping file with unknown language: code_review/cloned_repos/lyrikplasm_backend/chunk_data/.._code_review_cloned_repos_lyrikplasm_backend_utils_joiValidators_reviewValidator.js_chunks.txt
2024-09-17 23:30:22,415 - code_review.logger - INFO - Skipping file with unknown language: code_review/cloned_repos/lyrikplasm_backend/chunk_data/.._code_review_cloned_repos_lyrikplasm_backend_utils_joiValidators_reviewValidator.js_chunks.txt
2024-09-17 23:30:22,415 - code_review.logger - INFO - Skipping file with unknown language: code_review/cloned_repos/lyrikplasm_backend/chunk_data/.._code_review_cloned_repos_lyrikplasm_backend_package.json_chunks.txt
2024-09-17 23:30:22,415 - code_review.logger - INFO - Skipping file with unknown language: code_review/cloned_repos/lyrikplasm_backend/chunk_data/.._code_review_cloned_repos_lyrikplasm_backend_package.json_chunks.txt
2024-09-17 23:30:22,415 - code_review.logger - INFO - Skipping file with unknown language: code_review/cloned_repos/lyrikplasm_backend/chunk_data/.._code_review_cloned_repos_lyrikplasm_backend_package.json_chunks.txt
2024-09-17 23:30:22,415 - code_review.logger - INFO - Skipping file with unknown language: code_review/cloned_repos/lyrikplasm_backend/chunk_data/.._code_review_cloned_repos_lyrikplasm_backend_app.js_chunks.txt
2024-09-17 23:30:22,415 - code_review.logger - INFO - Skipping file with unknown language: code_review/cloned_repos/lyrikplasm_backend/chunk_data/.._code_review_cloned_repos_lyrikplasm_backend_app.js_chunks.txt
2024-09-17 23:30:22,415 - code_review.logger - INFO - Skipping file with unknown language: code_review/cloned_repos/lyrikplasm_backend/chunk_data/.._code_review_cloned_repos_lyrikplasm_backend_app.js_chunks.txt
2024-09-17 23:30:22,415 - code_review.logger - INFO - Skipping file with unknown language: code_review/cloned_repos/lyrikplasm_backend/chunk_data/.._code_review_cloned_repos_lyrikplasm_backend_utils_resizePic.js_chunks.txt
2024-09-17 23:30:22,415 - code_review.logger - INFO - Skipping file with unknown language: code_review/cloned_repos/lyrikplasm_backend/chunk_data/.._code_review_cloned_repos_lyrikplasm_backend_utils_resizePic.js_chunks.txt
2024-09-17 23:30:22,415 - code_review.logger - INFO - Skipping file with unknown language: code_review/cloned_repos/lyrikplasm_backend/chunk_data/.._code_review_cloned_repos_lyrikplasm_backend_utils_resizePic.js_chunks.txt
2024-09-17 23:30:22,416 - code_review.logger - INFO - Skipping file with unknown language: code_review/cloned_repos/lyrikplasm_backend/chunk_data/.._code_review_cloned_repos_lyrikplasm_backend_managers_AppError.js_chunks.txt
2024-09-17 23:30:22,416 - code_review.logger - INFO - Skipping file with unknown language: code_review/cloned_repos/lyrikplasm_backend/chunk_data/.._code_review_cloned_repos_lyrikplasm_backend_managers_AppError.js_chunks.txt
2024-09-17 23:30:22,416 - code_review.logger - INFO - Skipping file with unknown language: code_review/cloned_repos/lyrikplasm_backend/chunk_data/.._code_review_cloned_repos_lyrikplasm_backend_managers_AppError.js_chunks.txt
2024-09-17 23:30:22,416 - code_review.logger - INFO - Skipping file with unknown language: code_review/cloned_repos/lyrikplasm_backend/chunk_data/.._code_review_cloned_repos_lyrikplasm_backend_utils_HandlerFactory.js_chunks.txt
2024-09-17 23:30:22,416 - code_review.logger - INFO - Skipping file with unknown language: code_review/cloned_repos/lyrikplasm_backend/chunk_data/.._code_review_cloned_repos_lyrikplasm_backend_utils_HandlerFactory.js_chunks.txt
2024-09-17 23:30:22,416 - code_review.logger - INFO - Skipping file with unknown language: code_review/cloned_repos/lyrikplasm_backend/chunk_data/.._code_review_cloned_repos_lyrikplasm_backend_utils_HandlerFactory.js_chunks.txt
2024-09-17 23:30:22,416 - code_review.logger - INFO - Skipping file with unknown language: code_review/cloned_repos/lyrikplasm_backend/chunk_data/.._code_review_cloned_repos_lyrikplasm_backend_utils_APIFeatures.js_chunks.txt
2024-09-17 23:30:22,416 - code_review.logger - INFO - Skipping file with unknown language: code_review/cloned_repos/lyrikplasm_backend/chunk_data/.._code_review_cloned_repos_lyrikplasm_backend_utils_APIFeatures.js_chunks.txt
2024-09-17 23:30:22,416 - code_review.logger - INFO - Skipping file with unknown language: code_review/cloned_repos/lyrikplasm_backend/chunk_data/.._code_review_cloned_repos_lyrikplasm_backend_utils_APIFeatures.js_chunks.txt
2024-09-17 23:30:22,416 - code_review.logger - INFO - Skipping file with unknown language: code_review/cloned_repos/lyrikplasm_backend/chunk_data/.._code_review_cloned_repos_lyrikplasm_backend_routers_reviewRouter.js_chunks.txt
2024-09-17 23:30:22,416 - code_review.logger - INFO - Skipping file with unknown language: code_review/cloned_repos/lyrikplasm_backend/chunk_data/.._code_review_cloned_repos_lyrikplasm_backend_routers_reviewRouter.js_chunks.txt
2024-09-17 23:30:22,416 - code_review.logger - INFO - Skipping file with unknown language: code_review/cloned_repos/lyrikplasm_backend/chunk_data/.._code_review_cloned_repos_lyrikplasm_backend_routers_reviewRouter.js_chunks.txt
2024-09-17 23:30:22,416 - code_review.logger - INFO - Skipping file with unknown language: code_review/cloned_repos/lyrikplasm_backend/chunk_data/.._code_review_cloned_repos_lyrikplasm_backend_routers_songRouter.js_chunks.txt
2024-09-17 23:30:22,416 - code_review.logger - INFO - Skipping file with unknown language: code_review/cloned_repos/lyrikplasm_backend/chunk_data/.._code_review_cloned_repos_lyrikplasm_backend_routers_songRouter.js_chunks.txt
2024-09-17 23:30:22,416 - code_review.logger - INFO - Skipping file with unknown language: code_review/cloned_repos/lyrikplasm_backend/chunk_data/.._code_review_cloned_repos_lyrikplasm_backend_routers_songRouter.js_chunks.txt
2024-09-17 23:30:22,416 - code_review.logger - INFO - Skipping file with unknown language: code_review/cloned_repos/lyrikplasm_backend/chunk_data/.._code_review_cloned_repos_lyrikplasm_backend_utils_Email.js_chunks.txt
2024-09-17 23:30:22,416 - code_review.logger - INFO - Skipping file with unknown language: code_review/cloned_repos/lyrikplasm_backend/chunk_data/.._code_review_cloned_repos_lyrikplasm_backend_utils_Email.js_chunks.txt
2024-09-17 23:30:22,416 - code_review.logger - INFO - Skipping file with unknown language: code_review/cloned_repos/lyrikplasm_backend/chunk_data/.._code_review_cloned_repos_lyrikplasm_backend_utils_Email.js_chunks.txt
2024-09-17 23:30:22,416 - code_review.logger - INFO - Skipping file with unknown language: code_review/cloned_repos/lyrikplasm_backend/chunk_data/.._code_review_cloned_repos_lyrikplasm_backend_managers_baseErrorManager.js_chunks.txt
2024-09-17 23:30:22,416 - code_review.logger - INFO - Skipping file with unknown language: code_review/cloned_repos/lyrikplasm_backend/chunk_data/.._code_review_cloned_repos_lyrikplasm_backend_managers_baseErrorManager.js_chunks.txt
2024-09-17 23:30:22,416 - code_review.logger - INFO - Skipping file with unknown language: code_review/cloned_repos/lyrikplasm_backend/chunk_data/.._code_review_cloned_repos_lyrikplasm_backend_managers_baseErrorManager.js_chunks.txt
2024-09-17 23:30:22,416 - code_review.logger - INFO - Skipping file with unknown language: code_review/cloned_repos/lyrikplasm_backend/chunk_data/.._code_review_cloned_repos_lyrikplasm_backend_utils_multerConfigs_multerDiskStorage.js_chunks.txt
2024-09-17 23:30:22,416 - code_review.logger - INFO - Skipping file with unknown language: code_review/cloned_repos/lyrikplasm_backend/chunk_data/.._code_review_cloned_repos_lyrikplasm_backend_utils_multerConfigs_multerDiskStorage.js_chunks.txt
2024-09-17 23:30:22,416 - code_review.logger - INFO - Skipping file with unknown language: code_review/cloned_repos/lyrikplasm_backend/chunk_data/.._code_review_cloned_repos_lyrikplasm_backend_utils_multerConfigs_multerDiskStorage.js_chunks.txt
2024-09-17 23:30:22,416 - code_review.logger - INFO - Skipping file with unknown language: code_review/cloned_repos/lyrikplasm_backend/chunk_data/.._code_review_cloned_repos_lyrikplasm_backend_managers_envHandler.js_chunks.txt
2024-09-17 23:30:22,416 - code_review.logger - INFO - Skipping file with unknown language: code_review/cloned_repos/lyrikplasm_backend/chunk_data/.._code_review_cloned_repos_lyrikplasm_backend_managers_envHandler.js_chunks.txt
2024-09-17 23:30:22,416 - code_review.logger - INFO - Skipping file with unknown language: code_review/cloned_repos/lyrikplasm_backend/chunk_data/.._code_review_cloned_repos_lyrikplasm_backend_managers_envHandler.js_chunks.txt
2024-09-17 23:30:22,416 - code_review.logger - INFO - Skipping file with unknown language: code_review/cloned_repos/lyrikplasm_backend/chunk_data/.._code_review_cloned_repos_lyrikplasm_backend_utils_parserers_songUploadParserer.js_chunks.txt
2024-09-17 23:30:22,416 - code_review.logger - INFO - Skipping file with unknown language: code_review/cloned_repos/lyrikplasm_backend/chunk_data/.._code_review_cloned_repos_lyrikplasm_backend_utils_parserers_songUploadParserer.js_chunks.txt
2024-09-17 23:30:22,416 - code_review.logger - INFO - Skipping file with unknown language: code_review/cloned_repos/lyrikplasm_backend/chunk_data/.._code_review_cloned_repos_lyrikplasm_backend_utils_parserers_songUploadParserer.js_chunks.txt
2024-09-17 23:30:22,420 - code_review.logger - INFO - Skipping file with unknown language: code_review/cloned_repos/lyrikplasm_backend/static/email_template_background.jpg
2024-09-17 23:30:22,420 - code_review.logger - INFO - Skipping file with unknown language: code_review/cloned_repos/lyrikplasm_backend/static/email_template_background.jpg
2024-09-17 23:30:22,420 - code_review.logger - INFO - Skipping file with unknown language: code_review/cloned_repos/lyrikplasm_backend/static/email_template_background.jpg
2024-09-17 23:30:22,445 - code_review.logger - INFO - Skipping file with unknown language: code_review/cloned_repos/yantra-frontend/chunk_data/.._code_review_cloned_repos_yantra-frontend_.eslintrc.json_chunks.txt
2024-09-17 23:30:22,445 - code_review.logger - INFO - Skipping file with unknown language: code_review/cloned_repos/yantra-frontend/chunk_data/.._code_review_cloned_repos_yantra-frontend_.eslintrc.json_chunks.txt
2024-09-17 23:30:22,445 - code_review.logger - INFO - Skipping file with unknown language: code_review/cloned_repos/yantra-frontend/chunk_data/.._code_review_cloned_repos_yantra-frontend_.eslintrc.json_chunks.txt
2024-09-17 23:30:22,445 - code_review.logger - INFO - Skipping file with unknown language: code_review/cloned_repos/yantra-frontend/chunk_data/.._code_review_cloned_repos_yantra-frontend_package.json_chunks.txt
2024-09-17 23:30:22,445 - code_review.logger - INFO - Skipping file with unknown language: code_review/cloned_repos/yantra-frontend/chunk_data/.._code_review_cloned_repos_yantra-frontend_package.json_chunks.txt
2024-09-17 23:30:22,445 - code_review.logger - INFO - Skipping file with unknown language: code_review/cloned_repos/yantra-frontend/chunk_data/.._code_review_cloned_repos_yantra-frontend_package.json_chunks.txt
2024-09-17 23:30:22,445 - code_review.logger - INFO - Skipping file with unknown language: code_review/cloned_repos/yantra-frontend/chunk_data/.._code_review_cloned_repos_yantra-frontend_tsconfig.json_chunks.txt
2024-09-17 23:30:22,445 - code_review.logger - INFO - Skipping file with unknown language: code_review/cloned_repos/yantra-frontend/chunk_data/.._code_review_cloned_repos_yantra-frontend_tsconfig.json_chunks.txt
2024-09-17 23:30:22,445 - code_review.logger - INFO - Skipping file with unknown language: code_review/cloned_repos/yantra-frontend/chunk_data/.._code_review_cloned_repos_yantra-frontend_tsconfig.json_chunks.txt
2024-09-17 23:30:22,445 - code_review.logger - INFO - Skipping file with unknown language: code_review/cloned_repos/yantra-frontend/chunk_data/.._code_review_cloned_repos_yantra-frontend_package-lock.json_chunks.txt
2024-09-17 23:30:22,445 - code_review.logger - INFO - Skipping file with unknown language: code_review/cloned_repos/yantra-frontend/chunk_data/.._code_review_cloned_repos_yantra-frontend_package-lock.json_chunks.txt
2024-09-17 23:30:22,445 - code_review.logger - INFO - Skipping file with unknown language: code_review/cloned_repos/yantra-frontend/chunk_data/.._code_review_cloned_repos_yantra-frontend_package-lock.json_chunks.txt
2024-09-17 23:30:22,446 - code_review.logger - INFO - Skipping file with unknown language: code_review/cloned_repos/yantra-frontend/chunk_data/.._code_review_cloned_repos_yantra-frontend_README.md_chunks.txt
2024-09-17 23:30:22,446 - code_review.logger - INFO - Skipping file with unknown language: code_review/cloned_repos/yantra-frontend/chunk_data/.._code_review_cloned_repos_yantra-frontend_README.md_chunks.txt
2024-09-17 23:30:22,446 - code_review.logger - INFO - Skipping file with unknown language: code_review/cloned_repos/yantra-frontend/chunk_data/.._code_review_cloned_repos_yantra-frontend_README.md_chunks.txt
2024-09-17 23:30:22,446 - code_review.logger - INFO - Skipping file with unknown language: code_review/cloned_repos/yantra-frontend/chunk_data/.._code_review_cloned_repos_yantra-frontend_postcss.config.js_chunks.txt
2024-09-17 23:30:22,446 - code_review.logger - INFO - Skipping file with unknown language: code_review/cloned_repos/yantra-frontend/chunk_data/.._code_review_cloned_repos_yantra-frontend_postcss.config.js_chunks.txt
2024-09-17 23:30:22,446 - code_review.logger - INFO - Skipping file with unknown language: code_review/cloned_repos/yantra-frontend/chunk_data/.._code_review_cloned_repos_yantra-frontend_postcss.config.js_chunks.txt
2024-09-17 23:30:22,446 - code_review.logger - INFO - Skipping file with unknown language: code_review/cloned_repos/yantra-frontend/chunk_data/.._code_review_cloned_repos_yantra-frontend_tailwind.config.js_chunks.txt
2024-09-17 23:30:22,446 - code_review.logger - INFO - Skipping file with unknown language: code_review/cloned_repos/yantra-frontend/chunk_data/.._code_review_cloned_repos_yantra-frontend_tailwind.config.js_chunks.txt
2024-09-17 23:30:22,446 - code_review.logger - INFO - Skipping file with unknown language: code_review/cloned_repos/yantra-frontend/chunk_data/.._code_review_cloned_repos_yantra-frontend_tailwind.config.js_chunks.txt
2024-09-17 23:30:22,446 - code_review.logger - INFO - Skipping file with unknown language: code_review/cloned_repos/yantra-frontend/chunk_data/.._code_review_cloned_repos_yantra-frontend_next.config.js_chunks.txt
2024-09-17 23:30:22,446 - code_review.logger - INFO - Skipping file with unknown language: code_review/cloned_repos/yantra-frontend/chunk_data/.._code_review_cloned_repos_yantra-frontend_next.config.js_chunks.txt
2024-09-17 23:30:22,446 - code_review.logger - INFO - Skipping file with unknown language: code_review/cloned_repos/yantra-frontend/chunk_data/.._code_review_cloned_repos_yantra-frontend_next.config.js_chunks.txt
2024-09-17 23:30:22,446 - code_review.logger - INFO - Skipping file with unknown language: code_review/cloned_repos/yantra-frontend/public/threePeople.png
2024-09-17 23:30:22,446 - code_review.logger - INFO - Skipping file with unknown language: code_review/cloned_repos/yantra-frontend/public/threePeople.png
2024-09-17 23:30:22,446 - code_review.logger - INFO - Skipping file with unknown language: code_review/cloned_repos/yantra-frontend/public/threePeople.png
2024-09-17 23:30:22,446 - code_review.logger - INFO - Skipping file with unknown language: code_review/cloned_repos/yantra-frontend/public/favicon.ico
2024-09-17 23:30:22,446 - code_review.logger - INFO - Skipping file with unknown language: code_review/cloned_repos/yantra-frontend/public/favicon.ico
2024-09-17 23:30:22,446 - code_review.logger - INFO - Skipping file with unknown language: code_review/cloned_repos/yantra-frontend/public/favicon.ico
2024-09-17 23:30:22,446 - code_review.logger - INFO - Skipping file with unknown language: code_review/cloned_repos/yantra-frontend/public/samplePhoto.avif
2024-09-17 23:30:22,446 - code_review.logger - INFO - Skipping file with unknown language: code_review/cloned_repos/yantra-frontend/public/samplePhoto.avif
2024-09-17 23:30:22,446 - code_review.logger - INFO - Skipping file with unknown language: code_review/cloned_repos/yantra-frontend/public/samplePhoto.avif
2024-09-17 23:30:22,446 - code_review.logger - INFO - Skipping file with unknown language: code_review/cloned_repos/yantra-frontend/public/singlePerson.svg
2024-09-17 23:30:22,446 - code_review.logger - INFO - Skipping file with unknown language: code_review/cloned_repos/yantra-frontend/public/singlePerson.svg
2024-09-17 23:30:22,446 - code_review.logger - INFO - Skipping file with unknown language: code_review/cloned_repos/yantra-frontend/public/singlePerson.svg
2024-09-17 23:30:22,446 - code_review.logger - INFO - Skipping file with unknown language: code_review/cloned_repos/yantra-frontend/public/SharingPeople.svg
2024-09-17 23:30:22,446 - code_review.logger - INFO - Skipping file with unknown language: code_review/cloned_repos/yantra-frontend/public/SharingPeople.svg
2024-09-17 23:30:22,446 - code_review.logger - INFO - Skipping file with unknown language: code_review/cloned_repos/yantra-frontend/public/SharingPeople.svg
2024-09-17 23:30:22,446 - code_review.logger - INFO - Skipping file with unknown language: code_review/cloned_repos/yantra-frontend/public/thirteen.svg
2024-09-17 23:30:22,446 - code_review.logger - INFO - Skipping file with unknown language: code_review/cloned_repos/yantra-frontend/public/thirteen.svg
2024-09-17 23:30:22,446 - code_review.logger - INFO - Skipping file with unknown language: code_review/cloned_repos/yantra-frontend/public/thirteen.svg
2024-09-17 23:30:22,446 - code_review.logger - INFO - Skipping file with unknown language: code_review/cloned_repos/yantra-frontend/public/peopleBox.png
2024-09-17 23:30:22,446 - code_review.logger - INFO - Skipping file with unknown language: code_review/cloned_repos/yantra-frontend/public/peopleBox.png
2024-09-17 23:30:22,446 - code_review.logger - INFO - Skipping file with unknown language: code_review/cloned_repos/yantra-frontend/public/peopleBox.png
2024-09-17 23:30:22,446 - code_review.logger - INFO - Skipping file with unknown language: code_review/cloned_repos/yantra-frontend/public/threePeople.svg
2024-09-17 23:30:22,446 - code_review.logger - INFO - Skipping file with unknown language: code_review/cloned_repos/yantra-frontend/public/threePeople.svg
2024-09-17 23:30:22,446 - code_review.logger - INFO - Skipping file with unknown language: code_review/cloned_repos/yantra-frontend/public/threePeople.svg
2024-09-17 23:30:22,446 - code_review.logger - INFO - Skipping file with unknown language: code_review/cloned_repos/yantra-frontend/public/Logo.png
2024-09-17 23:30:22,446 - code_review.logger - INFO - Skipping file with unknown language: code_review/cloned_repos/yantra-frontend/public/Logo.png
2024-09-17 23:30:22,446 - code_review.logger - INFO - Skipping file with unknown language: code_review/cloned_repos/yantra-frontend/public/Logo.png
2024-09-17 23:30:22,446 - code_review.logger - INFO - Skipping file with unknown language: code_review/cloned_repos/yantra-frontend/public/vercel.svg
2024-09-17 23:30:22,446 - code_review.logger - INFO - Skipping file with unknown language: code_review/cloned_repos/yantra-frontend/public/vercel.svg
2024-09-17 23:30:22,446 - code_review.logger - INFO - Skipping file with unknown language: code_review/cloned_repos/yantra-frontend/public/vercel.svg
2024-09-17 23:30:22,447 - code_review.logger - INFO - Skipping file with unknown language: code_review/cloned_repos/yantra-frontend/public/next.svg
2024-09-17 23:30:22,447 - code_review.logger - INFO - Skipping file with unknown language: code_review/cloned_repos/yantra-frontend/public/next.svg
2024-09-17 23:30:22,447 - code_review.logger - INFO - Skipping file with unknown language: code_review/cloned_repos/yantra-frontend/public/next.svg
2024-09-17 23:30:22,447 - code_review.logger - INFO - Skipping file with unknown language: code_review/cloned_repos/yantra-frontend/public/SmallLogoBlack.svg
2024-09-17 23:30:22,447 - code_review.logger - INFO - Skipping file with unknown language: code_review/cloned_repos/yantra-frontend/public/SmallLogoBlack.svg
2024-09-17 23:30:22,447 - code_review.logger - INFO - Skipping file with unknown language: code_review/cloned_repos/yantra-frontend/public/SmallLogoBlack.svg
2024-09-17 23:30:22,447 - code_review.logger - INFO - Skipping file with unknown language: code_review/cloned_repos/yantra-frontend/public/LogoBlack.svg
2024-09-17 23:30:22,447 - code_review.logger - INFO - Skipping file with unknown language: code_review/cloned_repos/yantra-frontend/public/LogoBlack.svg
2024-09-17 23:30:22,447 - code_review.logger - INFO - Skipping file with unknown language: code_review/cloned_repos/yantra-frontend/public/LogoBlack.svg
2024-09-17 23:30:22,447 - code_review.logger - INFO - Skipping file with unknown language: code_review/cloned_repos/yantra-frontend/public/singlePersonFlipped.svg
2024-09-17 23:30:22,447 - code_review.logger - INFO - Skipping file with unknown language: code_review/cloned_repos/yantra-frontend/public/singlePersonFlipped.svg
2024-09-17 23:30:22,447 - code_review.logger - INFO - Skipping file with unknown language: code_review/cloned_repos/yantra-frontend/public/singlePersonFlipped.svg
2024-09-17 23:30:22,447 - code_review.logger - INFO - Skipping file with unknown language: code_review/cloned_repos/yantra-frontend/public/Logo.svg
2024-09-17 23:30:22,447 - code_review.logger - INFO - Skipping file with unknown language: code_review/cloned_repos/yantra-frontend/public/Logo.svg
2024-09-17 23:30:22,447 - code_review.logger - INFO - Skipping file with unknown language: code_review/cloned_repos/yantra-frontend/public/Logo.svg
2024-09-17 23:30:22,447 - code_review.logger - INFO - Skipping file with unknown language: code_review/cloned_repos/yantra-frontend/public/svg-icons/LeftPencilStroke.png
2024-09-17 23:30:22,447 - code_review.logger - INFO - Skipping file with unknown language: code_review/cloned_repos/yantra-frontend/public/svg-icons/LeftPencilStroke.png
2024-09-17 23:30:22,447 - code_review.logger - INFO - Skipping file with unknown language: code_review/cloned_repos/yantra-frontend/public/svg-icons/LeftPencilStroke.png
2024-09-17 23:30:22,447 - code_review.logger - INFO - Skipping file with unknown language: code_review/cloned_repos/yantra-frontend/public/svg-icons/sad face.svg
2024-09-17 23:30:22,447 - code_review.logger - INFO - Skipping file with unknown language: code_review/cloned_repos/yantra-frontend/public/svg-icons/sad face.svg
2024-09-17 23:30:22,447 - code_review.logger - INFO - Skipping file with unknown language: code_review/cloned_repos/yantra-frontend/public/svg-icons/sad face.svg
2024-09-17 23:30:22,447 - code_review.logger - INFO - Skipping file with unknown language: code_review/cloned_repos/yantra-frontend/public/svg-icons/content face.svg
2024-09-17 23:30:22,447 - code_review.logger - INFO - Skipping file with unknown language: code_review/cloned_repos/yantra-frontend/public/svg-icons/content face.svg
2024-09-17 23:30:22,447 - code_review.logger - INFO - Skipping file with unknown language: code_review/cloned_repos/yantra-frontend/public/svg-icons/content face.svg
2024-09-17 23:30:22,447 - code_review.logger - INFO - Skipping file with unknown language: code_review/cloned_repos/yantra-frontend/public/svg-icons/angry face.svg
2024-09-17 23:30:22,447 - code_review.logger - INFO - Skipping file with unknown language: code_review/cloned_repos/yantra-frontend/public/svg-icons/angry face.svg
2024-09-17 23:30:22,447 - code_review.logger - INFO - Skipping file with unknown language: code_review/cloned_repos/yantra-frontend/public/svg-icons/angry face.svg
2024-09-17 23:30:22,447 - code_review.logger - INFO - Skipping file with unknown language: code_review/cloned_repos/yantra-frontend/public/svg-icons/happy face.svg
2024-09-17 23:30:22,447 - code_review.logger - INFO - Skipping file with unknown language: code_review/cloned_repos/yantra-frontend/public/svg-icons/happy face.svg
2024-09-17 23:30:22,447 - code_review.logger - INFO - Skipping file with unknown language: code_review/cloned_repos/yantra-frontend/public/svg-icons/happy face.svg
2024-09-17 23:30:22,447 - code_review.logger - INFO - Skipping file with unknown language: code_review/cloned_repos/yantra-frontend/public/svg-icons/RightPencilStroke.png
2024-09-17 23:30:22,447 - code_review.logger - INFO - Skipping file with unknown language: code_review/cloned_repos/yantra-frontend/public/svg-icons/RightPencilStroke.png
2024-09-17 23:30:22,447 - code_review.logger - INFO - Skipping file with unknown language: code_review/cloned_repos/yantra-frontend/public/svg-icons/RightPencilStroke.png
2024-09-17 23:30:22,447 - code_review.logger - INFO - Skipping file with unknown language: code_review/cloned_repos/yantra-frontend/public/svg-icons/meh face.svg
2024-09-17 23:30:22,447 - code_review.logger - INFO - Skipping file with unknown language: code_review/cloned_repos/yantra-frontend/public/svg-icons/meh face.svg
2024-09-17 23:30:22,447 - code_review.logger - INFO - Skipping file with unknown language: code_review/cloned_repos/yantra-frontend/public/svg-icons/meh face.svg
2024-09-17 23:30:22,448 - code_review.logger - INFO - Skipping file with unknown language: code_review/cloned_repos/yantra-frontend/src/wrappers/main.tsx
2024-09-17 23:30:22,448 - code_review.logger - INFO - Skipping file with unknown language: code_review/cloned_repos/yantra-frontend/src/wrappers/main.tsx
2024-09-17 23:30:22,448 - code_review.logger - INFO - Skipping file with unknown language: code_review/cloned_repos/yantra-frontend/src/wrappers/main.tsx
2024-09-17 23:30:22,448 - code_review.logger - INFO - Skipping file with unknown language: code_review/cloned_repos/yantra-frontend/src/sections/Groups/newGroup.tsx
2024-09-17 23:30:22,448 - code_review.logger - INFO - Skipping file with unknown language: code_review/cloned_repos/yantra-frontend/src/sections/Groups/newGroup.tsx
2024-09-17 23:30:22,448 - code_review.logger - INFO - Skipping file with unknown language: code_review/cloned_repos/yantra-frontend/src/sections/Groups/newGroup.tsx
2024-09-17 23:30:22,448 - code_review.logger - INFO - Skipping file with unknown language: code_review/cloned_repos/yantra-frontend/src/sections/Events/new_event.tsx
2024-09-17 23:30:22,448 - code_review.logger - INFO - Skipping file with unknown language: code_review/cloned_repos/yantra-frontend/src/sections/Events/new_event.tsx
2024-09-17 23:30:22,448 - code_review.logger - INFO - Skipping file with unknown language: code_review/cloned_repos/yantra-frontend/src/sections/Events/new_event.tsx
2024-09-17 23:30:22,448 - code_review.logger - INFO - Skipping file with unknown language: code_review/cloned_repos/yantra-frontend/src/sections/Events/edit_event.tsx
2024-09-17 23:30:22,448 - code_review.logger - INFO - Skipping file with unknown language: code_review/cloned_repos/yantra-frontend/src/sections/Events/edit_event.tsx
2024-09-17 23:30:22,448 - code_review.logger - INFO - Skipping file with unknown language: code_review/cloned_repos/yantra-frontend/src/sections/Events/edit_event.tsx
2024-09-17 23:30:22,456 - code_review.logger - INFO - Skipping file with unknown language: code_review/cloned_repos/yantra-frontend/src/config/cookies.tsx
2024-09-17 23:30:22,456 - code_review.logger - INFO - Skipping file with unknown language: code_review/cloned_repos/yantra-frontend/src/config/cookies.tsx
2024-09-17 23:30:22,456 - code_review.logger - INFO - Skipping file with unknown language: code_review/cloned_repos/yantra-frontend/src/config/cookies.tsx
2024-09-17 23:30:22,466 - code_review.logger - INFO - Skipping file with unknown language: code_review/cloned_repos/yantra-frontend/src/utils/render_content_with_links.tsx
2024-09-17 23:30:22,466 - code_review.logger - INFO - Skipping file with unknown language: code_review/cloned_repos/yantra-frontend/src/utils/render_content_with_links.tsx
2024-09-17 23:30:22,466 - code_review.logger - INFO - Skipping file with unknown language: code_review/cloned_repos/yantra-frontend/src/utils/render_content_with_links.tsx
2024-09-17 23:30:22,468 - code_review.logger - INFO - Skipping file with unknown language: code_review/cloned_repos/yantra-frontend/src/utils/funcs/get_icon.tsx
2024-09-17 23:30:22,468 - code_review.logger - INFO - Skipping file with unknown language: code_review/cloned_repos/yantra-frontend/src/utils/funcs/get_icon.tsx
2024-09-17 23:30:22,468 - code_review.logger - INFO - Skipping file with unknown language: code_review/cloned_repos/yantra-frontend/src/utils/funcs/get_icon.tsx
2024-09-17 23:30:22,473 - code_review.logger - INFO - Skipping file with unknown language: code_review/cloned_repos/yantra-frontend/src/components/fillers/feed.tsx
2024-09-17 23:30:22,473 - code_review.logger - INFO - Skipping file with unknown language: code_review/cloned_repos/yantra-frontend/src/components/fillers/feed.tsx
2024-09-17 23:30:22,473 - code_review.logger - INFO - Skipping file with unknown language: code_review/cloned_repos/yantra-frontend/src/components/fillers/feed.tsx
2024-09-17 23:30:22,473 - code_review.logger - INFO - Skipping file with unknown language: code_review/cloned_repos/yantra-frontend/src/components/fillers/mascot.tsx
2024-09-17 23:30:22,473 - code_review.logger - INFO - Skipping file with unknown language: code_review/cloned_repos/yantra-frontend/src/components/fillers/mascot.tsx
2024-09-17 23:30:22,473 - code_review.logger - INFO - Skipping file with unknown language: code_review/cloned_repos/yantra-frontend/src/components/fillers/mascot.tsx
2024-09-17 23:30:22,473 - code_review.logger - INFO - Skipping file with unknown language: code_review/cloned_repos/yantra-frontend/src/components/Navbar/index.tsx
2024-09-17 23:30:22,473 - code_review.logger - INFO - Skipping file with unknown language: code_review/cloned_repos/yantra-frontend/src/components/Navbar/index.tsx
2024-09-17 23:30:22,473 - code_review.logger - INFO - Skipping file with unknown language: code_review/cloned_repos/yantra-frontend/src/components/Navbar/index.tsx
2024-09-17 23:30:22,473 - code_review.logger - INFO - Skipping file with unknown language: code_review/cloned_repos/yantra-frontend/src/components/Navbar/profile_dropdown.tsx
2024-09-17 23:30:22,473 - code_review.logger - INFO - Skipping file with unknown language: code_review/cloned_repos/yantra-frontend/src/components/Navbar/profile_dropdown.tsx
2024-09-17 23:30:22,473 - code_review.logger - INFO - Skipping file with unknown language: code_review/cloned_repos/yantra-frontend/src/components/Navbar/profile_dropdown.tsx
2024-09-17 23:30:22,473 - code_review.logger - INFO - Skipping file with unknown language: code_review/cloned_repos/yantra-frontend/src/components/form/time.tsx
2024-09-17 23:30:22,473 - code_review.logger - INFO - Skipping file with unknown language: code_review/cloned_repos/yantra-frontend/src/components/form/time.tsx
2024-09-17 23:30:22,473 - code_review.logger - INFO - Skipping file with unknown language: code_review/cloned_repos/yantra-frontend/src/components/form/time.tsx
2024-09-17 23:30:22,473 - code_review.logger - INFO - Skipping file with unknown language: code_review/cloned_repos/yantra-frontend/src/components/form/tags.tsx
2024-09-17 23:30:22,473 - code_review.logger - INFO - Skipping file with unknown language: code_review/cloned_repos/yantra-frontend/src/components/form/tags.tsx
2024-09-17 23:30:22,473 - code_review.logger - INFO - Skipping file with unknown language: code_review/cloned_repos/yantra-frontend/src/components/form/tags.tsx
2024-09-17 23:30:22,473 - code_review.logger - INFO - Skipping file with unknown language: code_review/cloned_repos/yantra-frontend/src/components/form/checkbox.tsx
2024-09-17 23:30:22,473 - code_review.logger - INFO - Skipping file with unknown language: code_review/cloned_repos/yantra-frontend/src/components/form/checkbox.tsx
2024-09-17 23:30:22,473 - code_review.logger - INFO - Skipping file with unknown language: code_review/cloned_repos/yantra-frontend/src/components/form/checkbox.tsx
2024-09-17 23:30:22,473 - code_review.logger - INFO - Skipping file with unknown language: code_review/cloned_repos/yantra-frontend/src/components/form/links.tsx
2024-09-17 23:30:22,473 - code_review.logger - INFO - Skipping file with unknown language: code_review/cloned_repos/yantra-frontend/src/components/form/links.tsx
2024-09-17 23:30:22,473 - code_review.logger - INFO - Skipping file with unknown language: code_review/cloned_repos/yantra-frontend/src/components/form/links.tsx
2024-09-17 23:30:22,474 - code_review.logger - INFO - Skipping file with unknown language: code_review/cloned_repos/yantra-frontend/src/components/form/select.tsx
2024-09-17 23:30:22,474 - code_review.logger - INFO - Skipping file with unknown language: code_review/cloned_repos/yantra-frontend/src/components/form/select.tsx
2024-09-17 23:30:22,474 - code_review.logger - INFO - Skipping file with unknown language: code_review/cloned_repos/yantra-frontend/src/components/form/select.tsx
2024-09-17 23:30:22,474 - code_review.logger - INFO - Skipping file with unknown language: code_review/cloned_repos/yantra-frontend/src/components/form/textarea.tsx
2024-09-17 23:30:22,474 - code_review.logger - INFO - Skipping file with unknown language: code_review/cloned_repos/yantra-frontend/src/components/form/textarea.tsx
2024-09-17 23:30:22,474 - code_review.logger - INFO - Skipping file with unknown language: code_review/cloned_repos/yantra-frontend/src/components/form/textarea.tsx
2024-09-17 23:30:22,474 - code_review.logger - INFO - Skipping file with unknown language: code_review/cloned_repos/yantra-frontend/src/components/form/input.tsx
2024-09-17 23:30:22,474 - code_review.logger - INFO - Skipping file with unknown language: code_review/cloned_repos/yantra-frontend/src/components/form/input.tsx
2024-09-17 23:30:22,474 - code_review.logger - INFO - Skipping file with unknown language: code_review/cloned_repos/yantra-frontend/src/components/form/input.tsx
2024-09-17 23:30:22,474 - code_review.logger - INFO - Skipping file with unknown language: code_review/cloned_repos/yantra-frontend/src/components/buttons/primary_btn.tsx
2024-09-17 23:30:22,474 - code_review.logger - INFO - Skipping file with unknown language: code_review/cloned_repos/yantra-frontend/src/components/buttons/primary_btn.tsx
2024-09-17 23:30:22,474 - code_review.logger - INFO - Skipping file with unknown language: code_review/cloned_repos/yantra-frontend/src/components/buttons/primary_btn.tsx
2024-09-17 23:30:22,474 - code_review.logger - INFO - Skipping file with unknown language: code_review/cloned_repos/yantra-frontend/src/components/buttons/join_btn.tsx
2024-09-17 23:30:22,474 - code_review.logger - INFO - Skipping file with unknown language: code_review/cloned_repos/yantra-frontend/src/components/buttons/join_btn.tsx
2024-09-17 23:30:22,474 - code_review.logger - INFO - Skipping file with unknown language: code_review/cloned_repos/yantra-frontend/src/components/buttons/join_btn.tsx
2024-09-17 23:30:22,474 - code_review.logger - INFO - Skipping file with unknown language: code_review/cloned_repos/yantra-frontend/src/components/buttons/build_btn.tsx
2024-09-17 23:30:22,474 - code_review.logger - INFO - Skipping file with unknown language: code_review/cloned_repos/yantra-frontend/src/components/buttons/build_btn.tsx
2024-09-17 23:30:22,474 - code_review.logger - INFO - Skipping file with unknown language: code_review/cloned_repos/yantra-frontend/src/components/buttons/build_btn.tsx
2024-09-17 23:30:22,474 - code_review.logger - INFO - Skipping file with unknown language: code_review/cloned_repos/yantra-frontend/src/components/buttons/registration_btn.tsx
2024-09-17 23:30:22,474 - code_review.logger - INFO - Skipping file with unknown language: code_review/cloned_repos/yantra-frontend/src/components/buttons/registration_btn.tsx
2024-09-17 23:30:22,474 - code_review.logger - INFO - Skipping file with unknown language: code_review/cloned_repos/yantra-frontend/src/components/buttons/registration_btn.tsx
2024-09-17 23:30:22,474 - code_review.logger - INFO - Skipping file with unknown language: code_review/cloned_repos/yantra-frontend/src/components/buttons/danger_btn.tsx
2024-09-17 23:30:22,474 - code_review.logger - INFO - Skipping file with unknown language: code_review/cloned_repos/yantra-frontend/src/components/buttons/danger_btn.tsx
2024-09-17 23:30:22,474 - code_review.logger - INFO - Skipping file with unknown language: code_review/cloned_repos/yantra-frontend/src/components/buttons/danger_btn.tsx
2024-09-17 23:30:22,474 - code_review.logger - INFO - Skipping file with unknown language: code_review/cloned_repos/yantra-frontend/src/components/empty_fillers/search.tsx
2024-09-17 23:30:22,474 - code_review.logger - INFO - Skipping file with unknown language: code_review/cloned_repos/yantra-frontend/src/components/empty_fillers/search.tsx
2024-09-17 23:30:22,474 - code_review.logger - INFO - Skipping file with unknown language: code_review/cloned_repos/yantra-frontend/src/components/empty_fillers/search.tsx
2024-09-17 23:30:22,474 - code_review.logger - INFO - Skipping file with unknown language: code_review/cloned_repos/yantra-frontend/src/components/uncommon/meet.tsx
2024-09-17 23:30:22,474 - code_review.logger - INFO - Skipping file with unknown language: code_review/cloned_repos/yantra-frontend/src/components/uncommon/meet.tsx
2024-09-17 23:30:22,474 - code_review.logger - INFO - Skipping file with unknown language: code_review/cloned_repos/yantra-frontend/src/components/uncommon/meet.tsx
2024-09-17 23:30:22,474 - code_review.logger - INFO - Skipping file with unknown language: code_review/cloned_repos/yantra-frontend/src/components/uncommon/Journal/page_box.tsx
2024-09-17 23:30:22,474 - code_review.logger - INFO - Skipping file with unknown language: code_review/cloned_repos/yantra-frontend/src/components/uncommon/Journal/page_box.tsx
2024-09-17 23:30:22,474 - code_review.logger - INFO - Skipping file with unknown language: code_review/cloned_repos/yantra-frontend/src/components/uncommon/Journal/page_box.tsx
2024-09-17 23:30:22,474 - code_review.logger - INFO - Skipping file with unknown language: code_review/cloned_repos/yantra-frontend/src/components/uncommon/Journal/page.tsx
2024-09-17 23:30:22,474 - code_review.logger - INFO - Skipping file with unknown language: code_review/cloned_repos/yantra-frontend/src/components/uncommon/Journal/page.tsx
2024-09-17 23:30:22,474 - code_review.logger - INFO - Skipping file with unknown language: code_review/cloned_repos/yantra-frontend/src/components/uncommon/Journal/page.tsx
2024-09-17 23:30:22,475 - code_review.logger - INFO - Skipping file with unknown language: code_review/cloned_repos/yantra-frontend/src/components/uncommon/Post/new_post.tsx
2024-09-17 23:30:22,475 - code_review.logger - INFO - Skipping file with unknown language: code_review/cloned_repos/yantra-frontend/src/components/uncommon/Post/new_post.tsx
2024-09-17 23:30:22,475 - code_review.logger - INFO - Skipping file with unknown language: code_review/cloned_repos/yantra-frontend/src/components/uncommon/Post/new_post.tsx
2024-09-17 23:30:22,475 - code_review.logger - INFO - Skipping file with unknown language: code_review/cloned_repos/yantra-frontend/src/components/uncommon/Post/index.tsx
2024-09-17 23:30:22,475 - code_review.logger - INFO - Skipping file with unknown language: code_review/cloned_repos/yantra-frontend/src/components/uncommon/Post/index.tsx
2024-09-17 23:30:22,475 - code_review.logger - INFO - Skipping file with unknown language: code_review/cloned_repos/yantra-frontend/src/components/uncommon/Post/index.tsx
2024-09-17 23:30:22,475 - code_review.logger - INFO - Skipping file with unknown language: code_review/cloned_repos/yantra-frontend/src/components/uncommon/Post/new_post_images.tsx
2024-09-17 23:30:22,475 - code_review.logger - INFO - Skipping file with unknown language: code_review/cloned_repos/yantra-frontend/src/components/uncommon/Post/new_post_images.tsx
2024-09-17 23:30:22,475 - code_review.logger - INFO - Skipping file with unknown language: code_review/cloned_repos/yantra-frontend/src/components/uncommon/Post/new_post_images.tsx
2024-09-17 23:30:22,475 - code_review.logger - INFO - Skipping file with unknown language: code_review/cloned_repos/yantra-frontend/src/components/uncommon/Polls/new_poll.tsx
2024-09-17 23:30:22,475 - code_review.logger - INFO - Skipping file with unknown language: code_review/cloned_repos/yantra-frontend/src/components/uncommon/Polls/new_poll.tsx
2024-09-17 23:30:22,475 - code_review.logger - INFO - Skipping file with unknown language: code_review/cloned_repos/yantra-frontend/src/components/uncommon/Polls/new_poll.tsx
2024-09-17 23:30:22,475 - code_review.logger - INFO - Skipping file with unknown language: code_review/cloned_repos/yantra-frontend/src/components/uncommon/EventCard/index.tsx
2024-09-17 23:30:22,475 - code_review.logger - INFO - Skipping file with unknown language: code_review/cloned_repos/yantra-frontend/src/components/uncommon/EventCard/index.tsx
2024-09-17 23:30:22,475 - code_review.logger - INFO - Skipping file with unknown language: code_review/cloned_repos/yantra-frontend/src/components/uncommon/EventCard/index.tsx
2024-09-17 23:30:22,475 - code_review.logger - INFO - Skipping file with unknown language: code_review/cloned_repos/yantra-frontend/src/components/uncommon/Announcements/new_announcement.tsx
2024-09-17 23:30:22,475 - code_review.logger - INFO - Skipping file with unknown language: code_review/cloned_repos/yantra-frontend/src/components/uncommon/Announcements/new_announcement.tsx
2024-09-17 23:30:22,475 - code_review.logger - INFO - Skipping file with unknown language: code_review/cloned_repos/yantra-frontend/src/components/uncommon/Announcements/new_announcement.tsx
2024-09-17 23:30:22,475 - code_review.logger - INFO - Skipping file with unknown language: code_review/cloned_repos/yantra-frontend/src/components/uncommon/ResourceFile/index.tsx
2024-09-17 23:30:22,475 - code_review.logger - INFO - Skipping file with unknown language: code_review/cloned_repos/yantra-frontend/src/components/uncommon/ResourceFile/index.tsx
2024-09-17 23:30:22,475 - code_review.logger - INFO - Skipping file with unknown language: code_review/cloned_repos/yantra-frontend/src/components/uncommon/ResourceFile/index.tsx
2024-09-17 23:30:22,475 - code_review.logger - INFO - Skipping file with unknown language: code_review/cloned_repos/yantra-frontend/src/components/uncommon/EmojiScale/index.tsx
2024-09-17 23:30:22,475 - code_review.logger - INFO - Skipping file with unknown language: code_review/cloned_repos/yantra-frontend/src/components/uncommon/EmojiScale/index.tsx
2024-09-17 23:30:22,475 - code_review.logger - INFO - Skipping file with unknown language: code_review/cloned_repos/yantra-frontend/src/components/uncommon/EmojiScale/index.tsx
2024-09-17 23:30:22,476 - code_review.logger - INFO - Skipping file with unknown language: code_review/cloned_repos/yantra-frontend/src/components/charts/lineGraph.tsx
2024-09-17 23:30:22,476 - code_review.logger - INFO - Skipping file with unknown language: code_review/cloned_repos/yantra-frontend/src/components/charts/lineGraph.tsx
2024-09-17 23:30:22,476 - code_review.logger - INFO - Skipping file with unknown language: code_review/cloned_repos/yantra-frontend/src/components/charts/lineGraph.tsx
2024-09-17 23:30:22,476 - code_review.logger - INFO - Skipping file with unknown language: code_review/cloned_repos/yantra-frontend/src/components/charts/polarGraph.tsx
2024-09-17 23:30:22,476 - code_review.logger - INFO - Skipping file with unknown language: code_review/cloned_repos/yantra-frontend/src/components/charts/polarGraph.tsx
2024-09-17 23:30:22,476 - code_review.logger - INFO - Skipping file with unknown language: code_review/cloned_repos/yantra-frontend/src/components/charts/polarGraph.tsx
2024-09-17 23:30:22,476 - code_review.logger - INFO - Skipping file with unknown language: code_review/cloned_repos/yantra-frontend/src/components/utils/tag_suggestions.tsx
2024-09-17 23:30:22,476 - code_review.logger - INFO - Skipping file with unknown language: code_review/cloned_repos/yantra-frontend/src/components/utils/tag_suggestions.tsx
2024-09-17 23:30:22,476 - code_review.logger - INFO - Skipping file with unknown language: code_review/cloned_repos/yantra-frontend/src/components/utils/tag_suggestions.tsx
2024-09-17 23:30:22,476 - code_review.logger - INFO - Skipping file with unknown language: code_review/cloned_repos/yantra-frontend/src/components/utils/new_cover.tsx
2024-09-17 23:30:22,476 - code_review.logger - INFO - Skipping file with unknown language: code_review/cloned_repos/yantra-frontend/src/components/utils/new_cover.tsx
2024-09-17 23:30:22,476 - code_review.logger - INFO - Skipping file with unknown language: code_review/cloned_repos/yantra-frontend/src/components/utils/new_cover.tsx
2024-09-17 23:30:22,476 - code_review.logger - INFO - Skipping file with unknown language: code_review/cloned_repos/yantra-frontend/src/components/utils/edit_tags.tsx
2024-09-17 23:30:22,476 - code_review.logger - INFO - Skipping file with unknown language: code_review/cloned_repos/yantra-frontend/src/components/utils/edit_tags.tsx
2024-09-17 23:30:22,476 - code_review.logger - INFO - Skipping file with unknown language: code_review/cloned_repos/yantra-frontend/src/components/utils/edit_tags.tsx
2024-09-17 23:30:22,476 - code_review.logger - INFO - Skipping file with unknown language: code_review/cloned_repos/yantra-frontend/src/components/utils/edit_links.tsx
2024-09-17 23:30:22,476 - code_review.logger - INFO - Skipping file with unknown language: code_review/cloned_repos/yantra-frontend/src/components/utils/edit_links.tsx
2024-09-17 23:30:22,476 - code_review.logger - INFO - Skipping file with unknown language: code_review/cloned_repos/yantra-frontend/src/components/utils/edit_links.tsx
2024-09-17 23:30:22,476 - code_review.logger - INFO - Skipping file with unknown language: code_review/cloned_repos/yantra-frontend/src/components/common/loader.tsx
2024-09-17 23:30:22,476 - code_review.logger - INFO - Skipping file with unknown language: code_review/cloned_repos/yantra-frontend/src/components/common/loader.tsx
2024-09-17 23:30:22,476 - code_review.logger - INFO - Skipping file with unknown language: code_review/cloned_repos/yantra-frontend/src/components/common/loader.tsx
2024-09-17 23:30:22,477 - code_review.logger - INFO - Skipping file with unknown language: code_review/cloned_repos/yantra-frontend/src/components/common/strong_pass_info.tsx
2024-09-17 23:30:22,477 - code_review.logger - INFO - Skipping file with unknown language: code_review/cloned_repos/yantra-frontend/src/components/common/strong_pass_info.tsx
2024-09-17 23:30:22,477 - code_review.logger - INFO - Skipping file with unknown language: code_review/cloned_repos/yantra-frontend/src/components/common/strong_pass_info.tsx
2024-09-17 23:30:22,477 - code_review.logger - INFO - Skipping file with unknown language: code_review/cloned_repos/yantra-frontend/src/components/common/confirm_delete.tsx
2024-09-17 23:30:22,477 - code_review.logger - INFO - Skipping file with unknown language: code_review/cloned_repos/yantra-frontend/src/components/common/confirm_delete.tsx
2024-09-17 23:30:22,477 - code_review.logger - INFO - Skipping file with unknown language: code_review/cloned_repos/yantra-frontend/src/components/common/confirm_delete.tsx
2024-09-17 23:30:22,477 - code_review.logger - INFO - Skipping file with unknown language: code_review/cloned_repos/yantra-frontend/src/components/common/user_hover_card.tsx
2024-09-17 23:30:22,477 - code_review.logger - INFO - Skipping file with unknown language: code_review/cloned_repos/yantra-frontend/src/components/common/user_hover_card.tsx
2024-09-17 23:30:22,477 - code_review.logger - INFO - Skipping file with unknown language: code_review/cloned_repos/yantra-frontend/src/components/common/user_hover_card.tsx
2024-09-17 23:30:22,477 - code_review.logger - INFO - Skipping file with unknown language: code_review/cloned_repos/yantra-frontend/src/components/common/follow_btn.tsx
2024-09-17 23:30:22,477 - code_review.logger - INFO - Skipping file with unknown language: code_review/cloned_repos/yantra-frontend/src/components/common/follow_btn.tsx
2024-09-17 23:30:22,477 - code_review.logger - INFO - Skipping file with unknown language: code_review/cloned_repos/yantra-frontend/src/components/common/follow_btn.tsx
2024-09-17 23:30:22,477 - code_review.logger - INFO - Skipping file with unknown language: code_review/cloned_repos/yantra-frontend/src/components/common/Background/index.tsx
2024-09-17 23:30:22,477 - code_review.logger - INFO - Skipping file with unknown language: code_review/cloned_repos/yantra-frontend/src/components/common/Background/index.tsx
2024-09-17 23:30:22,477 - code_review.logger - INFO - Skipping file with unknown language: code_review/cloned_repos/yantra-frontend/src/components/common/Background/index.tsx
2024-09-17 23:30:22,477 - code_review.logger - INFO - Skipping file with unknown language: code_review/cloned_repos/yantra-frontend/src/components/common/Resource/ResourceBucket.tsx
2024-09-17 23:30:22,477 - code_review.logger - INFO - Skipping file with unknown language: code_review/cloned_repos/yantra-frontend/src/components/common/Resource/ResourceBucket.tsx
2024-09-17 23:30:22,477 - code_review.logger - INFO - Skipping file with unknown language: code_review/cloned_repos/yantra-frontend/src/components/common/Resource/ResourceBucket.tsx
2024-09-17 23:30:22,477 - code_review.logger - INFO - Skipping file with unknown language: code_review/cloned_repos/yantra-frontend/src/components/common/Resource/NewResourceFile.tsx
2024-09-17 23:30:22,477 - code_review.logger - INFO - Skipping file with unknown language: code_review/cloned_repos/yantra-frontend/src/components/common/Resource/NewResourceFile.tsx
2024-09-17 23:30:22,477 - code_review.logger - INFO - Skipping file with unknown language: code_review/cloned_repos/yantra-frontend/src/components/common/Resource/NewResourceFile.tsx
2024-09-17 23:30:22,477 - code_review.logger - INFO - Skipping file with unknown language: code_review/cloned_repos/yantra-frontend/src/components/common/Resource/NewResource.tsx
2024-09-17 23:30:22,477 - code_review.logger - INFO - Skipping file with unknown language: code_review/cloned_repos/yantra-frontend/src/components/common/Resource/NewResource.tsx
2024-09-17 23:30:22,477 - code_review.logger - INFO - Skipping file with unknown language: code_review/cloned_repos/yantra-frontend/src/components/common/Resource/NewResource.tsx
2024-09-17 23:30:22,477 - code_review.logger - INFO - Skipping file with unknown language: code_review/cloned_repos/yantra-frontend/src/components/common/Resource/ResoureFileView.tsx
2024-09-17 23:30:22,477 - code_review.logger - INFO - Skipping file with unknown language: code_review/cloned_repos/yantra-frontend/src/components/common/Resource/ResoureFileView.tsx
2024-09-17 23:30:22,477 - code_review.logger - INFO - Skipping file with unknown language: code_review/cloned_repos/yantra-frontend/src/components/common/Resource/ResoureFileView.tsx
2024-09-17 23:30:22,477 - code_review.logger - INFO - Skipping file with unknown language: code_review/cloned_repos/yantra-frontend/src/components/common/Resource/ResourceView.tsx
2024-09-17 23:30:22,477 - code_review.logger - INFO - Skipping file with unknown language: code_review/cloned_repos/yantra-frontend/src/components/common/Resource/ResourceView.tsx
2024-09-17 23:30:22,477 - code_review.logger - INFO - Skipping file with unknown language: code_review/cloned_repos/yantra-frontend/src/components/common/Resource/ResourceView.tsx
2024-09-17 23:30:22,477 - code_review.logger - INFO - Skipping file with unknown language: code_review/cloned_repos/yantra-frontend/src/components/feed/announcement_card.tsx
2024-09-17 23:30:22,477 - code_review.logger - INFO - Skipping file with unknown language: code_review/cloned_repos/yantra-frontend/src/components/feed/announcement_card.tsx
2024-09-17 23:30:22,477 - code_review.logger - INFO - Skipping file with unknown language: code_review/cloned_repos/yantra-frontend/src/components/feed/announcement_card.tsx
2024-09-17 23:30:22,477 - code_review.logger - INFO - Skipping file with unknown language: code_review/cloned_repos/yantra-frontend/src/components/feed/poll_card.tsx
2024-09-17 23:30:22,477 - code_review.logger - INFO - Skipping file with unknown language: code_review/cloned_repos/yantra-frontend/src/components/feed/poll_card.tsx
2024-09-17 23:30:22,477 - code_review.logger - INFO - Skipping file with unknown language: code_review/cloned_repos/yantra-frontend/src/components/feed/poll_card.tsx
2024-09-17 23:30:22,478 - code_review.logger - INFO - Skipping file with unknown language: code_review/cloned_repos/yantra-frontend/src/components/feed/poll_option.tsx
2024-09-17 23:30:22,478 - code_review.logger - INFO - Skipping file with unknown language: code_review/cloned_repos/yantra-frontend/src/components/feed/poll_option.tsx
2024-09-17 23:30:22,478 - code_review.logger - INFO - Skipping file with unknown language: code_review/cloned_repos/yantra-frontend/src/components/feed/poll_option.tsx
2024-09-17 23:30:22,478 - code_review.logger - INFO - Skipping file with unknown language: code_review/cloned_repos/yantra-frontend/src/components/messaging/message_group.tsx
2024-09-17 23:30:22,478 - code_review.logger - INFO - Skipping file with unknown language: code_review/cloned_repos/yantra-frontend/src/components/messaging/message_group.tsx
2024-09-17 23:30:22,478 - code_review.logger - INFO - Skipping file with unknown language: code_review/cloned_repos/yantra-frontend/src/components/messaging/message_group.tsx
2024-09-17 23:30:22,478 - code_review.logger - INFO - Skipping file with unknown language: code_review/cloned_repos/yantra-frontend/src/components/messaging/GroupChat.tsx
2024-09-17 23:30:22,478 - code_review.logger - INFO - Skipping file with unknown language: code_review/cloned_repos/yantra-frontend/src/components/messaging/GroupChat.tsx
2024-09-17 23:30:22,478 - code_review.logger - INFO - Skipping file with unknown language: code_review/cloned_repos/yantra-frontend/src/components/messaging/GroupChat.tsx
2024-09-17 23:30:22,478 - code_review.logger - INFO - Skipping file with unknown language: code_review/cloned_repos/yantra-frontend/src/components/messaging/regular_message.tsx
2024-09-17 23:30:22,478 - code_review.logger - INFO - Skipping file with unknown language: code_review/cloned_repos/yantra-frontend/src/components/messaging/regular_message.tsx
2024-09-17 23:30:22,478 - code_review.logger - INFO - Skipping file with unknown language: code_review/cloned_repos/yantra-frontend/src/components/messaging/regular_message.tsx
2024-09-17 23:30:22,478 - code_review.logger - INFO - Skipping file with unknown language: code_review/cloned_repos/yantra-frontend/src/components/messaging/group_chat_textarea.tsx
2024-09-17 23:30:22,478 - code_review.logger - INFO - Skipping file with unknown language: code_review/cloned_repos/yantra-frontend/src/components/messaging/group_chat_textarea.tsx
2024-09-17 23:30:22,478 - code_review.logger - INFO - Skipping file with unknown language: code_review/cloned_repos/yantra-frontend/src/components/messaging/group_chat_textarea.tsx
2024-09-17 23:30:22,478 - code_review.logger - INFO - Skipping file with unknown language: code_review/cloned_repos/yantra-frontend/src/components/messaging/group_header.tsx
2024-09-17 23:30:22,478 - code_review.logger - INFO - Skipping file with unknown language: code_review/cloned_repos/yantra-frontend/src/components/messaging/group_header.tsx
2024-09-17 23:30:22,478 - code_review.logger - INFO - Skipping file with unknown language: code_review/cloned_repos/yantra-frontend/src/components/messaging/group_header.tsx
2024-09-17 23:30:22,478 - code_review.logger - INFO - Skipping file with unknown language: code_review/cloned_repos/yantra-frontend/src/components/loaders/posts.tsx
2024-09-17 23:30:22,478 - code_review.logger - INFO - Skipping file with unknown language: code_review/cloned_repos/yantra-frontend/src/components/loaders/posts.tsx
2024-09-17 23:30:22,478 - code_review.logger - INFO - Skipping file with unknown language: code_review/cloned_repos/yantra-frontend/src/components/loaders/posts.tsx
2024-09-17 23:30:22,478 - code_review.logger - INFO - Skipping file with unknown language: code_review/cloned_repos/yantra-frontend/src/components/Header/navModal.tsx
2024-09-17 23:30:22,478 - code_review.logger - INFO - Skipping file with unknown language: code_review/cloned_repos/yantra-frontend/src/components/Header/navModal.tsx
2024-09-17 23:30:22,478 - code_review.logger - INFO - Skipping file with unknown language: code_review/cloned_repos/yantra-frontend/src/components/Header/navModal.tsx
2024-09-17 23:30:22,478 - code_review.logger - INFO - Skipping file with unknown language: code_review/cloned_repos/yantra-frontend/src/components/Header/index.tsx
2024-09-17 23:30:22,478 - code_review.logger - INFO - Skipping file with unknown language: code_review/cloned_repos/yantra-frontend/src/components/Header/index.tsx
2024-09-17 23:30:22,478 - code_review.logger - INFO - Skipping file with unknown language: code_review/cloned_repos/yantra-frontend/src/components/Header/index.tsx
2024-09-17 23:30:22,479 - code_review.logger - INFO - Skipping file with unknown language: code_review/cloned_repos/yantra-frontend/src/components/Header/profile_dropdown.tsx
2024-09-17 23:30:22,479 - code_review.logger - INFO - Skipping file with unknown language: code_review/cloned_repos/yantra-frontend/src/components/Header/profile_dropdown.tsx
2024-09-17 23:30:22,479 - code_review.logger - INFO - Skipping file with unknown language: code_review/cloned_repos/yantra-frontend/src/components/Header/profile_dropdown.tsx
2024-09-17 23:30:22,479 - code_review.logger - INFO - Skipping file with unknown language: code_review/cloned_repos/yantra-frontend/src/components/Header/Dropdown.tsx
2024-09-17 23:30:22,479 - code_review.logger - INFO - Skipping file with unknown language: code_review/cloned_repos/yantra-frontend/src/components/Header/Dropdown.tsx
2024-09-17 23:30:22,479 - code_review.logger - INFO - Skipping file with unknown language: code_review/cloned_repos/yantra-frontend/src/components/Header/Dropdown.tsx
2024-09-17 23:30:22,479 - code_review.logger - INFO - Skipping file with unknown language: code_review/cloned_repos/yantra-frontend/src/components/onboarding/dummy_user_card.tsx
2024-09-17 23:30:22,479 - code_review.logger - INFO - Skipping file with unknown language: code_review/cloned_repos/yantra-frontend/src/components/onboarding/dummy_user_card.tsx
2024-09-17 23:30:22,479 - code_review.logger - INFO - Skipping file with unknown language: code_review/cloned_repos/yantra-frontend/src/components/onboarding/dummy_user_card.tsx
2024-09-17 23:30:22,479 - code_review.logger - INFO - Skipping file with unknown language: code_review/cloned_repos/yantra-frontend/src/components/onboarding/user_card.tsx
2024-09-17 23:30:22,479 - code_review.logger - INFO - Skipping file with unknown language: code_review/cloned_repos/yantra-frontend/src/components/onboarding/user_card.tsx
2024-09-17 23:30:22,479 - code_review.logger - INFO - Skipping file with unknown language: code_review/cloned_repos/yantra-frontend/src/components/onboarding/user_card.tsx
2024-09-17 23:30:22,479 - code_review.logger - INFO - Skipping file with unknown language: code_review/cloned_repos/yantra-frontend/src/components/onboarding/progress_bar.tsx
2024-09-17 23:30:22,479 - code_review.logger - INFO - Skipping file with unknown language: code_review/cloned_repos/yantra-frontend/src/components/onboarding/progress_bar.tsx
2024-09-17 23:30:22,479 - code_review.logger - INFO - Skipping file with unknown language: code_review/cloned_repos/yantra-frontend/src/components/onboarding/progress_bar.tsx
2024-09-17 23:30:22,481 - code_review.logger - INFO - Skipping file with unknown language: code_review/cloned_repos/yantra-frontend/src/pages/index.tsx
2024-09-17 23:30:22,481 - code_review.logger - INFO - Skipping file with unknown language: code_review/cloned_repos/yantra-frontend/src/pages/index.tsx
2024-09-17 23:30:22,481 - code_review.logger - INFO - Skipping file with unknown language: code_review/cloned_repos/yantra-frontend/src/pages/index.tsx
2024-09-17 23:30:22,481 - code_review.logger - INFO - Skipping file with unknown language: code_review/cloned_repos/yantra-frontend/src/pages/verification.tsx
2024-09-17 23:30:22,481 - code_review.logger - INFO - Skipping file with unknown language: code_review/cloned_repos/yantra-frontend/src/pages/verification.tsx
2024-09-17 23:30:22,481 - code_review.logger - INFO - Skipping file with unknown language: code_review/cloned_repos/yantra-frontend/src/pages/verification.tsx
2024-09-17 23:30:22,481 - code_review.logger - INFO - Skipping file with unknown language: code_review/cloned_repos/yantra-frontend/src/pages/_document.tsx
2024-09-17 23:30:22,481 - code_review.logger - INFO - Skipping file with unknown language: code_review/cloned_repos/yantra-frontend/src/pages/_document.tsx
2024-09-17 23:30:22,481 - code_review.logger - INFO - Skipping file with unknown language: code_review/cloned_repos/yantra-frontend/src/pages/_document.tsx
2024-09-17 23:30:22,481 - code_review.logger - INFO - Skipping file with unknown language: code_review/cloned_repos/yantra-frontend/src/pages/newGroup.tsx
2024-09-17 23:30:22,481 - code_review.logger - INFO - Skipping file with unknown language: code_review/cloned_repos/yantra-frontend/src/pages/newGroup.tsx
2024-09-17 23:30:22,481 - code_review.logger - INFO - Skipping file with unknown language: code_review/cloned_repos/yantra-frontend/src/pages/newGroup.tsx
2024-09-17 23:30:22,481 - code_review.logger - INFO - Skipping file with unknown language: code_review/cloned_repos/yantra-frontend/src/pages/mod_onboarding.tsx
2024-09-17 23:30:22,481 - code_review.logger - INFO - Skipping file with unknown language: code_review/cloned_repos/yantra-frontend/src/pages/mod_onboarding.tsx
2024-09-17 23:30:22,481 - code_review.logger - INFO - Skipping file with unknown language: code_review/cloned_repos/yantra-frontend/src/pages/mod_onboarding.tsx
2024-09-17 23:30:22,481 - code_review.logger - INFO - Skipping file with unknown language: code_review/cloned_repos/yantra-frontend/src/pages/user_onboarding.tsx
2024-09-17 23:30:22,481 - code_review.logger - INFO - Skipping file with unknown language: code_review/cloned_repos/yantra-frontend/src/pages/user_onboarding.tsx
2024-09-17 23:30:22,481 - code_review.logger - INFO - Skipping file with unknown language: code_review/cloned_repos/yantra-frontend/src/pages/user_onboarding.tsx
2024-09-17 23:30:22,481 - code_review.logger - INFO - Skipping file with unknown language: code_review/cloned_repos/yantra-frontend/src/pages/_app.tsx
2024-09-17 23:30:22,481 - code_review.logger - INFO - Skipping file with unknown language: code_review/cloned_repos/yantra-frontend/src/pages/_app.tsx
2024-09-17 23:30:22,481 - code_review.logger - INFO - Skipping file with unknown language: code_review/cloned_repos/yantra-frontend/src/pages/_app.tsx
2024-09-17 23:30:22,481 - code_review.logger - INFO - Skipping file with unknown language: code_review/cloned_repos/yantra-frontend/src/pages/journal/index.tsx
2024-09-17 23:30:22,481 - code_review.logger - INFO - Skipping file with unknown language: code_review/cloned_repos/yantra-frontend/src/pages/journal/index.tsx
2024-09-17 23:30:22,481 - code_review.logger - INFO - Skipping file with unknown language: code_review/cloned_repos/yantra-frontend/src/pages/journal/index.tsx
2024-09-17 23:30:22,482 - code_review.logger - INFO - Skipping file with unknown language: code_review/cloned_repos/yantra-frontend/src/pages/home/index.tsx
2024-09-17 23:30:22,482 - code_review.logger - INFO - Skipping file with unknown language: code_review/cloned_repos/yantra-frontend/src/pages/home/index.tsx
2024-09-17 23:30:22,482 - code_review.logger - INFO - Skipping file with unknown language: code_review/cloned_repos/yantra-frontend/src/pages/home/index.tsx
2024-09-17 23:30:22,482 - code_review.logger - INFO - Skipping file with unknown language: code_review/cloned_repos/yantra-frontend/src/pages/group/index.tsx
2024-09-17 23:30:22,482 - code_review.logger - INFO - Skipping file with unknown language: code_review/cloned_repos/yantra-frontend/src/pages/group/index.tsx
2024-09-17 23:30:22,482 - code_review.logger - INFO - Skipping file with unknown language: code_review/cloned_repos/yantra-frontend/src/pages/group/index.tsx
2024-09-17 23:30:22,482 - code_review.logger - INFO - Skipping file with unknown language: code_review/cloned_repos/yantra-frontend/src/pages/signup/index.tsx
2024-09-17 23:30:22,482 - code_review.logger - INFO - Skipping file with unknown language: code_review/cloned_repos/yantra-frontend/src/pages/signup/index.tsx
2024-09-17 23:30:22,482 - code_review.logger - INFO - Skipping file with unknown language: code_review/cloned_repos/yantra-frontend/src/pages/signup/index.tsx
2024-09-17 23:30:22,482 - code_review.logger - INFO - Skipping file with unknown language: code_review/cloned_repos/yantra-frontend/src/pages/signup/callback.tsx
2024-09-17 23:30:22,482 - code_review.logger - INFO - Skipping file with unknown language: code_review/cloned_repos/yantra-frontend/src/pages/signup/callback.tsx
2024-09-17 23:30:22,482 - code_review.logger - INFO - Skipping file with unknown language: code_review/cloned_repos/yantra-frontend/src/pages/signup/callback.tsx
2024-09-17 23:30:22,482 - code_review.logger - INFO - Skipping file with unknown language: code_review/cloned_repos/yantra-frontend/src/pages/resources/index.tsx
2024-09-17 23:30:22,482 - code_review.logger - INFO - Skipping file with unknown language: code_review/cloned_repos/yantra-frontend/src/pages/resources/index.tsx
2024-09-17 23:30:22,482 - code_review.logger - INFO - Skipping file with unknown language: code_review/cloned_repos/yantra-frontend/src/pages/resources/index.tsx
2024-09-17 23:30:22,482 - code_review.logger - INFO - Skipping file with unknown language: code_review/cloned_repos/yantra-frontend/src/pages/resources/[id].tsx
2024-09-17 23:30:22,482 - code_review.logger - INFO - Skipping file with unknown language: code_review/cloned_repos/yantra-frontend/src/pages/resources/[id].tsx
2024-09-17 23:30:22,482 - code_review.logger - INFO - Skipping file with unknown language: code_review/cloned_repos/yantra-frontend/src/pages/resources/[id].tsx
2024-09-17 23:30:22,482 - code_review.logger - INFO - Skipping file with unknown language: code_review/cloned_repos/yantra-frontend/src/pages/profile/index.tsx
2024-09-17 23:30:22,482 - code_review.logger - INFO - Skipping file with unknown language: code_review/cloned_repos/yantra-frontend/src/pages/profile/index.tsx
2024-09-17 23:30:22,482 - code_review.logger - INFO - Skipping file with unknown language: code_review/cloned_repos/yantra-frontend/src/pages/profile/index.tsx
2024-09-17 23:30:22,482 - code_review.logger - INFO - Skipping file with unknown language: code_review/cloned_repos/yantra-frontend/src/pages/events/index.tsx
2024-09-17 23:30:22,482 - code_review.logger - INFO - Skipping file with unknown language: code_review/cloned_repos/yantra-frontend/src/pages/events/index.tsx
2024-09-17 23:30:22,482 - code_review.logger - INFO - Skipping file with unknown language: code_review/cloned_repos/yantra-frontend/src/pages/events/index.tsx
2024-09-17 23:30:22,482 - code_review.logger - INFO - Skipping file with unknown language: code_review/cloned_repos/yantra-frontend/src/pages/events/[id].tsx
2024-09-17 23:30:22,482 - code_review.logger - INFO - Skipping file with unknown language: code_review/cloned_repos/yantra-frontend/src/pages/events/[id].tsx
2024-09-17 23:30:22,482 - code_review.logger - INFO - Skipping file with unknown language: code_review/cloned_repos/yantra-frontend/src/pages/events/[id].tsx
2024-09-17 23:30:22,482 - code_review.logger - INFO - Skipping file with unknown language: code_review/cloned_repos/yantra-frontend/src/pages/events/meet/[token].tsx
2024-09-17 23:30:22,482 - code_review.logger - INFO - Skipping file with unknown language: code_review/cloned_repos/yantra-frontend/src/pages/events/meet/[token].tsx
2024-09-17 23:30:22,482 - code_review.logger - INFO - Skipping file with unknown language: code_review/cloned_repos/yantra-frontend/src/pages/events/meet/[token].tsx
2024-09-17 23:30:22,482 - code_review.logger - INFO - Skipping file with unknown language: code_review/cloned_repos/yantra-frontend/src/pages/login/index.tsx
2024-09-17 23:30:22,482 - code_review.logger - INFO - Skipping file with unknown language: code_review/cloned_repos/yantra-frontend/src/pages/login/index.tsx
2024-09-17 23:30:22,482 - code_review.logger - INFO - Skipping file with unknown language: code_review/cloned_repos/yantra-frontend/src/pages/login/index.tsx
2024-09-17 23:30:22,482 - code_review.logger - INFO - Skipping file with unknown language: code_review/cloned_repos/yantra-frontend/src/pages/login/callback.tsx
2024-09-17 23:30:22,482 - code_review.logger - INFO - Skipping file with unknown language: code_review/cloned_repos/yantra-frontend/src/pages/login/callback.tsx
2024-09-17 23:30:22,482 - code_review.logger - INFO - Skipping file with unknown language: code_review/cloned_repos/yantra-frontend/src/pages/login/callback.tsx
2024-09-17 23:30:22,492 - code_review.logger - INFO - Skipping file with unknown language: code_review/cloned_repos/wordy/.prettierrc
2024-09-17 23:30:22,492 - code_review.logger - INFO - Skipping file with unknown language: code_review/cloned_repos/wordy/.prettierrc
2024-09-17 23:30:22,492 - code_review.logger - INFO - Skipping file with unknown language: code_review/cloned_repos/wordy/.prettierrc
2024-09-17 23:30:22,493 - code_review.logger - INFO - Skipping file with unknown language: code_review/cloned_repos/wordy/docker-compose.yml
2024-09-17 23:30:22,493 - code_review.logger - INFO - Skipping file with unknown language: code_review/cloned_repos/wordy/docker-compose.yml
2024-09-17 23:30:22,493 - code_review.logger - INFO - Skipping file with unknown language: code_review/cloned_repos/wordy/docker-compose.yml
2024-09-17 23:30:22,493 - code_review.logger - INFO - Skipping file with unknown language: code_review/cloned_repos/wordy/chunk_data/.._code_review_cloned_repos_wordy_tsconfig.json_chunks.txt
2024-09-17 23:30:22,493 - code_review.logger - INFO - Skipping file with unknown language: code_review/cloned_repos/wordy/chunk_data/.._code_review_cloned_repos_wordy_tsconfig.json_chunks.txt
2024-09-17 23:30:22,493 - code_review.logger - INFO - Skipping file with unknown language: code_review/cloned_repos/wordy/chunk_data/.._code_review_cloned_repos_wordy_tsconfig.json_chunks.txt
2024-09-17 23:30:22,493 - code_review.logger - INFO - Skipping file with unknown language: code_review/cloned_repos/wordy/chunk_data/.._code_review_cloned_repos_wordy_next.config.js_chunks.txt
2024-09-17 23:30:22,493 - code_review.logger - INFO - Skipping file with unknown language: code_review/cloned_repos/wordy/chunk_data/.._code_review_cloned_repos_wordy_next.config.js_chunks.txt
2024-09-17 23:30:22,493 - code_review.logger - INFO - Skipping file with unknown language: code_review/cloned_repos/wordy/chunk_data/.._code_review_cloned_repos_wordy_next.config.js_chunks.txt
2024-09-17 23:30:22,493 - code_review.logger - INFO - Skipping file with unknown language: code_review/cloned_repos/wordy/chunk_data/.._code_review_cloned_repos_wordy_.eslintrc.json_chunks.txt
2024-09-17 23:30:22,493 - code_review.logger - INFO - Skipping file with unknown language: code_review/cloned_repos/wordy/chunk_data/.._code_review_cloned_repos_wordy_.eslintrc.json_chunks.txt
2024-09-17 23:30:22,493 - code_review.logger - INFO - Skipping file with unknown language: code_review/cloned_repos/wordy/chunk_data/.._code_review_cloned_repos_wordy_.eslintrc.json_chunks.txt
2024-09-17 23:30:22,493 - code_review.logger - INFO - Skipping file with unknown language: code_review/cloned_repos/wordy/chunk_data/.._code_review_cloned_repos_wordy_package-lock.json_chunks.txt
2024-09-17 23:30:22,493 - code_review.logger - INFO - Skipping file with unknown language: code_review/cloned_repos/wordy/chunk_data/.._code_review_cloned_repos_wordy_package-lock.json_chunks.txt
2024-09-17 23:30:22,493 - code_review.logger - INFO - Skipping file with unknown language: code_review/cloned_repos/wordy/chunk_data/.._code_review_cloned_repos_wordy_package-lock.json_chunks.txt
2024-09-17 23:30:22,493 - code_review.logger - INFO - Skipping file with unknown language: code_review/cloned_repos/wordy/chunk_data/.._code_review_cloned_repos_wordy_README.md_chunks.txt
2024-09-17 23:30:22,493 - code_review.logger - INFO - Skipping file with unknown language: code_review/cloned_repos/wordy/chunk_data/.._code_review_cloned_repos_wordy_README.md_chunks.txt
2024-09-17 23:30:22,493 - code_review.logger - INFO - Skipping file with unknown language: code_review/cloned_repos/wordy/chunk_data/.._code_review_cloned_repos_wordy_README.md_chunks.txt
2024-09-17 23:30:22,493 - code_review.logger - INFO - Skipping file with unknown language: code_review/cloned_repos/wordy/chunk_data/.._code_review_cloned_repos_wordy_package.json_chunks.txt
2024-09-17 23:30:22,493 - code_review.logger - INFO - Skipping file with unknown language: code_review/cloned_repos/wordy/chunk_data/.._code_review_cloned_repos_wordy_package.json_chunks.txt
2024-09-17 23:30:22,493 - code_review.logger - INFO - Skipping file with unknown language: code_review/cloned_repos/wordy/chunk_data/.._code_review_cloned_repos_wordy_package.json_chunks.txt
2024-09-17 23:30:22,493 - code_review.logger - INFO - Skipping file with unknown language: code_review/cloned_repos/wordy/public/favicon.ico
2024-09-17 23:30:22,493 - code_review.logger - INFO - Skipping file with unknown language: code_review/cloned_repos/wordy/public/favicon.ico
2024-09-17 23:30:22,493 - code_review.logger - INFO - Skipping file with unknown language: code_review/cloned_repos/wordy/public/favicon.ico
2024-09-17 23:30:22,493 - code_review.logger - INFO - Skipping file with unknown language: code_review/cloned_repos/wordy/public/thirteen.svg
2024-09-17 23:30:22,493 - code_review.logger - INFO - Skipping file with unknown language: code_review/cloned_repos/wordy/public/thirteen.svg
2024-09-17 23:30:22,493 - code_review.logger - INFO - Skipping file with unknown language: code_review/cloned_repos/wordy/public/thirteen.svg
2024-09-17 23:30:22,493 - code_review.logger - INFO - Skipping file with unknown language: code_review/cloned_repos/wordy/public/vercel.svg
2024-09-17 23:30:22,493 - code_review.logger - INFO - Skipping file with unknown language: code_review/cloned_repos/wordy/public/vercel.svg
2024-09-17 23:30:22,493 - code_review.logger - INFO - Skipping file with unknown language: code_review/cloned_repos/wordy/public/vercel.svg
2024-09-17 23:30:22,493 - code_review.logger - INFO - Skipping file with unknown language: code_review/cloned_repos/wordy/public/next.svg
2024-09-17 23:30:22,493 - code_review.logger - INFO - Skipping file with unknown language: code_review/cloned_repos/wordy/public/next.svg
2024-09-17 23:30:22,493 - code_review.logger - INFO - Skipping file with unknown language: code_review/cloned_repos/wordy/public/next.svg
2024-09-17 23:30:22,499 - code_review.logger - INFO - Skipping file with unknown language: code_review/cloned_repos/wordy/src/components/navbar.tsx
2024-09-17 23:30:22,499 - code_review.logger - INFO - Skipping file with unknown language: code_review/cloned_repos/wordy/src/components/navbar.tsx
2024-09-17 23:30:22,499 - code_review.logger - INFO - Skipping file with unknown language: code_review/cloned_repos/wordy/src/components/navbar.tsx
2024-09-17 23:30:22,499 - code_review.logger - INFO - Skipping file with unknown language: code_review/cloned_repos/wordy/src/components/flashcard.tsx
2024-09-17 23:30:22,499 - code_review.logger - INFO - Skipping file with unknown language: code_review/cloned_repos/wordy/src/components/flashcard.tsx
2024-09-17 23:30:22,499 - code_review.logger - INFO - Skipping file with unknown language: code_review/cloned_repos/wordy/src/components/flashcard.tsx
2024-09-17 23:30:22,499 - code_review.logger - INFO - Skipping file with unknown language: code_review/cloned_repos/wordy/src/components/add_word.tsx
2024-09-17 23:30:22,499 - code_review.logger - INFO - Skipping file with unknown language: code_review/cloned_repos/wordy/src/components/add_word.tsx
2024-09-17 23:30:22,499 - code_review.logger - INFO - Skipping file with unknown language: code_review/cloned_repos/wordy/src/components/add_word.tsx
2024-09-17 23:30:22,499 - code_review.logger - INFO - Skipping file with unknown language: code_review/cloned_repos/wordy/src/components/word.tsx
2024-09-17 23:30:22,499 - code_review.logger - INFO - Skipping file with unknown language: code_review/cloned_repos/wordy/src/components/word.tsx
2024-09-17 23:30:22,499 - code_review.logger - INFO - Skipping file with unknown language: code_review/cloned_repos/wordy/src/components/word.tsx
2024-09-17 23:30:22,499 - code_review.logger - INFO - Skipping file with unknown language: code_review/cloned_repos/wordy/src/components/quiz_results.tsx
2024-09-17 23:30:22,499 - code_review.logger - INFO - Skipping file with unknown language: code_review/cloned_repos/wordy/src/components/quiz_results.tsx
2024-09-17 23:30:22,499 - code_review.logger - INFO - Skipping file with unknown language: code_review/cloned_repos/wordy/src/components/quiz_results.tsx
2024-09-17 23:30:22,499 - code_review.logger - INFO - Skipping file with unknown language: code_review/cloned_repos/wordy/src/components/quiz.tsx
2024-09-17 23:30:22,499 - code_review.logger - INFO - Skipping file with unknown language: code_review/cloned_repos/wordy/src/components/quiz.tsx
2024-09-17 23:30:22,499 - code_review.logger - INFO - Skipping file with unknown language: code_review/cloned_repos/wordy/src/components/quiz.tsx
2024-09-17 23:30:22,499 - code_review.logger - INFO - Skipping file with unknown language: code_review/cloned_repos/wordy/src/components/add_words_bulk.tsx
2024-09-17 23:30:22,499 - code_review.logger - INFO - Skipping file with unknown language: code_review/cloned_repos/wordy/src/components/add_words_bulk.tsx
2024-09-17 23:30:22,499 - code_review.logger - INFO - Skipping file with unknown language: code_review/cloned_repos/wordy/src/components/add_words_bulk.tsx
2024-09-17 23:30:22,499 - code_review.logger - INFO - Skipping file with unknown language: code_review/cloned_repos/wordy/src/pages/index.tsx
2024-09-17 23:30:22,499 - code_review.logger - INFO - Skipping file with unknown language: code_review/cloned_repos/wordy/src/pages/index.tsx
2024-09-17 23:30:22,499 - code_review.logger - INFO - Skipping file with unknown language: code_review/cloned_repos/wordy/src/pages/index.tsx
2024-09-17 23:30:22,499 - code_review.logger - INFO - Skipping file with unknown language: code_review/cloned_repos/wordy/src/pages/flashcards.tsx
2024-09-17 23:30:22,499 - code_review.logger - INFO - Skipping file with unknown language: code_review/cloned_repos/wordy/src/pages/flashcards.tsx
2024-09-17 23:30:22,499 - code_review.logger - INFO - Skipping file with unknown language: code_review/cloned_repos/wordy/src/pages/flashcards.tsx
2024-09-17 23:30:22,499 - code_review.logger - INFO - Skipping file with unknown language: code_review/cloned_repos/wordy/src/pages/scores.tsx
2024-09-17 23:30:22,499 - code_review.logger - INFO - Skipping file with unknown language: code_review/cloned_repos/wordy/src/pages/scores.tsx
2024-09-17 23:30:22,499 - code_review.logger - INFO - Skipping file with unknown language: code_review/cloned_repos/wordy/src/pages/scores.tsx
2024-09-17 23:30:22,499 - code_review.logger - INFO - Skipping file with unknown language: code_review/cloned_repos/wordy/src/pages/_document.tsx
2024-09-17 23:30:22,499 - code_review.logger - INFO - Skipping file with unknown language: code_review/cloned_repos/wordy/src/pages/_document.tsx
2024-09-17 23:30:22,499 - code_review.logger - INFO - Skipping file with unknown language: code_review/cloned_repos/wordy/src/pages/_document.tsx
2024-09-17 23:30:22,499 - code_review.logger - INFO - Skipping file with unknown language: code_review/cloned_repos/wordy/src/pages/words.tsx
2024-09-17 23:30:22,499 - code_review.logger - INFO - Skipping file with unknown language: code_review/cloned_repos/wordy/src/pages/words.tsx
2024-09-17 23:30:22,499 - code_review.logger - INFO - Skipping file with unknown language: code_review/cloned_repos/wordy/src/pages/words.tsx
2024-09-17 23:30:22,499 - code_review.logger - INFO - Skipping file with unknown language: code_review/cloned_repos/wordy/src/pages/quiz.tsx
2024-09-17 23:30:22,499 - code_review.logger - INFO - Skipping file with unknown language: code_review/cloned_repos/wordy/src/pages/quiz.tsx
2024-09-17 23:30:22,499 - code_review.logger - INFO - Skipping file with unknown language: code_review/cloned_repos/wordy/src/pages/quiz.tsx
2024-09-17 23:30:22,499 - code_review.logger - INFO - Skipping file with unknown language: code_review/cloned_repos/wordy/src/pages/_app.tsx
2024-09-17 23:30:22,499 - code_review.logger - INFO - Skipping file with unknown language: code_review/cloned_repos/wordy/src/pages/_app.tsx
2024-09-17 23:30:22,499 - code_review.logger - INFO - Skipping file with unknown language: code_review/cloned_repos/wordy/src/pages/_app.tsx
2024-09-17 23:30:32,966 - code_review.logger - INFO - Error processing file code_review/cloned_repos/wordy/chunk_data/.._code_review_cloned_repos_wordy_package-lock.json_chunks.txt: RetryError[<Future at 0x2eca9dbd0 state=finished raised RateLimitError>]
2024-09-17 23:30:32,966 - code_review.logger - INFO - Error processing file code_review/cloned_repos/wordy/chunk_data/.._code_review_cloned_repos_wordy_package-lock.json_chunks.txt: RetryError[<Future at 0x2eca9dbd0 state=finished raised RateLimitError>]
2024-09-17 23:30:32,966 - code_review.logger - INFO - Error processing file code_review/cloned_repos/wordy/chunk_data/.._code_review_cloned_repos_wordy_package-lock.json_chunks.txt: RetryError[<Future at 0x2eca9dbd0 state=finished raised RateLimitError>]
2024-09-17 23:30:33,506 - code_review.logger - INFO - Error processing file code_review/cloned_repos/lyrikplasm_backend/chunk_data/.._code_review_cloned_repos_lyrikplasm_backend_utils_paymentsHandler.js_chunks.txt: RetryError[<Future at 0x29cd3b910 state=finished raised RateLimitError>]
2024-09-17 23:30:33,506 - code_review.logger - INFO - Error processing file code_review/cloned_repos/lyrikplasm_backend/chunk_data/.._code_review_cloned_repos_lyrikplasm_backend_utils_paymentsHandler.js_chunks.txt: RetryError[<Future at 0x29cd3b910 state=finished raised RateLimitError>]
2024-09-17 23:30:33,506 - code_review.logger - INFO - Error processing file code_review/cloned_repos/lyrikplasm_backend/chunk_data/.._code_review_cloned_repos_lyrikplasm_backend_utils_paymentsHandler.js_chunks.txt: RetryError[<Future at 0x29cd3b910 state=finished raised RateLimitError>]
2024-09-17 23:30:33,809 - code_review.logger - INFO - Error processing file code_review/cloned_repos/lyrikplasm_backend/chunk_data/.._code_review_cloned_repos_lyrikplasm_backend_routers_songRouter.js_chunks.txt: RetryError[<Future at 0x2ecab2e10 state=finished raised RateLimitError>]
2024-09-17 23:30:33,809 - code_review.logger - INFO - Error processing file code_review/cloned_repos/lyrikplasm_backend/chunk_data/.._code_review_cloned_repos_lyrikplasm_backend_routers_songRouter.js_chunks.txt: RetryError[<Future at 0x2ecab2e10 state=finished raised RateLimitError>]
2024-09-17 23:30:33,809 - code_review.logger - INFO - Error processing file code_review/cloned_repos/lyrikplasm_backend/chunk_data/.._code_review_cloned_repos_lyrikplasm_backend_routers_songRouter.js_chunks.txt: RetryError[<Future at 0x2ecab2e10 state=finished raised RateLimitError>]
2024-09-17 23:30:34,373 - code_review.logger - INFO - Error processing file code_review/cloned_repos/lyrikplasm_backend/chunk_data/.._code_review_cloned_repos_lyrikplasm_backend_package-lock.json_chunks.txt: RetryError[<Future at 0x2ecacfa90 state=finished raised RateLimitError>]
2024-09-17 23:30:34,373 - code_review.logger - INFO - Error processing file code_review/cloned_repos/lyrikplasm_backend/chunk_data/.._code_review_cloned_repos_lyrikplasm_backend_package-lock.json_chunks.txt: RetryError[<Future at 0x2ecacfa90 state=finished raised RateLimitError>]
2024-09-17 23:30:34,373 - code_review.logger - INFO - Error processing file code_review/cloned_repos/lyrikplasm_backend/chunk_data/.._code_review_cloned_repos_lyrikplasm_backend_package-lock.json_chunks.txt: RetryError[<Future at 0x2ecacfa90 state=finished raised RateLimitError>]
2024-09-17 23:30:34,818 - code_review.logger - INFO - Error processing file code_review/cloned_repos/yantra-frontend/chunk_data/.._code_review_cloned_repos_yantra-frontend_src_handlers_delete_handler.ts_chunks.txt: RetryError[<Future at 0x2ecab1c90 state=finished raised RateLimitError>]
2024-09-17 23:30:34,818 - code_review.logger - INFO - Error processing file code_review/cloned_repos/yantra-frontend/chunk_data/.._code_review_cloned_repos_yantra-frontend_src_handlers_delete_handler.ts_chunks.txt: RetryError[<Future at 0x2ecab1c90 state=finished raised RateLimitError>]
2024-09-17 23:30:34,818 - code_review.logger - INFO - Error processing file code_review/cloned_repos/yantra-frontend/chunk_data/.._code_review_cloned_repos_yantra-frontend_src_handlers_delete_handler.ts_chunks.txt: RetryError[<Future at 0x2ecab1c90 state=finished raised RateLimitError>]
2024-09-17 23:30:35,159 - code_review.logger - INFO - Error processing file code_review/cloned_repos/lyrikplasm_backend/chunk_data/.._code_review_cloned_repos_lyrikplasm_backend_logs_logger.js_chunks.txt: RetryError[<Future at 0x29d640f10 state=finished raised RateLimitError>]
2024-09-17 23:30:35,159 - code_review.logger - INFO - Error processing file code_review/cloned_repos/lyrikplasm_backend/chunk_data/.._code_review_cloned_repos_lyrikplasm_backend_logs_logger.js_chunks.txt: RetryError[<Future at 0x29d640f10 state=finished raised RateLimitError>]
2024-09-17 23:30:35,159 - code_review.logger - INFO - Error processing file code_review/cloned_repos/lyrikplasm_backend/chunk_data/.._code_review_cloned_repos_lyrikplasm_backend_logs_logger.js_chunks.txt: RetryError[<Future at 0x29d640f10 state=finished raised RateLimitError>]
2024-09-17 23:30:35,611 - code_review.logger - INFO - Error processing file code_review/cloned_repos/lyrikplasm_backend/chunk_data/.._code_review_cloned_repos_lyrikplasm_backend_utils_Email.js_chunks.txt: RetryError[<Future at 0x2ede5e250 state=finished raised RateLimitError>]
2024-09-17 23:30:35,611 - code_review.logger - INFO - Error processing file code_review/cloned_repos/lyrikplasm_backend/chunk_data/.._code_review_cloned_repos_lyrikplasm_backend_utils_Email.js_chunks.txt: RetryError[<Future at 0x2ede5e250 state=finished raised RateLimitError>]
2024-09-17 23:30:35,611 - code_review.logger - INFO - Error processing file code_review/cloned_repos/lyrikplasm_backend/chunk_data/.._code_review_cloned_repos_lyrikplasm_backend_utils_Email.js_chunks.txt: RetryError[<Future at 0x2ede5e250 state=finished raised RateLimitError>]
2024-09-17 23:30:35,659 - code_review.logger - INFO - Error processing file code_review/cloned_repos/yantra-frontend/chunk_data/.._code_review_cloned_repos_yantra-frontend_src_handlers_patch_handler.ts_chunks.txt: RetryError[<Future at 0x2ede62290 state=finished raised RateLimitError>]
2024-09-17 23:30:35,659 - code_review.logger - INFO - Error processing file code_review/cloned_repos/yantra-frontend/chunk_data/.._code_review_cloned_repos_yantra-frontend_src_handlers_patch_handler.ts_chunks.txt: RetryError[<Future at 0x2ede62290 state=finished raised RateLimitError>]
2024-09-17 23:30:35,659 - code_review.logger - INFO - Error processing file code_review/cloned_repos/yantra-frontend/chunk_data/.._code_review_cloned_repos_yantra-frontend_src_handlers_patch_handler.ts_chunks.txt: RetryError[<Future at 0x2ede62290 state=finished raised RateLimitError>]
2024-09-17 23:30:36,001 - code_review.logger - INFO - Error processing file code_review/cloned_repos/yantra-frontend/chunk_data/.._code_review_cloned_repos_yantra-frontend_src_types_initials.ts_chunks.txt: RetryError[<Future at 0x2ede58d50 state=finished raised RateLimitError>]
2024-09-17 23:30:36,001 - code_review.logger - INFO - Error processing file code_review/cloned_repos/yantra-frontend/chunk_data/.._code_review_cloned_repos_yantra-frontend_src_types_initials.ts_chunks.txt: RetryError[<Future at 0x2ede58d50 state=finished raised RateLimitError>]
2024-09-17 23:30:36,001 - code_review.logger - INFO - Error processing file code_review/cloned_repos/yantra-frontend/chunk_data/.._code_review_cloned_repos_yantra-frontend_src_types_initials.ts_chunks.txt: RetryError[<Future at 0x2ede58d50 state=finished raised RateLimitError>]
2024-09-17 23:30:36,387 - code_review.logger - INFO - Error processing file code_review/cloned_repos/yantra-frontend/chunk_data/.._code_review_cloned_repos_yantra-frontend_src_styles_extras.tailwind.css_chunks.txt: RetryError[<Future at 0x2edea1a50 state=finished raised RateLimitError>]
2024-09-17 23:30:36,387 - code_review.logger - INFO - Error processing file code_review/cloned_repos/yantra-frontend/chunk_data/.._code_review_cloned_repos_yantra-frontend_src_styles_extras.tailwind.css_chunks.txt: RetryError[<Future at 0x2edea1a50 state=finished raised RateLimitError>]
2024-09-17 23:30:36,387 - code_review.logger - INFO - Error processing file code_review/cloned_repos/yantra-frontend/chunk_data/.._code_review_cloned_repos_yantra-frontend_src_styles_extras.tailwind.css_chunks.txt: RetryError[<Future at 0x2edea1a50 state=finished raised RateLimitError>]
2024-09-17 23:30:36,779 - code_review.logger - INFO - Error processing file code_review/cloned_repos/yantra-frontend/chunk_data/.._code_review_cloned_repos_yantra-frontend_src_components_Header_index.module.css_chunks.txt: RetryError[<Future at 0x2edeb91d0 state=finished raised RateLimitError>]
2024-09-17 23:30:36,779 - code_review.logger - INFO - Error processing file code_review/cloned_repos/yantra-frontend/chunk_data/.._code_review_cloned_repos_yantra-frontend_src_components_Header_index.module.css_chunks.txt: RetryError[<Future at 0x2edeb91d0 state=finished raised RateLimitError>]
2024-09-17 23:30:36,779 - code_review.logger - INFO - Error processing file code_review/cloned_repos/lyrikplasm_backend/chunk_data/.._code_review_cloned_repos_lyrikplasm_backend_managers_envHandler.js_chunks.txt: RetryError[<Future at 0x2edeba310 state=finished raised RateLimitError>]
2024-09-17 23:30:36,779 - code_review.logger - INFO - Error processing file code_review/cloned_repos/yantra-frontend/chunk_data/.._code_review_cloned_repos_yantra-frontend_src_components_Header_index.module.css_chunks.txt: RetryError[<Future at 0x2edeb91d0 state=finished raised RateLimitError>]
2024-09-17 23:30:36,779 - code_review.logger - INFO - Error processing file code_review/cloned_repos/lyrikplasm_backend/chunk_data/.._code_review_cloned_repos_lyrikplasm_backend_managers_envHandler.js_chunks.txt: RetryError[<Future at 0x2edeba310 state=finished raised RateLimitError>]
2024-09-17 23:30:36,779 - code_review.logger - INFO - Error processing file code_review/cloned_repos/lyrikplasm_backend/chunk_data/.._code_review_cloned_repos_lyrikplasm_backend_managers_envHandler.js_chunks.txt: RetryError[<Future at 0x2edeba310 state=finished raised RateLimitError>]
2024-09-17 23:30:37,019 - code_review.logger - INFO - Error processing file code_review/cloned_repos/lyrikplasm_backend/chunk_data/.._code_review_cloned_repos_lyrikplasm_backend_models_reviewModel.js_chunks.txt: RetryError[<Future at 0x2ede8e390 state=finished raised RateLimitError>]
2024-09-17 23:30:37,019 - code_review.logger - INFO - Error processing file code_review/cloned_repos/lyrikplasm_backend/chunk_data/.._code_review_cloned_repos_lyrikplasm_backend_models_reviewModel.js_chunks.txt: RetryError[<Future at 0x2ede8e390 state=finished raised RateLimitError>]
2024-09-17 23:30:37,019 - code_review.logger - INFO - Error processing file code_review/cloned_repos/lyrikplasm_backend/chunk_data/.._code_review_cloned_repos_lyrikplasm_backend_models_reviewModel.js_chunks.txt: RetryError[<Future at 0x2ede8e390 state=finished raised RateLimitError>]
2024-09-17 23:30:37,109 - code_review.logger - INFO - Error processing file code_review/cloned_repos/lyrikplasm_backend/chunk_data/.._code_review_cloned_repos_lyrikplasm_backend_utils_parserers_songUploadParserer.js_chunks.txt: RetryError[<Future at 0x2edeb8190 state=finished raised RateLimitError>]
2024-09-17 23:30:37,109 - code_review.logger - INFO - Error processing file code_review/cloned_repos/lyrikplasm_backend/chunk_data/.._code_review_cloned_repos_lyrikplasm_backend_utils_parserers_songUploadParserer.js_chunks.txt: RetryError[<Future at 0x2edeb8190 state=finished raised RateLimitError>]
2024-09-17 23:30:37,109 - code_review.logger - INFO - Error processing file code_review/cloned_repos/lyrikplasm_backend/chunk_data/.._code_review_cloned_repos_lyrikplasm_backend_utils_parserers_songUploadParserer.js_chunks.txt: RetryError[<Future at 0x2edeb8190 state=finished raised RateLimitError>]
2024-09-17 23:30:37,703 - code_review.logger - INFO - Error processing file code_review/cloned_repos/yantra-frontend/chunk_data/.._code_review_cloned_repos_yantra-frontend_src_utils_funcs_sort_chats.ts_chunks.txt: RetryError[<Future at 0x2ede12c90 state=finished raised RateLimitError>]
2024-09-17 23:30:37,703 - code_review.logger - INFO - Error processing file code_review/cloned_repos/yantra-frontend/chunk_data/.._code_review_cloned_repos_yantra-frontend_src_utils_funcs_sort_chats.ts_chunks.txt: RetryError[<Future at 0x2ede12c90 state=finished raised RateLimitError>]
2024-09-17 23:30:37,703 - code_review.logger - INFO - Error processing file code_review/cloned_repos/yantra-frontend/chunk_data/.._code_review_cloned_repos_yantra-frontend_src_utils_funcs_sort_chats.ts_chunks.txt: RetryError[<Future at 0x2ede12c90 state=finished raised RateLimitError>]
2024-09-17 23:30:38,017 - code_review.logger - INFO - Error processing file code_review/cloned_repos/yantra-frontend/chunk_data/.._code_review_cloned_repos_yantra-frontend_src_slices_messagingSlice.ts_chunks.txt: RetryError[<Future at 0x2ede8e950 state=finished raised RateLimitError>]
2024-09-17 23:30:38,017 - code_review.logger - INFO - Error processing file code_review/cloned_repos/yantra-frontend/chunk_data/.._code_review_cloned_repos_yantra-frontend_src_slices_messagingSlice.ts_chunks.txt: RetryError[<Future at 0x2ede8e950 state=finished raised RateLimitError>]
2024-09-17 23:30:38,017 - code_review.logger - INFO - Error processing file code_review/cloned_repos/yantra-frontend/chunk_data/.._code_review_cloned_repos_yantra-frontend_src_slices_messagingSlice.ts_chunks.txt: RetryError[<Future at 0x2ede8e950 state=finished raised RateLimitError>]
2024-09-17 23:30:39,960 - code_review.logger - INFO - Error processing file code_review/cloned_repos/yantra-frontend/chunk_data/.._code_review_cloned_repos_yantra-frontend_README.md_chunks.txt: RetryError[<Future at 0x2eded6c90 state=finished raised RateLimitError>]
2024-09-17 23:30:39,960 - code_review.logger - INFO - Error processing file code_review/cloned_repos/yantra-frontend/chunk_data/.._code_review_cloned_repos_yantra-frontend_README.md_chunks.txt: RetryError[<Future at 0x2eded6c90 state=finished raised RateLimitError>]
2024-09-17 23:30:39,960 - code_review.logger - INFO - Error processing file code_review/cloned_repos/yantra-frontend/chunk_data/.._code_review_cloned_repos_yantra-frontend_README.md_chunks.txt: RetryError[<Future at 0x2eded6c90 state=finished raised RateLimitError>]
2024-09-17 23:30:41,894 - code_review.logger - INFO - Error processing file code_review/cloned_repos/yantra-frontend/chunk_data/.._code_review_cloned_repos_yantra-frontend_src_config_errors.ts_chunks.txt: RetryError[<Future at 0x2edef73d0 state=finished raised RateLimitError>]
2024-09-17 23:30:41,894 - code_review.logger - INFO - Error processing file code_review/cloned_repos/yantra-frontend/chunk_data/.._code_review_cloned_repos_yantra-frontend_src_config_errors.ts_chunks.txt: RetryError[<Future at 0x2edef73d0 state=finished raised RateLimitError>]
2024-09-17 23:30:41,894 - code_review.logger - INFO - Error processing file code_review/cloned_repos/yantra-frontend/chunk_data/.._code_review_cloned_repos_yantra-frontend_src_config_errors.ts_chunks.txt: RetryError[<Future at 0x2edef73d0 state=finished raised RateLimitError>]
2024-09-17 23:30:42,323 - code_review.logger - INFO - Error processing file code_review/cloned_repos/yantra-frontend/chunk_data/.._code_review_cloned_repos_yantra-frontend_package-lock.json_chunks.txt: RetryError[<Future at 0x2edef7d10 state=finished raised RateLimitError>]
2024-09-17 23:30:42,323 - code_review.logger - INFO - Error processing file code_review/cloned_repos/yantra-frontend/chunk_data/.._code_review_cloned_repos_yantra-frontend_package-lock.json_chunks.txt: RetryError[<Future at 0x2edef7d10 state=finished raised RateLimitError>]
2024-09-17 23:30:42,323 - code_review.logger - INFO - Error processing file code_review/cloned_repos/yantra-frontend/chunk_data/.._code_review_cloned_repos_yantra-frontend_package-lock.json_chunks.txt: RetryError[<Future at 0x2edef7d10 state=finished raised RateLimitError>]
2024-09-17 23:30:44,485 - code_review.logger - INFO - Error processing file code_review/cloned_repos/yantra-frontend/chunk_data/.._code_review_cloned_repos_yantra-frontend_src_styles_Home.module.css_chunks.txt: RetryError[<Future at 0x2ee91e6d0 state=finished raised RateLimitError>]
2024-09-17 23:30:44,485 - code_review.logger - INFO - Error processing file code_review/cloned_repos/yantra-frontend/chunk_data/.._code_review_cloned_repos_yantra-frontend_src_styles_Home.module.css_chunks.txt: RetryError[<Future at 0x2ee91e6d0 state=finished raised RateLimitError>]
2024-09-17 23:30:44,485 - code_review.logger - INFO - Error processing file code_review/cloned_repos/yantra-frontend/chunk_data/.._code_review_cloned_repos_yantra-frontend_src_styles_Home.module.css_chunks.txt: RetryError[<Future at 0x2ee91e6d0 state=finished raised RateLimitError>]
2024-09-17 23:32:05,402 - code_review.logger - INFO - Error processing file code_review/cloned_repos/lyrikplasm_backend/chunk_data/.._code_review_cloned_repos_lyrikplasm_backend_controllers_songController.js_chunks.txt: RetryError[<Future at 0x2ee96b7d0 state=finished raised BadRequestError>]
2024-09-17 23:32:05,402 - code_review.logger - INFO - Error processing file code_review/cloned_repos/lyrikplasm_backend/chunk_data/.._code_review_cloned_repos_lyrikplasm_backend_controllers_songController.js_chunks.txt: RetryError[<Future at 0x2ee96b7d0 state=finished raised BadRequestError>]
2024-09-17 23:32:05,402 - code_review.logger - INFO - Error processing file code_review/cloned_repos/lyrikplasm_backend/chunk_data/.._code_review_cloned_repos_lyrikplasm_backend_controllers_songController.js_chunks.txt: RetryError[<Future at 0x2ee96b7d0 state=finished raised BadRequestError>]
2024-09-17 23:32:06,015 - code_review.logger - INFO - Error processing file code_review/cloned_repos/yantra-frontend/chunk_data/.._code_review_cloned_repos_yantra-frontend_src_config_ws.ts_chunks.txt: RetryError[<Future at 0x2ee9a1890 state=finished raised RateLimitError>]
2024-09-17 23:32:06,015 - code_review.logger - INFO - Error processing file code_review/cloned_repos/yantra-frontend/chunk_data/.._code_review_cloned_repos_yantra-frontend_src_config_ws.ts_chunks.txt: RetryError[<Future at 0x2ee9a1890 state=finished raised RateLimitError>]
2024-09-17 23:32:06,015 - code_review.logger - INFO - Error processing file code_review/cloned_repos/yantra-frontend/chunk_data/.._code_review_cloned_repos_yantra-frontend_src_config_ws.ts_chunks.txt: RetryError[<Future at 0x2ee9a1890 state=finished raised RateLimitError>]
2024-09-17 23:32:12,848 - code_review.logger - INFO - Error processing file code_review/cloned_repos/yantra-frontend/chunk_data/.._code_review_cloned_repos_yantra-frontend_src_types_index.ts_chunks.txt: RetryError[<Future at 0x2ee90c990 state=finished raised BadRequestError>]
2024-09-17 23:32:12,848 - code_review.logger - INFO - Error processing file code_review/cloned_repos/yantra-frontend/chunk_data/.._code_review_cloned_repos_yantra-frontend_src_types_index.ts_chunks.txt: RetryError[<Future at 0x2ee90c990 state=finished raised BadRequestError>]
2024-09-17 23:32:12,848 - code_review.logger - INFO - Error processing file code_review/cloned_repos/yantra-frontend/chunk_data/.._code_review_cloned_repos_yantra-frontend_src_types_index.ts_chunks.txt: RetryError[<Future at 0x2ee90c990 state=finished raised BadRequestError>]
2024-09-17 23:33:15,902 - code_review.logger - INFO - Error processing file code_review/cloned_repos/yantra-frontend/chunk_data/.._code_review_cloned_repos_yantra-frontend_src_utils_generate_profile_picture.ts_chunks.txt: RetryError[<Future at 0x2ee9c4b10 state=finished raised BadRequestError>]
2024-09-17 23:33:15,902 - code_review.logger - INFO - Error processing file code_review/cloned_repos/yantra-frontend/chunk_data/.._code_review_cloned_repos_yantra-frontend_src_utils_generate_profile_picture.ts_chunks.txt: RetryError[<Future at 0x2ee9c4b10 state=finished raised BadRequestError>]
2024-09-17 23:33:15,902 - code_review.logger - INFO - Error processing file code_review/cloned_repos/yantra-frontend/chunk_data/.._code_review_cloned_repos_yantra-frontend_src_utils_generate_profile_picture.ts_chunks.txt: RetryError[<Future at 0x2ee9c4b10 state=finished raised BadRequestError>]
2024-09-18 11:01:00,016 - code_review.logger - INFO - Cloning repository to: code_review/cloned_repos/test-repo
2024-09-18 11:01:00,016 - code_review.logger - INFO - Cloning repository to: code_review/cloned_repos/test-repo
2024-09-18 11:01:00,016 - code_review.logger - INFO - Cloning repository to: code_review/cloned_repos/test-repo
2024-09-18 11:01:00,943 - code_review.logger - INFO - Skipping file with unknown language: code_review/cloned_repos/test-repo/chunk_data/.._code_review_cloned_repos_test-repo_readme.md_chunks.txt
2024-09-18 11:01:00,943 - code_review.logger - INFO - Skipping file with unknown language: code_review/cloned_repos/test-repo/chunk_data/.._code_review_cloned_repos_test-repo_readme.md_chunks.txt
2024-09-18 11:01:00,943 - code_review.logger - INFO - Skipping file with unknown language: code_review/cloned_repos/test-repo/chunk_data/.._code_review_cloned_repos_test-repo_readme.md_chunks.txt
